,route_id,status,cloudiness,precipitation,precipitation_deposits,wind_intensity,sun_azimuth_angle,sun_altitude_angle,fog_density,fog_distance,fog_falloff,wetness,collisions_layout,collisions_pedestrian,collisions_vehicle,outside_route_lanes,red_light,route_dev,route_timeout,stop_infraction,vehicle_blocked,duration_game,duration_system,route_length,score_composed,score_penalty,score_route
0,RouteScenario_0,Failed - Agent timed out,80.0,60.0,100.0,1.0,0.0,15.0,0.0,0.0,0.0,0.0,0,0,0,0,0,0,1,0,0,431.05000642314553,1127.9316194057465,141.42135084251302,64.35513734736091,1.0,64.35513734736091
1,RouteScenario_1,Failed,80.0,60.0,100.0,1.0,0.0,15.0,0.0,0.0,0.0,0.0,0,0,1,0,0,0,0,0,0,114.00000169873238,277.3844609260559,141.42135657448432,40.93791325151299,0.6,68.22985541918831
2,RouteScenario_2,Failed,80.0,60.0,100.0,1.0,0.0,15.0,0.0,0.0,0.0,0.0,0,0,1,0,0,0,0,0,0,114.00000169873238,279.64092755317694,141.42135657448432,40.93791325151299,0.6,68.22985541918831
3,RouteScenario_3,Completed,80.0,60.0,100.0,1.0,0.0,15.0,0.0,0.0,0.0,0.0,0,0,0,0,0,0,0,0,0,224.40000334382057,568.5886120796204,141.42135084251302,100.0,1.0,100.0
4,RouteScenario_4,Completed,80.0,60.0,100.0,1.0,0.0,15.0,0.0,0.0,0.0,0.0,0,0,0,0,0,0,0,0,0,93.45000139251353,229.5934567451477,141.42135623730948,100.0,1.0,100.0
5,RouteScenario_5,Failed - Agent timed out,80.0,60.0,100.0,1.0,0.0,15.0,0.0,0.0,0.0,0.0,0,0,0,0,0,0,1,0,0,892.0500132925807,2197.9914014339447,141.42135623730948,63.91794484546558,1.0,63.91794484546558
6,RouteScenario_6,Completed,80.0,60.0,100.0,1.0,0.0,15.0,0.0,0.0,0.0,0.0,0,0,0,0,0,0,0,0,0,92.60000137984751,227.47845244407654,141.42135623730948,100.0,1.0,100.0
7,RouteScenario_7,Completed,80.0,60.0,100.0,1.0,0.0,15.0,0.0,0.0,0.0,0.0,0,0,0,0,0,0,0,0,0,259.95000387355685,644.0602743625641,141.42135623730948,100.0,1.0,100.0
8,RouteScenario_8,Completed,80.0,60.0,100.0,1.0,0.0,15.0,0.0,0.0,0.0,0.0,0,0,0,0,0,0,0,0,0,257.3000038340688,636.4108598232268,141.42135623730948,100.0,1.0,100.0
9,RouteScenario_9,Completed,80.0,60.0,100.0,1.0,0.0,15.0,0.0,0.0,0.0,0.0,0,0,0,0,0,0,0,0,0,111.30000165849924,283.785498380661,141.42136163210625,100.0,1.0,100.0
10,RouteScenario_10,Failed - Agent got blocked,80.0,60.0,100.0,1.0,0.0,15.0,0.0,0.0,0.0,0.0,0,0,0,0,0,0,0,0,1,570.8500085063279,1541.986578464508,141.42135623730948,37.27439711794236,1.0,37.27439711794236
11,RouteScenario_11,Completed,80.0,60.0,100.0,1.0,0.0,15.0,0.0,0.0,0.0,0.0,0,0,0,0,0,0,0,0,0,181.10000269860032,470.0839014053345,141.42135353991122,100.0,1.0,100.0
12,RouteScenario_12,Completed,80.0,60.0,100.0,1.0,0.0,15.0,0.0,0.0,0.0,0.0,0,0,0,0,0,0,0,0,0,367.9000054821372,908.4194061756134,141.4213575860087,100.0,1.0,100.0
13,RouteScenario_13,Failed - Agent timed out,80.0,60.0,100.0,1.0,0.0,15.0,0.0,0.0,0.0,0.0,0,0,0,0,0,0,1,0,0,618.0500092096628,1590.41974568367,141.42135488861038,59.44654046888679,1.0,59.44654046888679
14,RouteScenario_14,Failed - Agent got blocked,80.0,60.0,100.0,1.0,0.0,15.0,0.0,0.0,0.0,0.0,0,0,0,0,0,0,0,0,1,209.9500031284988,566.7036333084106,141.42135488861038,8.66982727368668,1.0,8.66982727368668
15,RouteScenario_15,Completed,80.0,60.0,100.0,1.0,0.0,15.0,0.0,0.0,0.0,0.0,0,0,0,0,0,0,0,0,0,137.20000204443932,362.2079906463623,141.42135623730948,100.0,1.0,100.0
16,RouteScenario_16,Completed,80.0,60.0,100.0,1.0,0.0,15.0,0.0,0.0,0.0,0.0,0,0,0,0,0,0,0,0,0,245.55000365898013,610.6718714237212,141.42135623730948,100.0,1.0,100.0
17,RouteScenario_17,Completed,80.0,60.0,100.0,1.0,0.0,15.0,0.0,0.0,0.0,0.0,0,0,0,0,0,0,0,0,0,186.8000027835369,487.13827228546137,141.42135623730948,100.0,1.0,100.0
18,RouteScenario_18,Failed,80.0,60.0,100.0,1.0,0.0,15.0,0.0,0.0,0.0,0.0,0,0,1,0,0,0,0,0,0,172.1500025652349,451.47200083732605,141.42135590013473,45.268936697433865,0.6,75.44822782905644
19,RouteScenario_19,Failed - Agent got blocked,80.0,60.0,100.0,1.0,0.0,15.0,0.0,0.0,0.0,0.0,0,0,0,0,0,0,0,0,1,336.5500050149858,888.9713113307953,141.4213575860087,41.74266520450786,1.0,41.74266520450786
20,RouteScenario_20,Completed,80.0,60.0,100.0,1.0,0.0,15.0,0.0,0.0,0.0,0.0,0,0,0,0,0,0,0,0,0,208.60000310838225,543.9542584419249,141.4213575860087,100.0,1.0,100.0
21,RouteScenario_21,Completed,80.0,60.0,100.0,1.0,0.0,15.0,0.0,0.0,0.0,0.0,0,0,0,0,0,0,0,0,0,266.75000397488475,670.4794137477875,141.42135488861038,100.0,1.0,100.0
22,RouteScenario_22,Failed - Agent timed out,80.0,60.0,100.0,1.0,0.0,15.0,0.0,0.0,0.0,0.0,0,0,0,0,0,0,1,0,0,779.0500116087497,2076.0407512187962,141.4213575860087,61.02317572653814,1.0,61.02317572653814
0,RouteScenario_0,Completed,20.0,0.0,50.0,0.3499999940395355,0.0,15.0,0.0,0.0,0.0,0.0,0,0,0,0,0,0,0,0,0,323.800004824996,819.1004130840303,141.42135084251302,100.0,1.0,100.0
1,RouteScenario_1,Failed - Agent timed out,20.0,0.0,50.0,0.3499999940395355,0.0,15.0,0.0,0.0,0.0,0.0,0,0,0,0,0,0,1,0,0,319.05000475421554,833.3915085792543,141.42135657448432,68.22985541918831,1.0,68.22985541918831
2,RouteScenario_2,Failed - Agent got blocked,20.0,0.0,50.0,0.3499999940395355,0.0,15.0,0.0,0.0,0.0,0.0,0,0,0,0,0,0,0,0,1,249.750003721565,640.1408371925354,141.42135657448432,68.22985541918831,1.0,68.22985541918831
3,RouteScenario_3,Completed,20.0,0.0,50.0,0.3499999940395355,0.0,15.0,0.0,0.0,0.0,0.0,0,0,0,0,0,0,0,0,0,186.50000277906653,466.73890352249146,141.42135084251302,100.0,1.0,100.0
4,RouteScenario_4,Completed,20.0,0.0,50.0,0.3499999940395355,0.0,15.0,0.0,0.0,0.0,0.0,0,0,0,0,0,0,0,0,0,96.60000143945216,236.5183720588684,141.42135623730948,100.0,1.0,100.0
5,RouteScenario_5,Failed,20.0,0.0,50.0,0.3499999940395355,0.0,15.0,0.0,0.0,0.0,0.0,0,0,1,0,0,0,0,0,0,95.45000142231585,241.3858892917633,141.42135623730948,12.531278615133138,0.6,20.885464358555232
6,RouteScenario_6,Completed,20.0,0.0,50.0,0.3499999940395355,0.0,15.0,0.0,0.0,0.0,0.0,0,0,0,0,0,0,0,0,0,96.60000143945216,235.9879994392395,141.42135623730948,100.0,1.0,100.0
7,RouteScenario_7,Completed,20.0,0.0,50.0,0.3499999940395355,0.0,15.0,0.0,0.0,0.0,0.0,0,0,0,0,0,0,0,0,0,247.05000368133187,604.2170572280884,141.42135623730948,100.0,1.0,100.0
8,RouteScenario_8,Completed,20.0,0.0,50.0,0.3499999940395355,0.0,15.0,0.0,0.0,0.0,0.0,0,0,0,0,0,0,0,0,0,247.05000368133187,607.7546987533568,141.42135623730948,100.0,1.0,100.0
9,RouteScenario_9,Completed,20.0,0.0,50.0,0.3499999940395355,0.0,15.0,0.0,0.0,0.0,0.0,0,0,0,0,0,0,0,0,0,157.65000234916806,394.4276692867279,141.42136163210625,100.0,1.0,100.0
10,RouteScenario_10,Completed,20.0,0.0,50.0,0.3499999940395355,0.0,15.0,0.0,0.0,0.0,0.0,0,0,0,0,0,0,0,0,0,537.8500080145894,1359.144594669342,141.42135623730948,100.0,1.0,100.0
11,RouteScenario_11,Completed,20.0,0.0,50.0,0.3499999940395355,0.0,15.0,0.0,0.0,0.0,0.0,0,0,0,0,0,0,0,0,0,179.75000267848372,460.8974342346192,141.42135353991122,100.0,1.0,100.0
12,RouteScenario_12,Completed,20.0,0.0,50.0,0.3499999940395355,0.0,15.0,0.0,0.0,0.0,0.0,0,0,0,0,0,0,0,0,0,329.05000490322715,811.270690202713,141.4213575860087,100.0,1.0,100.0
13,RouteScenario_13,Completed,20.0,0.0,50.0,0.3499999940395355,0.0,15.0,0.0,0.0,0.0,0.0,0,0,0,0,0,0,0,0,0,455.80000679194933,1138.4942183494568,141.42135488861038,100.0,1.0,100.0
14,RouteScenario_14,Failed - Agent timed out,20.0,0.0,50.0,0.3499999940395355,0.0,15.0,0.0,0.0,0.0,0.0,0,0,0,0,0,0,1,0,0,602.0500089712441,1452.048529624939,141.42135488861038,94.0382601435667,1.0,94.0382601435667
15,RouteScenario_15,Completed,20.0,0.0,50.0,0.3499999940395355,0.0,15.0,0.0,0.0,0.0,0.0,0,0,0,0,0,0,0,0,0,137.15000204369426,352.0830466747284,141.42135623730948,100.0,1.0,100.0
16,RouteScenario_16,Completed,20.0,0.0,50.0,0.3499999940395355,0.0,15.0,0.0,0.0,0.0,0.0,0,0,0,0,0,0,0,0,0,239.8500035740435,588.1982910633087,141.42135623730948,100.0,1.0,100.0
17,RouteScenario_17,Completed,20.0,0.0,50.0,0.3499999940395355,0.0,15.0,0.0,0.0,0.0,0.0,0,0,0,0,0,0,0,0,0,188.1000028029084,487.34185791015625,141.42135623730948,100.0,1.0,100.0
18,RouteScenario_18,Completed,20.0,0.0,50.0,0.3499999940395355,0.0,15.0,0.0,0.0,0.0,0.0,0,0,0,0,0,0,0,0,0,299.90000446885824,754.9674634933473,141.42135590013473,100.0,1.0,100.0
19,RouteScenario_19,Failed,20.0,0.0,50.0,0.3499999940395355,0.0,15.0,0.0,0.0,0.0,0.0,1,0,0,0,0,0,0,0,0,102.95000153407456,250.7355761528015,141.4213575860087,28.39442516538597,0.65,43.683731023670724
20,RouteScenario_20,Completed,20.0,0.0,50.0,0.3499999940395355,0.0,15.0,0.0,0.0,0.0,0.0,0,0,0,0,0,0,0,0,0,254.10000378638503,637.2123162746431,141.4213575860087,100.0,1.0,100.0
21,RouteScenario_21,Failed,20.0,0.0,50.0,0.3499999940395355,0.0,15.0,0.0,0.0,0.0,0.0,0,0,1,0,0,0,0,0,0,159.95000238344073,394.343245267868,141.42135488861038,39.86599210786285,0.6,66.44332017977139
22,RouteScenario_22,Completed,20.0,0.0,50.0,0.3499999940395355,0.0,15.0,0.0,0.0,0.0,0.0,0,0,0,0,0,0,0,0,0,343.75000512227416,856.4270586967468,141.4213575860087,100.0,1.0,100.0
0,RouteScenario_0,Completed,70.0,15.0,50.0,0.3499999940395355,0.0,75.0,0.0,0.0,0.0,0.0,0,0,0,0,0,0,0,0,0,271.50000404566526,671.4721295833588,141.42135084251302,100.0,1.0,100.0
1,RouteScenario_1,Completed,70.0,15.0,50.0,0.3499999940395355,0.0,75.0,0.0,0.0,0.0,0.0,0,0,0,0,0,0,0,0,0,233.1500034742057,588.7827317714691,141.42135657448432,100.0,1.0,100.0
2,RouteScenario_2,Completed,70.0,15.0,50.0,0.3499999940395355,0.0,75.0,0.0,0.0,0.0,0.0,0,0,0,0,0,0,0,0,0,233.1500034742057,588.4789617061615,141.42135657448432,100.0,1.0,100.0
3,RouteScenario_3,Completed,70.0,15.0,50.0,0.3499999940395355,0.0,75.0,0.0,0.0,0.0,0.0,0,0,0,0,0,0,0,0,0,231.25000344589355,559.943975687027,141.42135084251302,100.0,1.0,100.0
4,RouteScenario_4,Completed,70.0,15.0,50.0,0.3499999940395355,0.0,75.0,0.0,0.0,0.0,0.0,0,0,0,0,0,0,0,0,0,136.70000203698874,329.0088813304901,141.42135623730948,100.0,1.0,100.0
5,RouteScenario_5,Failed - Agent timed out,70.0,15.0,50.0,0.3499999940395355,0.0,75.0,0.0,0.0,0.0,0.0,0,0,0,0,0,0,1,0,0,892.0500132925807,2124.0401771068573,141.42135623730948,62.205925697281465,1.0,62.205925697281465
6,RouteScenario_6,Completed,70.0,15.0,50.0,0.3499999940395355,0.0,75.0,0.0,0.0,0.0,0.0,0,0,0,0,0,0,0,0,0,136.70000203698874,331.0737345218658,141.42135623730948,100.0,1.0,100.0
7,RouteScenario_7,Completed,70.0,15.0,50.0,0.3499999940395355,0.0,75.0,0.0,0.0,0.0,0.0,0,0,0,0,0,0,0,0,0,251.90000375360248,602.2574427127837,141.42135623730948,100.0,1.0,100.0
8,RouteScenario_8,Completed,70.0,15.0,50.0,0.3499999940395355,0.0,75.0,0.0,0.0,0.0,0.0,0,0,0,0,0,0,0,0,0,251.90000375360248,603.4155986309053,141.42135623730948,100.0,1.0,100.0
9,RouteScenario_9,Completed,70.0,15.0,50.0,0.3499999940395355,0.0,75.0,0.0,0.0,0.0,0.0,0,0,0,0,0,0,0,0,0,110.80000165104866,270.95257472991943,141.42136163210625,100.0,1.0,100.0
10,RouteScenario_10,Failed - Agent timed out,70.0,15.0,50.0,0.3499999940395355,0.0,75.0,0.0,0.0,0.0,0.0,0,0,0,0,0,0,1,0,0,611.0500091053545,1589.1008989810944,141.42135623730948,37.43588109210575,1.0,37.43588109210575
11,RouteScenario_11,Failed - Agent timed out,70.0,15.0,50.0,0.3499999940395355,0.0,75.0,0.0,0.0,0.0,0.0,0,0,0,0,0,0,1,0,0,234.0500034876168,622.4283275604247,141.42135353991122,43.22172766332228,1.0,43.22172766332228
12,RouteScenario_12,Completed,70.0,15.0,50.0,0.3499999940395355,0.0,75.0,0.0,0.0,0.0,0.0,0,0,0,0,0,0,0,0,0,323.6500048227608,781.5565283298492,141.4213575860087,100.0,1.0,100.0
13,RouteScenario_13,Failed - Agent timed out,70.0,15.0,50.0,0.3499999940395355,0.0,75.0,0.0,0.0,0.0,0.0,0,0,0,0,0,0,1,0,0,618.0500092096628,1470.8542966842651,141.42135488861038,93.54382520510552,1.0,93.54382520510552
14,RouteScenario_14,Failed - Agent got blocked,70.0,15.0,50.0,0.3499999940395355,0.0,75.0,0.0,0.0,0.0,0.0,0,0,0,0,0,0,0,0,1,200.85000299289825,537.213739156723,141.42135488861038,8.835704482937516,1.0,8.835704482937516
15,RouteScenario_15,Failed - Agent timed out,70.0,15.0,50.0,0.3499999940395355,0.0,75.0,0.0,0.0,0.0,0.0,0,0,0,0,0,0,1,0,0,182.05000271275642,474.32880306243896,141.42135623730948,77.627063725869,1.0,77.627063725869
16,RouteScenario_16,Completed,70.0,15.0,50.0,0.3499999940395355,0.0,75.0,0.0,0.0,0.0,0.0,0,0,0,0,0,0,0,0,0,330.15000491961837,777.8842775821686,141.42135623730948,100.0,1.0,100.0
17,RouteScenario_17,Completed,70.0,15.0,50.0,0.3499999940395355,0.0,75.0,0.0,0.0,0.0,0.0,0,0,0,0,0,0,0,0,0,138.70000206679106,348.2832555770874,141.42135623730948,100.0,1.0,100.0
18,RouteScenario_18,Completed,70.0,15.0,50.0,0.3499999940395355,0.0,75.0,0.0,0.0,0.0,0.0,0,0,0,0,0,0,0,0,0,254.70000379532573,629.0487093925476,141.42135590013473,100.0,1.0,100.0
19,RouteScenario_19,Failed - Agent timed out,70.0,15.0,50.0,0.3499999940395355,0.0,75.0,0.0,0.0,0.0,0.0,0,0,0,0,0,0,1,0,0,779.0500116087497,2002.5822372436526,141.4213575860087,46.57415486278668,1.0,46.57415486278668
20,RouteScenario_20,Failed,70.0,15.0,50.0,0.3499999940395355,0.0,75.0,0.0,0.0,0.0,0.0,0,0,1,0,0,0,0,0,0,173.55000258609653,437.24740958213806,141.4213575860087,44.92573425082915,0.6,74.87622375138194
21,RouteScenario_21,Completed,70.0,15.0,50.0,0.3499999940395355,0.0,75.0,0.0,0.0,0.0,0.0,0,0,0,0,0,0,0,0,0,355.2000052928925,870.3948042392731,141.42135488861038,100.0,1.0,100.0
22,RouteScenario_22,Failed - Agent timed out,70.0,15.0,50.0,0.3499999940395355,0.0,75.0,0.0,0.0,0.0,0.0,0,0,0,0,0,0,1,0,0,779.0500116087497,2036.923988342285,141.4213575860087,41.989260033815995,1.0,41.989260033815995
0,RouteScenario_0,Failed - Agent got blocked,80.0,0.0,50.0,0.3499999940395355,0.0,75.0,0.0,0.0,0.0,0.0,0,0,0,0,0,0,0,0,1,274.95000409707427,682.4783847332002,141.42135084251302,64.13114290272637,1.0,64.13114290272637
1,RouteScenario_1,Completed,80.0,0.0,50.0,0.3499999940395355,0.0,75.0,0.0,0.0,0.0,0.0,0,0,0,0,0,0,0,0,0,184.4000027477741,459.23887491226196,141.42135657448432,100.0,1.0,100.0
2,RouteScenario_2,Completed,80.0,0.0,50.0,0.3499999940395355,0.0,75.0,0.0,0.0,0.0,0.0,0,0,0,0,0,0,0,0,0,181.40000270307064,452.1972069740296,141.42135657448432,100.0,1.0,100.0
3,RouteScenario_3,Completed,80.0,0.0,50.0,0.3499999940395355,0.0,75.0,0.0,0.0,0.0,0.0,0,0,0,0,0,0,0,0,0,184.50000274926427,440.6204233169556,141.42135084251302,100.0,1.0,100.0
4,RouteScenario_4,Completed,80.0,0.0,50.0,0.3499999940395355,0.0,75.0,0.0,0.0,0.0,0.0,0,0,0,0,0,0,0,0,0,90.85000135377051,215.46372032165527,141.42135623730948,100.0,1.0,100.0
5,RouteScenario_5,Failed - Agent timed out,80.0,0.0,50.0,0.3499999940395355,0.0,75.0,0.0,0.0,0.0,0.0,0,0,0,0,0,0,1,0,0,892.0500132925807,2082.272466659546,141.42135623730948,63.91794484546558,1.0,63.91794484546558
6,RouteScenario_6,Completed,80.0,0.0,50.0,0.3499999940395355,0.0,75.0,0.0,0.0,0.0,0.0,0,0,0,0,0,0,0,0,0,90.85000135377051,214.59615564346316,141.42135623730948,100.0,1.0,100.0
7,RouteScenario_7,Completed,80.0,0.0,50.0,0.3499999940395355,0.0,75.0,0.0,0.0,0.0,0.0,0,0,0,0,0,0,0,0,0,200.85000299289825,470.04939222335815,141.42135623730948,100.0,1.0,100.0
8,RouteScenario_8,Completed,80.0,0.0,50.0,0.3499999940395355,0.0,75.0,0.0,0.0,0.0,0.0,0,0,0,0,0,0,0,0,0,198.20000295341012,463.8877246379852,141.42135623730948,100.0,1.0,100.0
9,RouteScenario_9,Completed,80.0,0.0,50.0,0.3499999940395355,0.0,75.0,0.0,0.0,0.0,0.0,0,0,0,0,0,0,0,0,0,197.200002938509,473.60795378685,141.42136163210625,100.0,1.0,100.0
10,RouteScenario_10,Failed - Agent timed out,80.0,0.0,50.0,0.3499999940395355,0.0,75.0,0.0,0.0,0.0,0.0,0,0,0,0,0,0,1,0,0,611.0500091053545,1422.8520271778107,141.42135623730948,29.973036045218386,1.0,29.973036045218386
11,RouteScenario_11,Completed,80.0,0.0,50.0,0.3499999940395355,0.0,75.0,0.0,0.0,0.0,0.0,0,0,0,0,0,0,0,0,0,140.4500020928681,345.799521446228,141.42135353991122,100.0,1.0,100.0
12,RouteScenario_12,Failed,80.0,0.0,50.0,0.3499999940395355,0.0,75.0,0.0,0.0,0.0,0.0,0,0,1,0,0,0,0,0,0,77.05000114813447,183.9356038570404,141.4213575860087,9.633828921675322,0.6,16.05638153612554
13,RouteScenario_13,Failed,80.0,0.0,50.0,0.3499999940395355,0.0,75.0,0.0,0.0,0.0,0.0,0,0,1,0,0,0,0,0,0,271.05000403895974,667.6907348632812,141.42135488861038,35.57378132953654,0.6,59.28963554922756
14,RouteScenario_14,Failed - Agent timed out,80.0,0.0,50.0,0.3499999940395355,0.0,75.0,0.0,0.0,0.0,0.0,0,0,0,0,0,0,1,0,0,602.0500089712441,1389.6482663154602,141.42135488861038,97.51761483235866,1.0,97.51761483235866
15,RouteScenario_15,Completed,80.0,0.0,50.0,0.3499999940395355,0.0,75.0,0.0,0.0,0.0,0.0,0,0,0,0,0,0,0,0,0,137.25000204518437,342.9906849861145,141.42135623730948,100.0,1.0,100.0
16,RouteScenario_16,Completed,80.0,0.0,50.0,0.3499999940395355,0.0,75.0,0.0,0.0,0.0,0.0,0,0,0,0,0,0,0,0,0,200.650002989918,481.7364556789398,141.42135623730948,100.0,1.0,100.0
17,RouteScenario_17,Completed,80.0,0.0,50.0,0.3499999940395355,0.0,75.0,0.0,0.0,0.0,0.0,0,0,0,0,0,0,0,0,0,180.75000269338486,455.76656579971313,141.42135623730948,100.0,1.0,100.0
18,RouteScenario_18,Completed,80.0,0.0,50.0,0.3499999940395355,0.0,75.0,0.0,0.0,0.0,0.0,0,0,0,0,0,0,0,0,0,254.50000379234555,623.6911854743958,141.42135590013473,100.0,1.0,100.0
19,RouteScenario_19,Completed,80.0,0.0,50.0,0.3499999940395355,0.0,75.0,0.0,0.0,0.0,0.0,0,0,0,0,0,0,0,0,0,387.60000577569014,933.6246094703674,141.4213575860087,100.0,1.0,100.0
20,RouteScenario_20,Completed,80.0,0.0,50.0,0.3499999940395355,0.0,75.0,0.0,0.0,0.0,0.0,0,0,0,0,0,0,0,0,0,302.4000045061112,737.480833530426,141.4213575860087,100.0,1.0,100.0
21,RouteScenario_21,Completed,80.0,0.0,50.0,0.3499999940395355,0.0,75.0,0.0,0.0,0.0,0.0,0,0,0,0,0,0,0,0,0,310.4500046260655,750.5564603805542,141.42135488861038,100.0,1.0,100.0
22,RouteScenario_22,Completed,80.0,0.0,50.0,0.3499999940395355,0.0,75.0,0.0,0.0,0.0,0.0,0,0,0,0,0,0,0,0,0,385.0500057376921,930.7962954044342,141.4213575860087,100.0,1.0,100.0
0,RouteScenario_0,Completed,90.0,60.0,100.0,1.0,0.0,75.0,0.0,0.0,0.0,0.0,0,0,0,0,0,0,0,0,0,188.45000280812386,460.1112978458405,141.42135084251302,100.0,1.0,100.0
1,RouteScenario_1,Completed,90.0,60.0,100.0,1.0,0.0,75.0,0.0,0.0,0.0,0.0,0,0,0,0,0,0,0,0,0,136.10000202804804,329.1032705307007,141.42135657448432,100.0,1.0,100.0
2,RouteScenario_2,Completed,90.0,60.0,100.0,1.0,0.0,75.0,0.0,0.0,0.0,0.0,0,0,0,0,0,0,0,0,0,136.1500020287931,329.52207493782043,141.42135657448432,100.0,1.0,100.0
3,RouteScenario_3,Completed,90.0,60.0,100.0,1.0,0.0,75.0,0.0,0.0,0.0,0.0,0,0,0,0,0,0,0,0,0,224.35000334307549,540.4630753993988,141.42135084251302,100.0,1.0,100.0
4,RouteScenario_4,Completed,90.0,60.0,100.0,1.0,0.0,75.0,0.0,0.0,0.0,0.0,0,0,0,0,0,0,0,0,0,136.90000203996894,337.3389942646026,141.42135623730948,100.0,1.0,100.0
5,RouteScenario_5,Failed - Agent timed out,90.0,60.0,100.0,1.0,0.0,75.0,0.0,0.0,0.0,0.0,0,0,0,0,0,0,1,0,0,892.0500132925807,2130.539148569107,141.42135623730948,61.03454417483971,1.0,61.03454417483971
6,RouteScenario_6,Completed,90.0,60.0,100.0,1.0,0.0,75.0,0.0,0.0,0.0,0.0,0,0,0,0,0,0,0,0,0,136.90000203996894,338.9298939704895,141.42135623730948,100.0,1.0,100.0
7,RouteScenario_7,Completed,90.0,60.0,100.0,1.0,0.0,75.0,0.0,0.0,0.0,0.0,0,0,0,0,0,0,0,0,0,167.90000250190496,395.99225807189936,141.42135623730948,100.0,1.0,100.0
8,RouteScenario_8,Completed,90.0,60.0,100.0,1.0,0.0,75.0,0.0,0.0,0.0,0.0,0,0,0,0,0,0,0,0,0,167.90000250190496,396.10079193115234,141.42135623730948,100.0,1.0,100.0
9,RouteScenario_9,Completed,90.0,60.0,100.0,1.0,0.0,75.0,0.0,0.0,0.0,0.0,0,0,0,0,0,0,0,0,0,158.35000235959888,383.3120939731598,141.42136163210625,100.0,1.0,100.0
10,RouteScenario_10,Failed - Agent timed out,90.0,60.0,100.0,1.0,0.0,75.0,0.0,0.0,0.0,0.0,0,0,0,0,0,0,1,0,0,611.0500091053545,1526.3745102882385,141.42135623730948,37.27439711794236,1.0,37.27439711794236
11,RouteScenario_11,Completed,90.0,60.0,100.0,1.0,0.0,75.0,0.0,0.0,0.0,0.0,0,0,0,0,0,0,0,0,0,187.60000279545784,466.769458770752,141.42135353991122,100.0,1.0,100.0
12,RouteScenario_12,Completed,90.0,60.0,100.0,1.0,0.0,75.0,0.0,0.0,0.0,0.0,0,0,0,0,0,0,0,0,0,299.8500044681132,723.8912560939789,141.4213575860087,100.0,1.0,100.0
13,RouteScenario_13,Failed - Agent timed out,90.0,60.0,100.0,1.0,0.0,75.0,0.0,0.0,0.0,0.0,0,0,0,0,0,0,1,0,0,618.0500092096628,1461.3176560401917,141.42135488861038,97.84359890671602,1.0,97.84359890671602
14,RouteScenario_14,Failed - Agent timed out,90.0,60.0,100.0,1.0,0.0,75.0,0.0,0.0,0.0,0.0,0,0,0,0,0,0,1,0,0,602.0500089712441,1408.0286722183228,141.42135488861038,93.50297480682949,1.0,93.50297480682949
15,RouteScenario_15,Completed,90.0,60.0,100.0,1.0,0.0,75.0,0.0,0.0,0.0,0.0,0,0,0,0,0,0,0,0,0,139.9500020854175,356.81687235832214,141.42135623730948,100.0,1.0,100.0
16,RouteScenario_16,Completed,90.0,60.0,100.0,1.0,0.0,75.0,0.0,0.0,0.0,0.0,0,0,0,0,0,0,0,0,0,240.05000357702374,570.7753295898438,141.42135623730948,100.0,1.0,100.0
17,RouteScenario_17,Failed - Agent timed out,90.0,60.0,100.0,1.0,0.0,75.0,0.0,0.0,0.0,0.0,0,0,0,0,0,0,1,0,0,294.05000438168645,740.9119141101837,141.42135623730948,80.88247044139288,1.0,80.88247044139288
18,RouteScenario_18,Completed,90.0,60.0,100.0,1.0,0.0,75.0,0.0,0.0,0.0,0.0,0,0,0,0,0,0,0,0,0,262.9500039182604,640.5722086429596,141.42135590013473,100.0,1.0,100.0
19,RouteScenario_19,Failed - Agent got blocked,90.0,60.0,100.0,1.0,0.0,75.0,0.0,0.0,0.0,0.0,0,0,0,0,0,0,0,0,1,374.35000557824964,955.3018548488617,141.4213575860087,41.86596293911549,1.0,41.86596293911549
20,RouteScenario_20,Completed,90.0,60.0,100.0,1.0,0.0,75.0,0.0,0.0,0.0,0.0,0,0,0,0,0,0,0,0,0,260.80000388622284,650.7795667648314,141.4213575860087,100.0,1.0,100.0
21,RouteScenario_21,Completed,90.0,60.0,100.0,1.0,0.0,75.0,0.0,0.0,0.0,0.0,0,0,0,0,0,0,0,0,0,285.10000424832106,682.4190809726715,141.42135488861038,100.0,1.0,100.0
22,RouteScenario_22,Completed,90.0,60.0,100.0,1.0,0.0,75.0,0.0,0.0,0.0,0.0,0,0,0,0,0,0,0,0,0,566.9500084482132,1369.0466229915621,141.4213575860087,100.0,1.0,100.0
0,RouteScenario_0,Failed - Agent timed out,15.0,0.0,0.0,0.3499999940395355,0.0,75.0,0.0,0.0,0.0,0.0,0,0,0,0,0,0,1,0,0,431.05000642314553,1074.1508276462557,141.42135084251302,64.57913062947902,1.0,64.57913062947902
1,RouteScenario_1,Completed,15.0,0.0,0.0,0.3499999940395355,0.0,75.0,0.0,0.0,0.0,0.0,0,0,0,0,0,0,0,0,0,225.95000336691737,542.4027616977692,141.42135657448432,100.0,1.0,100.0
2,RouteScenario_2,Completed,15.0,0.0,0.0,0.3499999940395355,0.0,75.0,0.0,0.0,0.0,0.0,0,0,0,0,0,0,0,0,0,136.40000203251842,326.40912675857544,141.42135657448432,100.0,1.0,100.0
3,RouteScenario_3,Completed,15.0,0.0,0.0,0.3499999940395355,0.0,75.0,0.0,0.0,0.0,0.0,0,0,0,0,0,0,0,0,0,179.95000268146396,428.34515500068665,141.42135084251302,100.0,1.0,100.0
4,RouteScenario_4,Completed,15.0,0.0,0.0,0.3499999940395355,0.0,75.0,0.0,0.0,0.0,0.0,0,0,0,0,0,0,0,0,0,181.95000271126628,434.97238731384283,141.42135623730948,100.0,1.0,100.0
5,RouteScenario_5,Failed - Agent timed out,15.0,0.0,0.0,0.3499999940395355,0.0,75.0,0.0,0.0,0.0,0.0,0,0,0,0,0,0,1,0,0,892.0500132925807,2027.1648499965668,141.42135623730948,65.26953890982143,1.0,65.26953890982143
6,RouteScenario_6,Completed,15.0,0.0,0.0,0.3499999940395355,0.0,75.0,0.0,0.0,0.0,0.0,0,0,0,0,0,0,0,0,0,181.95000271126628,439.8997595310211,141.42135623730948,100.0,1.0,100.0
7,RouteScenario_7,Completed,15.0,0.0,0.0,0.3499999940395355,0.0,75.0,0.0,0.0,0.0,0.0,0,0,0,0,0,0,0,0,0,250.30000372976062,595.1870346069336,141.42135623730948,100.0,1.0,100.0
8,RouteScenario_8,Completed,15.0,0.0,0.0,0.3499999940395355,0.0,75.0,0.0,0.0,0.0,0.0,0,0,0,0,0,0,0,0,0,250.30000372976062,598.004123210907,141.42135623730948,100.0,1.0,100.0
9,RouteScenario_9,Completed,15.0,0.0,0.0,0.3499999940395355,0.0,75.0,0.0,0.0,0.0,0.0,0,0,0,0,0,0,0,0,0,197.1000029370189,481.649980545044,141.42136163210625,100.0,1.0,100.0
10,RouteScenario_10,Failed - Agent got blocked,15.0,0.0,0.0,0.3499999940395355,0.0,75.0,0.0,0.0,0.0,0.0,0,0,0,0,0,0,0,0,1,256.650003824383,628.3123731613158,141.42135623730948,29.802769026763364,1.0,29.802769026763364
11,RouteScenario_11,Failed - Agent timed out,15.0,0.0,0.0,0.3499999940395355,0.0,75.0,0.0,0.0,0.0,0.0,0,0,0,0,0,0,1,0,0,234.0500034876168,620.1742577552794,141.42135353991122,34.175088694233715,1.0,34.175088694233715
12,RouteScenario_12,Completed,15.0,0.0,0.0,0.3499999940395355,0.0,75.0,0.0,0.0,0.0,0.0,0,0,0,0,0,0,0,0,0,372.6000055521728,892.8396923542023,141.4213575860087,100.0,1.0,100.0
13,RouteScenario_13,Completed,15.0,0.0,0.0,0.3499999940395355,0.0,75.0,0.0,0.0,0.0,0.0,0,0,0,0,0,0,0,0,0,401.8500059880316,989.7422177791597,141.42135488861038,100.0,1.0,100.0
14,RouteScenario_14,Failed,15.0,0.0,0.0,0.3499999940395355,0.0,75.0,0.0,0.0,0.0,0.0,0,0,0,0,0,0,0,0,0,6.4000000953674325,15.025019884109495,141.42135488861038,2.4796373154166718,1.0,2.4796373154166718
15,RouteScenario_15,Failed - Agent timed out,15.0,0.0,0.0,0.3499999940395355,0.0,75.0,0.0,0.0,0.0,0.0,0,0,0,0,0,0,1,0,0,182.05000271275642,453.9672911167145,141.42135623730948,77.06770903832397,1.0,77.06770903832397
16,RouteScenario_16,Completed,15.0,0.0,0.0,0.3499999940395355,0.0,75.0,0.0,0.0,0.0,0.0,0,0,0,0,0,0,0,0,0,202.90000302344558,476.35807609558105,141.42135623730948,100.0,1.0,100.0
17,RouteScenario_17,Completed,15.0,0.0,0.0,0.3499999940395355,0.0,75.0,0.0,0.0,0.0,0.0,0,0,0,0,0,0,0,0,0,185.7000027671456,457.6834452152252,141.42135623730948,100.0,1.0,100.0
18,RouteScenario_18,Completed,15.0,0.0,0.0,0.3499999940395355,0.0,75.0,0.0,0.0,0.0,0.0,0,0,0,0,0,0,0,0,0,254.80000379681587,605.3094065189363,141.42135590013473,100.0,1.0,100.0
19,RouteScenario_19,Failed - Agent got blocked,15.0,0.0,0.0,0.3499999940395355,0.0,75.0,0.0,0.0,0.0,0.0,0,0,0,0,0,0,0,0,1,480.20000715553766,1199.690139055252,141.4213575860087,41.74266520450786,1.0,41.74266520450786
20,RouteScenario_20,Completed,15.0,0.0,0.0,0.3499999940395355,0.0,75.0,0.0,0.0,0.0,0.0,0,0,0,0,0,0,0,0,0,254.1500037871301,621.6415286064147,141.4213575860087,100.0,1.0,100.0
21,RouteScenario_21,Completed,15.0,0.0,0.0,0.3499999940395355,0.0,75.0,0.0,0.0,0.0,0.0,0,0,0,0,0,0,0,0,0,268.75000400468707,634.0670578479768,141.42135488861038,100.0,1.0,100.0
22,RouteScenario_22,Failed - Agent timed out,15.0,0.0,0.0,0.3499999940395355,0.0,75.0,0.0,0.0,0.0,0.0,0,0,0,0,0,0,1,0,0,779.0500116087497,1938.1696870326998,141.4213575860087,41.989260033815995,1.0,41.989260033815995
0,RouteScenario_0,Completed,20.0,0.0,50.0,0.3499999940395355,0.0,75.0,0.0,0.0,0.0,0.0,0,0,0,0,0,0,0,0,0,231.05000344291332,564.9422671794891,141.42135084251302,100.0,1.0,100.0
1,RouteScenario_1,Completed,20.0,0.0,50.0,0.3499999940395355,0.0,75.0,0.0,0.0,0.0,0.0,0,0,0,0,0,0,0,0,0,142.100002117455,342.1651420593262,141.42135657448432,100.0,1.0,100.0
2,RouteScenario_2,Completed,20.0,0.0,50.0,0.3499999940395355,0.0,75.0,0.0,0.0,0.0,0.0,0,0,0,0,0,0,0,0,0,179.90000268071893,433.72610306739807,141.42135657448432,100.0,1.0,100.0
3,RouteScenario_3,Completed,20.0,0.0,50.0,0.3499999940395355,0.0,75.0,0.0,0.0,0.0,0.0,0,0,0,0,0,0,0,0,0,141.25000210478902,337.42555952072144,141.42135084251302,100.0,1.0,100.0
4,RouteScenario_4,Completed,20.0,0.0,50.0,0.3499999940395355,0.0,75.0,0.0,0.0,0.0,0.0,0,0,0,0,0,0,0,0,0,181.95000271126628,438.7167613506317,141.42135623730948,100.0,1.0,100.0
5,RouteScenario_5,Failed - Agent timed out,20.0,0.0,50.0,0.3499999940395355,0.0,75.0,0.0,0.0,0.0,0.0,0,0,0,0,0,0,1,0,0,892.0500132925807,2113.8663470745087,141.42135623730948,61.845500613453225,1.0,61.845500613453225
6,RouteScenario_6,Completed,20.0,0.0,50.0,0.3499999940395355,0.0,75.0,0.0,0.0,0.0,0.0,0,0,0,0,0,0,0,0,0,181.95000271126628,440.1173095703125,141.42135623730948,100.0,1.0,100.0
7,RouteScenario_7,Completed,20.0,0.0,50.0,0.3499999940395355,0.0,75.0,0.0,0.0,0.0,0.0,0,0,0,0,0,0,0,0,0,249.10000371187922,580.3182916641235,141.42135623730948,100.0,1.0,100.0
8,RouteScenario_8,Completed,20.0,0.0,50.0,0.3499999940395355,0.0,75.0,0.0,0.0,0.0,0.0,0,0,0,0,0,0,0,0,0,322.8000048100948,748.807639837265,141.42135623730948,100.0,1.0,100.0
9,RouteScenario_9,Completed,20.0,0.0,50.0,0.3499999940395355,0.0,75.0,0.0,0.0,0.0,0.0,0,0,0,0,0,0,0,0,0,150.30000223964453,356.5711009502411,141.42136163210625,100.0,1.0,100.0
10,RouteScenario_10,Completed,20.0,0.0,50.0,0.3499999940395355,0.0,75.0,0.0,0.0,0.0,0.0,0,0,0,0,0,0,0,0,0,401.7500059865415,959.352697134018,141.42135623730948,100.0,1.0,100.0
11,RouteScenario_11,Failed - Agent got blocked,20.0,0.0,50.0,0.3499999940395355,0.0,75.0,0.0,0.0,0.0,0.0,0,0,0,0,0,0,0,0,1,208.55000310763717,542.6147906780243,141.42135353991122,33.742943995673144,1.0,33.742943995673144
12,RouteScenario_12,Completed,20.0,0.0,50.0,0.3499999940395355,0.0,75.0,0.0,0.0,0.0,0.0,0,0,1,0,0,0,0,0,0,368.95000549778337,880.0670304298401,141.4213575860087,60.0,0.6,100.0
13,RouteScenario_13,Failed - Agent timed out,20.0,0.0,50.0,0.3499999940395355,0.0,75.0,0.0,0.0,0.0,0.0,0,0,0,0,0,0,1,0,0,618.0500092096628,1436.9835975170135,141.42135488861038,96.80122952450743,1.0,96.80122952450743
14,RouteScenario_14,Failed - Agent got blocked,20.0,0.0,50.0,0.3499999940395355,0.0,75.0,0.0,0.0,0.0,0.0,0,0,0,0,0,0,0,0,1,201.65000300481915,530.3777687549591,141.42135488861038,8.835704482937516,1.0,8.835704482937516
15,RouteScenario_15,Failed - Agent timed out,20.0,0.0,50.0,0.3499999940395355,0.0,75.0,0.0,0.0,0.0,0.0,0,0,0,0,0,0,1,0,0,182.05000271275642,468.8000876903534,141.42135623730948,77.627063725869,1.0,77.627063725869
16,RouteScenario_16,Completed,20.0,0.0,50.0,0.3499999940395355,0.0,75.0,0.0,0.0,0.0,0.0,0,0,0,0,0,0,0,0,0,247.00000368058681,579.8391711711884,141.42135623730948,100.0,1.0,100.0
17,RouteScenario_17,Completed,20.0,0.0,50.0,0.3499999940395355,0.0,75.0,0.0,0.0,0.0,0.0,0,0,0,0,0,0,0,0,0,181.00000269711015,456.4663660526276,141.42135623730948,100.0,1.0,100.0
18,RouteScenario_18,Completed,20.0,0.0,50.0,0.3499999940395355,0.0,75.0,0.0,0.0,0.0,0.0,0,0,0,0,0,0,0,0,0,214.20000319182876,521.5644278526306,141.42135590013473,100.0,1.0,100.0
19,RouteScenario_19,Failed - Agent timed out,20.0,0.0,50.0,0.3499999940395355,0.0,75.0,0.0,0.0,0.0,0.0,0,0,0,0,0,0,1,0,0,779.0500116087497,1953.211663007736,141.4213575860087,68.09335867533956,1.0,68.09335867533956
20,RouteScenario_20,Completed,20.0,0.0,50.0,0.3499999940395355,0.0,75.0,0.0,0.0,0.0,0.0,0,0,0,0,0,0,0,0,0,254.10000378638503,600.8378911018373,141.4213575860087,100.0,1.0,100.0
21,RouteScenario_21,Completed,20.0,0.0,50.0,0.3499999940395355,0.0,75.0,0.0,0.0,0.0,0.0,0,0,0,0,0,0,0,0,0,226.50000337511298,531.1170489788054,141.42135488861038,100.0,1.0,100.0
22,RouteScenario_22,Failed - Agent timed out,20.0,0.0,50.0,0.3499999940395355,0.0,75.0,0.0,0.0,0.0,0.0,0,0,0,0,0,0,1,0,0,779.0500116087497,1981.0648233890533,141.4213575860087,41.86596293911549,1.0,41.86596293911549
0,RouteScenario_0,Failed - Agent timed out,80.0,30.0,50.0,0.4000000059604645,0.0,15.0,0.0,0.0,0.0,0.0,0,0,0,0,0,0,1,0,0,431.05000642314553,1135.6393713951109,141.42135084251302,64.13114290272637,1.0,64.13114290272637
1,RouteScenario_1,Completed,80.0,30.0,50.0,0.4000000059604645,0.0,15.0,0.0,0.0,0.0,0.0,0,0,0,0,0,0,0,0,0,134.350002001971,335.38252329826355,141.42135657448432,100.0,1.0,100.0
2,RouteScenario_2,Failed - Agent got blocked,80.0,30.0,50.0,0.4000000059604645,0.0,15.0,0.0,0.0,0.0,0.0,0,0,0,0,0,0,0,0,1,241.20000359416008,634.9577653408049,141.42135657448432,68.22985541918831,1.0,68.22985541918831
3,RouteScenario_3,Completed,80.0,30.0,50.0,0.4000000059604645,0.0,15.0,0.0,0.0,0.0,0.0,0,0,0,0,0,0,0,0,0,224.40000334382057,558.1314721107483,141.42135084251302,100.0,1.0,100.0
4,RouteScenario_4,Completed,80.0,30.0,50.0,0.4000000059604645,0.0,15.0,0.0,0.0,0.0,0.0,0,0,0,0,0,0,0,0,0,143.40000213682654,350.6622543334961,141.42135623730948,100.0,1.0,100.0
5,RouteScenario_5,Failed - Agent timed out,80.0,30.0,50.0,0.4000000059604645,0.0,15.0,0.0,0.0,0.0,0.0,0,0,0,0,0,0,1,0,0,892.0500132925807,2185.0862424373627,141.42135623730948,63.016882135894996,1.0,63.016882135894996
6,RouteScenario_6,Completed,80.0,30.0,50.0,0.4000000059604645,0.0,15.0,0.0,0.0,0.0,0.0,0,0,0,0,0,0,0,0,0,140.05000208690763,344.5782148838043,141.42135623730948,100.0,1.0,100.0
7,RouteScenario_7,Completed,80.0,30.0,50.0,0.4000000059604645,0.0,15.0,0.0,0.0,0.0,0.0,0,0,0,0,0,0,0,0,0,311.70000464469194,760.4216520786285,141.42135623730948,100.0,1.0,100.0
8,RouteScenario_8,Completed,80.0,30.0,50.0,0.4000000059604645,0.0,15.0,0.0,0.0,0.0,0.0,0,0,0,0,0,0,0,0,0,312.55000465735793,759.3428723812102,141.42135623730948,100.0,1.0,100.0
9,RouteScenario_9,Completed,80.0,30.0,50.0,0.4000000059604645,0.0,15.0,0.0,0.0,0.0,0.0,0,0,0,0,0,0,0,0,0,106.4500015862286,269.74614715576166,141.42136163210625,100.0,1.0,100.0
10,RouteScenario_10,Failed - Agent timed out,80.0,30.0,50.0,0.4000000059604645,0.0,15.0,0.0,0.0,0.0,0.0,0,0,0,0,0,0,1,0,0,611.0500091053545,1550.467428445816,141.42135623730948,84.49323644499317,1.0,84.49323644499317
11,RouteScenario_11,Failed - Agent timed out,80.0,30.0,50.0,0.4000000059604645,0.0,15.0,0.0,0.0,0.0,0.0,0,0,0,0,0,0,1,0,0,234.0500034876168,634.9957013130187,141.42135353991122,34.175088694233715,1.0,34.175088694233715
12,RouteScenario_12,Completed,80.0,30.0,50.0,0.4000000059604645,0.0,15.0,0.0,0.0,0.0,0.0,0,0,0,0,0,0,0,0,0,326.5000048652292,813.4524827003479,141.4213575860087,100.0,1.0,100.0
13,RouteScenario_13,Failed - Agent got blocked,80.0,30.0,50.0,0.4000000059604645,0.0,15.0,0.0,0.0,0.0,0.0,0,0,0,0,0,0,0,0,1,576.0000085830687,1446.5879395008087,141.42135488861038,59.28963554922756,1.0,59.28963554922756
14,RouteScenario_14,Failed - Agent got blocked,80.0,30.0,50.0,0.4000000059604645,0.0,15.0,0.0,0.0,0.0,0.0,0,0,0,0,0,0,0,0,1,380.15000566467637,1019.129584312439,141.42135488861038,8.835704482937516,1.0,8.835704482937516
15,RouteScenario_15,Failed - Agent timed out,80.0,30.0,50.0,0.4000000059604645,0.0,15.0,0.0,0.0,0.0,0.0,0,0,0,0,0,0,1,0,0,182.05000271275642,481.6046710014343,141.42135623730948,77.06770903832397,1.0,77.06770903832397
16,RouteScenario_16,Completed,80.0,30.0,50.0,0.4000000059604645,0.0,15.0,0.0,0.0,0.0,0.0,0,0,0,0,0,0,0,0,0,202.55000301823017,502.95941758155817,141.42135623730948,100.0,1.0,100.0
17,RouteScenario_17,Completed,80.0,30.0,50.0,0.4000000059604645,0.0,15.0,0.0,0.0,0.0,0.0,0,0,0,0,0,0,0,0,0,185.60000276565552,485.565048456192,141.42135623730948,100.0,1.0,100.0
18,RouteScenario_18,Completed,80.0,30.0,50.0,0.4000000059604645,0.0,15.0,0.0,0.0,0.0,0.0,0,0,0,0,0,0,0,0,0,254.80000379681587,646.3724167346953,141.42135590013473,100.0,1.0,100.0
19,RouteScenario_19,Completed,80.0,30.0,50.0,0.4000000059604645,0.0,15.0,0.0,0.0,0.0,0.0,0,0,0,0,0,0,0,0,0,611.5500091128051,1563.014358997345,141.4213575860087,100.0,1.0,100.0
20,RouteScenario_20,Completed,80.0,30.0,50.0,0.4000000059604645,0.0,15.0,0.0,0.0,0.0,0.0,0,0,0,0,0,0,0,0,0,255.10000380128625,660.1878304481506,141.4213575860087,100.0,1.0,100.0
21,RouteScenario_21,Completed,80.0,30.0,50.0,0.4000000059604645,0.0,15.0,0.0,0.0,0.0,0.0,0,0,0,0,0,0,0,0,0,239.25000356510282,601.2506577968597,141.42135488861038,100.0,1.0,100.0
22,RouteScenario_22,Completed,80.0,30.0,50.0,0.4000000059604645,0.0,15.0,0.0,0.0,0.0,0.0,0,0,0,0,0,0,0,0,0,525.8500078357756,1351.8953404426575,141.4213575860087,100.0,1.0,100.0
0,RouteScenario_0,Completed,80.0,0.0,0.0,0.3499999940395355,0.0,75.0,0.0,0.0,0.0,0.0,0,0,0,0,0,0,0,0,0,226.55000337585807,543.764502286911,141.42135084251302,100.0,1.0,100.0
1,RouteScenario_1,Completed,80.0,0.0,0.0,0.3499999940395355,0.0,75.0,0.0,0.0,0.0,0.0,0,0,0,0,0,0,0,0,0,139.20000207424164,331.505628824234,141.42135657448432,100.0,1.0,100.0
2,RouteScenario_2,Completed,80.0,0.0,0.0,0.3499999940395355,0.0,75.0,0.0,0.0,0.0,0.0,0,0,0,0,0,0,0,0,0,139.20000207424164,328.5611381530762,141.42135657448432,100.0,1.0,100.0
3,RouteScenario_3,Completed,80.0,0.0,0.0,0.3499999940395355,0.0,75.0,0.0,0.0,0.0,0.0,0,0,0,0,0,0,0,0,0,180.40000268816948,428.6986095905304,141.42135084251302,100.0,1.0,100.0
4,RouteScenario_4,Completed,80.0,0.0,0.0,0.3499999940395355,0.0,75.0,0.0,0.0,0.0,0.0,0,0,0,0,0,0,0,0,0,98.65000146999957,232.4220027923584,141.42135623730948,100.0,1.0,100.0
5,RouteScenario_5,Failed - Agent timed out,80.0,0.0,0.0,0.3499999940395355,0.0,75.0,0.0,0.0,0.0,0.0,0,0,0,0,0,0,1,0,0,892.0500132925807,2091.725687026977,141.42135623730948,62.92677586493792,1.0,62.92677586493792
6,RouteScenario_6,Completed,80.0,0.0,0.0,0.3499999940395355,0.0,75.0,0.0,0.0,0.0,0.0,0,0,0,0,0,0,0,0,0,98.65000146999957,232.872754573822,141.42135623730948,100.0,1.0,100.0
7,RouteScenario_7,Completed,80.0,0.0,0.0,0.3499999940395355,0.0,75.0,0.0,0.0,0.0,0.0,0,0,0,0,0,0,0,0,0,248.2500036992133,590.7750580310823,141.42135623730948,100.0,1.0,100.0
8,RouteScenario_8,Completed,80.0,0.0,0.0,0.3499999940395355,0.0,75.0,0.0,0.0,0.0,0.0,0,0,0,0,0,0,0,0,0,233.50000347942117,556.6927058696747,141.42135623730948,100.0,1.0,100.0
9,RouteScenario_9,Completed,80.0,0.0,0.0,0.3499999940395355,0.0,75.0,0.0,0.0,0.0,0.0,0,0,0,0,0,0,0,0,0,156.45000233128667,374.04848170280457,141.42136163210625,100.0,1.0,100.0
10,RouteScenario_10,Completed,80.0,0.0,0.0,0.3499999940395355,0.0,75.0,0.0,0.0,0.0,0.0,0,0,0,0,0,0,0,0,0,357.2000053226948,899.2353756427765,141.42135623730948,100.0,1.0,100.0
11,RouteScenario_11,Failed - Agent got blocked,80.0,0.0,0.0,0.3499999940395355,0.0,75.0,0.0,0.0,0.0,0.0,0,0,0,0,0,0,0,0,1,208.15000310167667,538.9717705249786,141.42135353991122,33.742943995673144,1.0,33.742943995673144
12,RouteScenario_12,Completed,80.0,0.0,0.0,0.3499999940395355,0.0,75.0,0.0,0.0,0.0,0.0,0,0,1,0,0,0,0,0,0,371.3000055328012,892.2289650440216,141.4213575860087,60.0,0.6,100.0
13,RouteScenario_13,Completed,80.0,0.0,0.0,0.3499999940395355,0.0,75.0,0.0,0.0,0.0,0.0,0,0,0,0,0,0,0,0,0,357.45000532642007,868.9649693965912,141.42135488861038,100.0,1.0,100.0
14,RouteScenario_14,Failed - Agent timed out,80.0,0.0,0.0,0.3499999940395355,0.0,75.0,0.0,0.0,0.0,0.0,0,0,0,0,0,0,1,0,0,602.0500089712441,1421.218406677246,141.42135488861038,98.72200684001741,1.0,98.72200684001741
15,RouteScenario_15,Failed - Agent timed out,80.0,0.0,0.0,0.3499999940395355,0.0,75.0,0.0,0.0,0.0,0.0,0,0,0,0,0,0,1,0,0,182.05000271275642,464.22700357437134,141.42135623730948,97.45941273123249,1.0,97.45941273123249
16,RouteScenario_16,Completed,80.0,0.0,0.0,0.3499999940395355,0.0,75.0,0.0,0.0,0.0,0.0,0,0,0,0,0,0,0,0,0,284.45000423863536,669.0844247341156,141.42135623730948,100.0,1.0,100.0
17,RouteScenario_17,Completed,80.0,0.0,0.0,0.3499999940395355,0.0,75.0,0.0,0.0,0.0,0.0,0,0,0,0,0,0,0,0,0,224.40000334382057,558.1686770915985,141.42135623730948,100.0,1.0,100.0
18,RouteScenario_18,Completed,80.0,0.0,0.0,0.3499999940395355,0.0,75.0,0.0,0.0,0.0,0.0,0,0,0,0,0,0,0,0,0,254.85000379756093,615.0340256690979,141.42135590013473,100.0,1.0,100.0
19,RouteScenario_19,Completed,80.0,0.0,0.0,0.3499999940395355,0.0,75.0,0.0,0.0,0.0,0.0,0,0,1,0,0,0,0,0,0,385.0000057369471,940.5783684253693,141.4213575860087,60.0,0.6,100.0
20,RouteScenario_20,Completed,80.0,0.0,0.0,0.3499999940395355,0.0,75.0,0.0,0.0,0.0,0.0,0,0,0,0,0,0,0,0,0,257.6500038392842,642.1170654296875,141.4213575860087,100.0,1.0,100.0
21,RouteScenario_21,Completed,80.0,0.0,0.0,0.3499999940395355,0.0,75.0,0.0,0.0,0.0,0.0,0,0,0,0,0,0,0,0,0,281.85000419989234,689.1700313091278,141.42135488861038,100.0,1.0,100.0
22,RouteScenario_22,Completed,80.0,0.0,0.0,0.3499999940395355,0.0,75.0,0.0,0.0,0.0,0.0,0,0,1,0,0,0,0,0,0,386.05000575259334,942.2726585865021,141.4213575860087,60.0,0.6,100.0
0,RouteScenario_0,Completed,90.0,15.0,50.0,0.3499999940395355,0.0,15.0,0.0,0.0,0.0,0.0,0,0,0,0,0,0,0,0,0,269.8500040210784,679.5160474777223,141.42135084251302,100.0,1.0,100.0
1,RouteScenario_1,Completed,90.0,15.0,50.0,0.3499999940395355,0.0,15.0,0.0,0.0,0.0,0.0,0,0,0,0,0,0,0,0,0,90.80000135302544,228.7453281879425,141.42135657448432,100.0,1.0,100.0
2,RouteScenario_2,Completed,90.0,15.0,50.0,0.3499999940395355,0.0,15.0,0.0,0.0,0.0,0.0,0,0,0,0,0,0,0,0,0,90.75000135228036,228.16873574256897,141.42135657448432,100.0,1.0,100.0
3,RouteScenario_3,Completed,90.0,15.0,50.0,0.3499999940395355,0.0,15.0,0.0,0.0,0.0,0.0,0,0,0,0,0,0,0,0,0,180.3500026874244,455.8975143432617,141.42135084251302,100.0,1.0,100.0
4,RouteScenario_4,Completed,90.0,15.0,50.0,0.3499999940395355,0.0,15.0,0.0,0.0,0.0,0.0,0,0,0,0,0,0,0,0,0,136.10000202804804,334.3040177822113,141.42135623730948,100.0,1.0,100.0
5,RouteScenario_5,Failed,90.0,15.0,50.0,0.3499999940395355,0.0,15.0,0.0,0.0,0.0,0.0,0,0,1,0,0,0,0,0,0,179.85000267997384,457.1447319984436,141.42135623730948,12.531278615133138,0.6,20.885464358555232
6,RouteScenario_6,Completed,90.0,15.0,50.0,0.3499999940395355,0.0,15.0,0.0,0.0,0.0,0.0,0,0,0,0,0,0,0,0,0,136.10000202804804,334.77162122726435,141.42135623730948,100.0,1.0,100.0
7,RouteScenario_7,Completed,90.0,15.0,50.0,0.3499999940395355,0.0,15.0,0.0,0.0,0.0,0.0,0,0,0,0,0,0,0,0,0,216.80000323057172,539.1857016086578,141.42135623730948,100.0,1.0,100.0
8,RouteScenario_8,Completed,90.0,15.0,50.0,0.3499999940395355,0.0,15.0,0.0,0.0,0.0,0.0,0,0,0,0,0,0,0,0,0,216.80000323057172,537.795135974884,141.42135623730948,100.0,1.0,100.0
9,RouteScenario_9,Completed,90.0,15.0,50.0,0.3499999940395355,0.0,15.0,0.0,0.0,0.0,0.0,0,0,0,0,0,0,0,0,0,113.20000168681143,293.39079666137695,141.42136163210625,100.0,1.0,100.0
10,RouteScenario_10,Failed - Agent timed out,90.0,15.0,50.0,0.3499999940395355,0.0,15.0,0.0,0.0,0.0,0.0,0,0,0,0,0,0,1,0,0,611.0500091053545,1517.9975144863129,141.42135623730948,68.40945707170772,1.0,68.40945707170772
11,RouteScenario_11,Completed,90.0,15.0,50.0,0.3499999940395355,0.0,15.0,0.0,0.0,0.0,0.0,0,0,0,0,0,0,0,0,0,141.7500021122396,369.26627278327936,141.42135353991122,100.0,1.0,100.0
12,RouteScenario_12,Completed,90.0,15.0,50.0,0.3499999940395355,0.0,15.0,0.0,0.0,0.0,0.0,0,0,0,0,0,0,0,0,0,325.1000048443675,819.819265127182,141.4213575860087,100.0,1.0,100.0
13,RouteScenario_13,Completed,90.0,15.0,50.0,0.3499999940395355,0.0,15.0,0.0,0.0,0.0,0.0,0,0,0,0,0,0,0,0,0,313.8000046759844,807.3116164207457,141.42135488861038,100.0,1.0,100.0
14,RouteScenario_14,Failed - Agent got blocked,90.0,15.0,50.0,0.3499999940395355,0.0,15.0,0.0,0.0,0.0,0.0,0,0,0,0,0,0,0,0,1,210.95000314339995,575.5391256809235,141.42135488861038,8.66982727368668,1.0,8.66982727368668
15,RouteScenario_15,Failed - Agent timed out,90.0,15.0,50.0,0.3499999940395355,0.0,15.0,0.0,0.0,0.0,0.0,0,0,0,0,0,0,1,0,0,182.05000271275642,480.66569352149963,141.42135623730948,92.0443050586306,1.0,92.0443050586306
16,RouteScenario_16,Completed,90.0,15.0,50.0,0.3499999940395355,0.0,15.0,0.0,0.0,0.0,0.0,0,0,0,0,0,0,0,0,0,240.10000357776883,591.7312018871307,141.42135623730948,100.0,1.0,100.0
17,RouteScenario_17,Completed,90.0,15.0,50.0,0.3499999940395355,0.0,15.0,0.0,0.0,0.0,0.0,0,0,0,0,0,0,0,0,0,185.7000027671456,492.9931118488312,141.42135623730948,100.0,1.0,100.0
18,RouteScenario_18,Completed,90.0,15.0,50.0,0.3499999940395355,0.0,15.0,0.0,0.0,0.0,0.0,0,0,0,0,0,0,0,0,0,215.6500032134354,554.5261518955232,141.42135590013473,100.0,1.0,100.0
19,RouteScenario_19,Failed - Agent timed out,90.0,15.0,50.0,0.3499999940395355,0.0,15.0,0.0,0.0,0.0,0.0,0,0,0,0,0,0,1,0,0,779.0500116087497,2051.2494983673096,141.4213575860087,74.77127038839788,1.0,74.77127038839788
20,RouteScenario_20,Completed,90.0,15.0,50.0,0.3499999940395355,0.0,15.0,0.0,0.0,0.0,0.0,0,0,0,0,0,0,0,0,0,299.25000445917254,771.0622007846832,141.4213575860087,100.0,1.0,100.0
21,RouteScenario_21,Completed,90.0,15.0,50.0,0.3499999940395355,0.0,15.0,0.0,0.0,0.0,0.0,0,0,0,0,0,0,0,0,0,277.2500041313469,691.7733924388885,141.42135488861038,100.0,1.0,100.0
22,RouteScenario_22,Completed,90.0,15.0,50.0,0.3499999940395355,0.0,15.0,0.0,0.0,0.0,0.0,0,0,0,0,0,0,0,0,0,390.9000058248639,1000.6307928562164,141.4213575860087,100.0,1.0,100.0
0,RouteScenario_0,Failed - Agent timed out,15.0,0.0,0.0,0.3499999940395355,0.0,15.0,0.0,0.0,0.0,0.0,0,0,1,0,0,0,1,0,0,431.05000642314553,1074.7553832530978,141.42135084251302,38.613082408416545,0.6,64.35513734736091
1,RouteScenario_1,Completed,15.0,0.0,0.0,0.3499999940395355,0.0,15.0,0.0,0.0,0.0,0.0,0,0,0,0,0,0,0,0,0,181.40000270307064,452.86252450942993,141.42135657448432,100.0,1.0,100.0
2,RouteScenario_2,Completed,15.0,0.0,0.0,0.3499999940395355,0.0,15.0,0.0,0.0,0.0,0.0,0,0,0,0,0,0,0,0,0,181.40000270307064,457.6192078590393,141.42135657448432,100.0,1.0,100.0
3,RouteScenario_3,Completed,15.0,0.0,0.0,0.3499999940395355,0.0,15.0,0.0,0.0,0.0,0.0,0,0,0,0,0,0,0,0,0,276.85000412538653,692.7809381484985,141.42135084251302,100.0,1.0,100.0
4,RouteScenario_4,Completed,15.0,0.0,0.0,0.3499999940395355,0.0,15.0,0.0,0.0,0.0,0.0,0,0,0,0,0,0,0,0,0,181.85000270977616,450.5187346935272,141.42135623730948,100.0,1.0,100.0
5,RouteScenario_5,Failed - Agent timed out,15.0,0.0,0.0,0.3499999940395355,0.0,15.0,0.0,0.0,0.0,0.0,0,0,1,0,0,0,1,0,0,892.0500132925807,2211.414355278015,141.42135623730948,36.35040769203265,0.6,60.584012820054426
6,RouteScenario_6,Completed,15.0,0.0,0.0,0.3499999940395355,0.0,15.0,0.0,0.0,0.0,0.0,0,0,0,0,0,0,0,0,0,181.85000270977616,452.8911426067352,141.42135623730948,100.0,1.0,100.0
7,RouteScenario_7,Completed,15.0,0.0,0.0,0.3499999940395355,0.0,15.0,0.0,0.0,0.0,0.0,0,0,0,0,0,0,0,0,0,250.9500037394464,614.098388671875,141.42135623730948,100.0,1.0,100.0
8,RouteScenario_8,Completed,15.0,0.0,0.0,0.3499999940395355,0.0,15.0,0.0,0.0,0.0,0.0,0,0,0,0,0,0,0,0,0,248.60000370442867,611.1961085796356,141.42135623730948,100.0,1.0,100.0
9,RouteScenario_9,Completed,15.0,0.0,0.0,0.3499999940395355,0.0,15.0,0.0,0.0,0.0,0.0,0,0,0,0,0,0,0,0,0,112.35000167414545,283.4457292556762,141.42136163210625,100.0,1.0,100.0
10,RouteScenario_10,Failed - Agent timed out,15.0,0.0,0.0,0.3499999940395355,0.0,15.0,0.0,0.0,0.0,0.0,0,0,1,0,0,0,1,0,0,611.0500091053545,1498.7091302871704,141.42135623730948,18.08598191368717,0.6,30.143303189478626
11,RouteScenario_11,Completed,15.0,0.0,0.0,0.3499999940395355,0.0,15.0,0.0,0.0,0.0,0.0,0,0,0,0,0,0,0,0,0,181.15000269934532,459.9741683006287,141.42135353991122,100.0,1.0,100.0
12,RouteScenario_12,Completed,15.0,0.0,0.0,0.3499999940395355,0.0,15.0,0.0,0.0,0.0,0.0,0,0,0,0,0,0,0,0,0,356.8000053167343,882.7645876407622,141.4213575860087,100.0,1.0,100.0
13,RouteScenario_13,Completed,15.0,0.0,0.0,0.3499999940395355,0.0,15.0,0.0,0.0,0.0,0.0,0,0,0,0,0,0,0,0,0,365.8000054508448,933.1327872276306,141.42135488861038,100.0,1.0,100.0
14,RouteScenario_14,Failed - Agent got blocked,15.0,0.0,0.0,0.3499999940395355,0.0,15.0,0.0,0.0,0.0,0.0,0,0,0,0,0,0,0,0,1,564.2500084079803,1348.1113159656525,141.42135488861038,98.72200684001741,1.0,98.72200684001741
15,RouteScenario_15,Completed,15.0,0.0,0.0,0.3499999940395355,0.0,15.0,0.0,0.0,0.0,0.0,0,0,0,0,0,0,0,0,0,137.30000204592943,355.3868162631988,141.42135623730948,100.0,1.0,100.0
16,RouteScenario_16,Completed,15.0,0.0,0.0,0.3499999940395355,0.0,15.0,0.0,0.0,0.0,0.0,0,0,0,0,0,0,0,0,0,199.5000029727817,488.33330821990967,141.42135623730948,100.0,1.0,100.0
17,RouteScenario_17,Completed,15.0,0.0,0.0,0.3499999940395355,0.0,15.0,0.0,0.0,0.0,0.0,0,0,0,0,0,0,0,0,0,225.2000033557415,552.3764243125917,141.42135623730948,100.0,1.0,100.0
18,RouteScenario_18,Completed,15.0,0.0,0.0,0.3499999940395355,0.0,15.0,0.0,0.0,0.0,0.0,0,0,0,0,0,0,0,0,0,260.80000388622284,640.0905635356902,141.42135590013473,100.0,1.0,100.0
19,RouteScenario_19,Completed,15.0,0.0,0.0,0.3499999940395355,0.0,15.0,0.0,0.0,0.0,0.0,0,0,0,0,0,0,0,0,0,341.5500050894916,837.2114636898041,141.4213575860087,100.0,1.0,100.0
20,RouteScenario_20,Completed,15.0,0.0,0.0,0.3499999940395355,0.0,15.0,0.0,0.0,0.0,0.0,0,0,0,0,0,0,0,0,0,304.80000454187393,767.8255264759064,141.4213575860087,100.0,1.0,100.0
21,RouteScenario_21,Completed,15.0,0.0,0.0,0.3499999940395355,0.0,15.0,0.0,0.0,0.0,0.0,0,0,0,0,0,0,0,0,0,218.75000325962898,535.8217887878418,141.42135488861038,100.0,1.0,100.0
22,RouteScenario_22,Failed - Agent timed out,15.0,0.0,0.0,0.3499999940395355,0.0,15.0,0.0,0.0,0.0,0.0,0,0,0,0,0,0,1,0,0,779.0500116087497,1995.5397245883944,141.4213575860087,41.989260033815995,1.0,41.989260033815995
0,RouteScenario_0,Failed - Agent timed out,90.0,0.0,50.0,0.3499999940395355,0.0,15.0,0.0,0.0,0.0,0.0,0,0,0,0,0,0,1,0,0,431.05000642314553,1132.2076387405396,141.42135084251302,64.57913062947902,1.0,64.57913062947902
1,RouteScenario_1,Completed,90.0,0.0,50.0,0.3499999940395355,0.0,15.0,0.0,0.0,0.0,0.0,0,0,0,0,0,0,0,0,0,184.65000275149941,467.58879113197327,141.42135657448432,100.0,1.0,100.0
2,RouteScenario_2,Completed,90.0,0.0,50.0,0.3499999940395355,0.0,15.0,0.0,0.0,0.0,0.0,0,0,0,0,0,0,0,0,0,186.2000027745962,483.37838053703314,141.42135657448432,100.0,1.0,100.0
3,RouteScenario_3,Completed,90.0,0.0,50.0,0.3499999940395355,0.0,15.0,0.0,0.0,0.0,0.0,0,0,0,0,0,0,0,0,0,225.600003361702,564.3304286003113,141.42135084251302,100.0,1.0,100.0
4,RouteScenario_4,Completed,90.0,0.0,50.0,0.3499999940395355,0.0,15.0,0.0,0.0,0.0,0.0,0,0,0,0,0,0,0,0,0,140.15000208839774,343.1202085018158,141.42135623730948,100.0,1.0,100.0
5,RouteScenario_5,Failed,90.0,0.0,50.0,0.3499999940395355,0.0,15.0,0.0,0.0,0.0,0.0,0,0,1,0,0,0,0,0,0,83.15000123903154,209.87823367118838,141.42135623730948,12.531278615133138,0.6,20.885464358555232
6,RouteScenario_6,Completed,90.0,0.0,50.0,0.3499999940395355,0.0,15.0,0.0,0.0,0.0,0.0,0,0,0,0,0,0,0,0,0,181.85000270977616,456.0291149616242,141.42135623730948,100.0,1.0,100.0
7,RouteScenario_7,Completed,90.0,0.0,50.0,0.3499999940395355,0.0,15.0,0.0,0.0,0.0,0.0,0,0,0,0,0,0,0,0,0,235.75000351294875,576.9795753955841,141.42135623730948,100.0,1.0,100.0
8,RouteScenario_8,Completed,90.0,0.0,50.0,0.3499999940395355,0.0,15.0,0.0,0.0,0.0,0.0,0,0,0,0,0,0,0,0,0,235.65000351145864,578.2214229106902,141.42135623730948,100.0,1.0,100.0
9,RouteScenario_9,Completed,90.0,0.0,50.0,0.3499999940395355,0.0,15.0,0.0,0.0,0.0,0.0,0,0,0,0,0,0,0,0,0,110.50000164657831,284.45837283134466,141.42136163210625,100.0,1.0,100.0
10,RouteScenario_10,Completed,90.0,0.0,50.0,0.3499999940395355,0.0,15.0,0.0,0.0,0.0,0.0,0,0,0,0,0,0,0,0,0,472.60000704228884,1159.214306116104,141.42135623730948,100.0,1.0,100.0
11,RouteScenario_11,Failed - Agent timed out,90.0,0.0,50.0,0.3499999940395355,0.0,15.0,0.0,0.0,0.0,0.0,0,0,0,0,0,0,1,0,0,234.0500034876168,627.2191722393036,141.42135353991122,34.175088694233715,1.0,34.175088694233715
12,RouteScenario_12,Completed,90.0,0.0,50.0,0.3499999940395355,0.0,15.0,0.0,0.0,0.0,0.0,0,0,0,0,0,0,0,0,0,325.3500048480928,814.5350093841553,141.4213575860087,100.0,1.0,100.0
13,RouteScenario_13,Failed - Agent got blocked,90.0,0.0,50.0,0.3499999940395355,0.0,15.0,0.0,0.0,0.0,0.0,0,0,0,0,0,0,0,0,1,407.450006071478,1053.731173038483,141.42135488861038,59.44654046888679,1.0,59.44654046888679
14,RouteScenario_14,Failed - Agent got blocked,90.0,0.0,50.0,0.3499999940395355,0.0,15.0,0.0,0.0,0.0,0.0,0,0,0,0,0,0,0,0,1,200.85000299289825,544.0298528671265,141.42135488861038,8.835704482937516,1.0,8.835704482937516
15,RouteScenario_15,Completed,90.0,0.0,50.0,0.3499999940395355,0.0,15.0,0.0,0.0,0.0,0.0,0,0,0,0,0,0,0,0,0,181.25000270083547,477.03865909576416,141.42135623730948,100.0,1.0,100.0
16,RouteScenario_16,Completed,90.0,0.0,50.0,0.3499999940395355,0.0,15.0,0.0,0.0,0.0,0.0,0,0,0,0,0,0,0,0,0,194.45000289753082,477.2893168926239,141.42135623730948,100.0,1.0,100.0
17,RouteScenario_17,Completed,90.0,0.0,50.0,0.3499999940395355,0.0,15.0,0.0,0.0,0.0,0.0,0,0,0,0,0,0,0,0,0,185.7500027678907,484.7014949321747,141.42135623730948,100.0,1.0,100.0
18,RouteScenario_18,Completed,90.0,0.0,50.0,0.3499999940395355,0.0,15.0,0.0,0.0,0.0,0.0,0,0,0,0,0,0,0,0,0,254.80000379681587,647.7374711036682,141.42135590013473,100.0,1.0,100.0
19,RouteScenario_19,Failed - Agent got blocked,90.0,0.0,50.0,0.3499999940395355,0.0,15.0,0.0,0.0,0.0,0.0,0,0,0,0,0,0,0,0,1,603.4000089913608,1593.732916355133,141.4213575860087,41.989260033815995,1.0,41.989260033815995
20,RouteScenario_20,Completed,90.0,0.0,50.0,0.3499999940395355,0.0,15.0,0.0,0.0,0.0,0.0,0,0,0,0,0,0,0,0,0,208.7500031106174,535.9932751655579,141.4213575860087,100.0,1.0,100.0
21,RouteScenario_21,Completed,90.0,0.0,50.0,0.3499999940395355,0.0,15.0,0.0,0.0,0.0,0.0,0,0,0,0,0,0,0,0,0,273.95000408217305,691.5073888301849,141.42135488861038,100.0,1.0,100.0
22,RouteScenario_22,Failed - Agent timed out,90.0,0.0,50.0,0.3499999940395355,0.0,15.0,0.0,0.0,0.0,0.0,0,0,0,0,0,0,1,0,0,779.0500116087497,2018.659921169281,141.4213575860087,94.97375993817606,1.0,94.97375993817606
0,RouteScenario_0,Completed,80.0,0.0,0.0,0.3499999940395355,0.0,15.0,0.0,0.0,0.0,0.0,0,0,0,0,0,0,0,0,0,184.35000274702907,453.29759430885315,141.42135084251302,100.0,1.0,100.0
1,RouteScenario_1,Failed - Agent timed out,80.0,0.0,0.0,0.3499999940395355,0.0,15.0,0.0,0.0,0.0,0.0,0,0,0,0,0,0,1,0,0,319.05000475421554,821.1487965583801,141.42135657448432,72.50838720229513,1.0,72.50838720229513
2,RouteScenario_2,Failed - Agent timed out,80.0,0.0,0.0,0.3499999940395355,0.0,15.0,0.0,0.0,0.0,0.0,0,0,0,0,0,0,1,0,0,319.05000475421554,825.4216964244843,141.42135657448432,72.50838720229513,1.0,72.50838720229513
3,RouteScenario_3,Completed,80.0,0.0,0.0,0.3499999940395355,0.0,15.0,0.0,0.0,0.0,0.0,0,0,0,0,0,0,0,0,0,229.6000034213066,567.7040376663207,141.42135084251302,100.0,1.0,100.0
4,RouteScenario_4,Completed,80.0,0.0,0.0,0.3499999940395355,0.0,15.0,0.0,0.0,0.0,0.0,0,0,0,0,0,0,0,0,0,181.95000271126628,449.57018566131586,141.42135623730948,100.0,1.0,100.0
5,RouteScenario_5,Failed - Agent timed out,80.0,0.0,0.0,0.3499999940395355,0.0,15.0,0.0,0.0,0.0,0.0,0,0,0,0,0,0,1,0,0,892.0500132925807,2178.6508164405827,141.42135623730948,63.10698840685205,1.0,63.10698840685205
6,RouteScenario_6,Completed,80.0,0.0,0.0,0.3499999940395355,0.0,15.0,0.0,0.0,0.0,0.0,0,0,0,0,0,0,0,0,0,181.95000271126628,449.4254801273346,141.42135623730948,100.0,1.0,100.0
7,RouteScenario_7,Completed,80.0,0.0,0.0,0.3499999940395355,0.0,15.0,0.0,0.0,0.0,0.0,0,0,0,0,0,0,0,0,0,237.9500035457313,573.5684194564818,141.42135623730948,100.0,1.0,100.0
8,RouteScenario_8,Completed,80.0,0.0,0.0,0.3499999940395355,0.0,15.0,0.0,0.0,0.0,0.0,0,0,0,0,0,0,0,0,0,233.5500034801662,567.665536403656,141.42135623730948,100.0,1.0,100.0
9,RouteScenario_9,Completed,80.0,0.0,0.0,0.3499999940395355,0.0,15.0,0.0,0.0,0.0,0.0,0,0,0,0,0,0,0,0,0,106.25000158324836,263.0812704563141,141.42136163210625,100.0,1.0,100.0
10,RouteScenario_10,Completed,80.0,0.0,0.0,0.3499999940395355,0.0,15.0,0.0,0.0,0.0,0.0,0,0,0,0,0,0,0,0,0,359.1500053517521,896.5787374973297,141.42135623730948,100.0,1.0,100.0
11,RouteScenario_11,Completed,80.0,0.0,0.0,0.3499999940395355,0.0,15.0,0.0,0.0,0.0,0.0,0,0,0,0,0,0,0,0,0,182.2000027149916,461.46534752845764,141.42135353991122,100.0,1.0,100.0
12,RouteScenario_12,Completed,80.0,0.0,0.0,0.3499999940395355,0.0,15.0,0.0,0.0,0.0,0.0,0,0,0,0,0,0,0,0,0,326.10000485926867,791.0993037223816,141.4213575860087,100.0,1.0,100.0
13,RouteScenario_13,Completed,80.0,0.0,0.0,0.3499999940395355,0.0,15.0,0.0,0.0,0.0,0.0,0,0,0,0,0,0,0,0,0,498.8000074326992,1235.6046438217165,141.42135488861038,100.0,1.0,100.0
14,RouteScenario_14,Failed - Agent timed out,80.0,0.0,0.0,0.3499999940395355,0.0,15.0,0.0,0.0,0.0,0.0,0,0,0,0,0,0,1,0,0,602.0500089712441,1450.9296922683716,141.42135488861038,95.64411615377838,1.0,95.64411615377838
15,RouteScenario_15,Completed,80.0,0.0,0.0,0.3499999940395355,0.0,15.0,0.0,0.0,0.0,0.0,0,0,0,0,0,0,0,0,0,141.05000210180881,368.8588860034943,141.42135623730948,100.0,1.0,100.0
16,RouteScenario_16,Completed,80.0,0.0,0.0,0.3499999940395355,0.0,15.0,0.0,0.0,0.0,0.0,0,0,0,0,0,0,0,0,0,284.3000042364001,691.9431719779968,141.42135623730948,100.0,1.0,100.0
17,RouteScenario_17,Completed,80.0,0.0,0.0,0.3499999940395355,0.0,15.0,0.0,0.0,0.0,0.0,0,0,0,0,0,0,0,0,0,226.3000033721328,575.2907845973969,141.42135623730948,100.0,1.0,100.0
18,RouteScenario_18,Completed,80.0,0.0,0.0,0.3499999940395355,0.0,15.0,0.0,0.0,0.0,0.0,0,0,0,0,0,0,0,0,0,303.35000452026725,759.7969441413879,141.42135590013473,100.0,1.0,100.0
19,RouteScenario_19,Completed,80.0,0.0,0.0,0.3499999940395355,0.0,15.0,0.0,0.0,0.0,0.0,0,0,0,0,0,0,0,0,0,519.9500077478588,1289.0971050262453,141.4213575860087,100.0,1.0,100.0
20,RouteScenario_20,Completed,80.0,0.0,0.0,0.3499999940395355,0.0,15.0,0.0,0.0,0.0,0.0,0,0,0,0,0,0,0,0,0,212.30000316351646,529.1372246742249,141.4213575860087,100.0,1.0,100.0
21,RouteScenario_21,Failed,80.0,0.0,0.0,0.3499999940395355,0.0,15.0,0.0,0.0,0.0,0.0,0,0,1,0,0,0,0,0,0,164.7500024549663,410.98734736442566,141.42135488861038,39.55580858557853,0.6,65.92634764263086
22,RouteScenario_22,Completed,80.0,0.0,0.0,0.3499999940395355,0.0,15.0,0.0,0.0,0.0,0.0,0,0,0,0,0,0,0,0,0,616.7500091902912,1532.6982226371765,141.4213575860087,100.0,1.0,100.0
0,RouteScenario_0,Completed,80.0,30.0,50.0,0.4000000059604645,0.0,75.0,0.0,0.0,0.0,0.0,0,0,0,0,0,0,0,0,0,181.15000269934532,442.32362961769104,141.42135084251302,100.0,1.0,100.0
1,RouteScenario_1,Completed,80.0,30.0,50.0,0.4000000059604645,0.0,75.0,0.0,0.0,0.0,0.0,0,0,0,0,0,0,0,0,0,89.80000133812428,219.17070698738098,141.42135657448432,100.0,1.0,100.0
2,RouteScenario_2,Completed,80.0,30.0,50.0,0.4000000059604645,0.0,75.0,0.0,0.0,0.0,0.0,0,0,0,0,0,0,0,0,0,89.65000133588909,219.9649770259857,141.42135657448432,100.0,1.0,100.0
3,RouteScenario_3,Completed,80.0,30.0,50.0,0.4000000059604645,0.0,75.0,0.0,0.0,0.0,0.0,0,0,0,0,0,0,0,0,0,225.65000336244702,544.2978496551514,141.42135084251302,100.0,1.0,100.0
4,RouteScenario_4,Completed,80.0,30.0,50.0,0.4000000059604645,0.0,75.0,0.0,0.0,0.0,0.0,0,0,0,0,0,0,0,0,0,182.0000027120113,438.8634669780731,141.42135623730948,100.0,1.0,100.0
5,RouteScenario_5,Failed - Agent timed out,80.0,30.0,50.0,0.4000000059604645,0.0,75.0,0.0,0.0,0.0,0.0,0,0,0,0,0,0,1,0,0,892.0500132925807,2095.430645704269,141.42135623730948,61.48507552962499,1.0,61.48507552962499
6,RouteScenario_6,Completed,80.0,30.0,50.0,0.4000000059604645,0.0,75.0,0.0,0.0,0.0,0.0,0,0,0,0,0,0,0,0,0,181.95000271126628,439.6134526729584,141.42135623730948,100.0,1.0,100.0
7,RouteScenario_7,Completed,80.0,30.0,50.0,0.4000000059604645,0.0,75.0,0.0,0.0,0.0,0.0,0,0,0,0,0,0,0,0,0,247.05000368133187,587.3061499595643,141.42135623730948,100.0,1.0,100.0
8,RouteScenario_8,Completed,80.0,30.0,50.0,0.4000000059604645,0.0,75.0,0.0,0.0,0.0,0.0,0,0,0,0,0,0,0,0,0,247.05000368133187,586.5042190551758,141.42135623730948,100.0,1.0,100.0
9,RouteScenario_9,Completed,80.0,30.0,50.0,0.4000000059604645,0.0,75.0,0.0,0.0,0.0,0.0,0,0,0,0,0,0,0,0,0,155.00000230968,373.7960214614868,141.42136163210625,100.0,1.0,100.0
10,RouteScenario_10,Failed - Agent got blocked,80.0,30.0,50.0,0.4000000059604645,0.0,75.0,0.0,0.0,0.0,0.0,0,0,0,0,0,0,0,0,1,272.15000405535096,658.6710546016692,141.42135623730948,29.802769026763364,1.0,29.802769026763364
11,RouteScenario_11,Completed,80.0,30.0,50.0,0.4000000059604645,0.0,75.0,0.0,0.0,0.0,0.0,0,0,0,0,0,0,0,0,0,181.15000269934532,449.715479850769,141.42135353991122,100.0,1.0,100.0
12,RouteScenario_12,Completed,80.0,30.0,50.0,0.4000000059604645,0.0,75.0,0.0,0.0,0.0,0.0,0,0,0,0,0,0,0,0,0,375.25000559166085,893.161539554596,141.4213575860087,100.0,1.0,100.0
13,RouteScenario_13,Failed,80.0,30.0,50.0,0.4000000059604645,0.0,75.0,0.0,0.0,0.0,0.0,0,0,1,0,0,0,0,0,0,168.95000251755118,427.3043296337128,141.42135488861038,24.98337454870501,0.6,41.638957581175006
14,RouteScenario_14,Failed - Agent timed out,80.0,30.0,50.0,0.4000000059604645,0.0,75.0,0.0,0.0,0.0,0.0,0,0,0,0,0,0,1,0,0,602.0500089712441,1399.028579235077,141.42135488861038,96.84850816143715,1.0,96.84850816143715
15,RouteScenario_15,Completed,80.0,30.0,50.0,0.4000000059604645,0.0,75.0,0.0,0.0,0.0,0.0,0,0,0,0,0,0,0,0,0,137.1000020429492,343.2531983852386,141.42135623730948,100.0,1.0,100.0
16,RouteScenario_16,Completed,80.0,30.0,50.0,0.4000000059604645,0.0,75.0,0.0,0.0,0.0,0.0,0,0,0,0,0,0,0,0,0,201.2500029988587,473.4834682941437,141.42135623730948,100.0,1.0,100.0
17,RouteScenario_17,Completed,80.0,30.0,50.0,0.4000000059604645,0.0,75.0,0.0,0.0,0.0,0.0,0,0,0,0,0,0,0,0,0,180.55000269040463,451.72757244110113,141.42135623730948,100.0,1.0,100.0
18,RouteScenario_18,Completed,80.0,30.0,50.0,0.4000000059604645,0.0,75.0,0.0,0.0,0.0,0.0,0,0,0,0,0,0,0,0,0,258.05000384524465,627.5657365322112,141.42135590013473,100.0,1.0,100.0
19,RouteScenario_19,Failed - Agent timed out,80.0,30.0,50.0,0.4000000059604645,0.0,75.0,0.0,0.0,0.0,0.0,0,0,0,0,0,0,1,0,0,779.0500116087497,1960.2917039394376,141.4213575860087,41.989260033815995,1.0,41.989260033815995
20,RouteScenario_20,Completed,80.0,30.0,50.0,0.4000000059604645,0.0,75.0,0.0,0.0,0.0,0.0,0,0,0,0,0,0,0,0,0,254.05000378564,623.2268595695497,141.4213575860087,100.0,1.0,100.0
21,RouteScenario_21,Completed,80.0,30.0,50.0,0.4000000059604645,0.0,75.0,0.0,0.0,0.0,0.0,0,0,0,0,0,0,0,0,0,225.35000335797668,539.3620126247406,141.42135488861038,100.0,1.0,100.0
22,RouteScenario_22,Failed - Agent timed out,80.0,30.0,50.0,0.4000000059604645,0.0,75.0,0.0,0.0,0.0,0.0,0,0,0,0,0,0,1,0,0,779.0500116087497,2006.837638616562,141.4213575860087,41.989260033815995,1.0,41.989260033815995
