,Unnamed: 0,route_id,status,cloudiness,precipitation,precipitation_deposits,wind_intensity,sun_azimuth_angle,sun_altitude_angle,fog_density,fog_distance,fog_falloff,wetness,collisions_layout,collisions_pedestrian,collisions_vehicle,outside_route_lanes,red_light,route_dev,route_timeout,stop_infraction,vehicle_blocked,duration_game,duration_system,route_length,score_composed,score_penalty,score_route,ego_vehicle,infraction
0,0,RouteScenario_0,Failed - Agent timed out,80,60,100,1.0,0,15,0,0,0,0,0,0,0,0,0,0,1,0,0,431.050006423146,1127.93161940575,141.421350842513,64.3551373473609,1.0,64.3551373473609,vehicle.lincoln.mkz2017,False
1,1,RouteScenario_1,Failed,80,60,100,1.0,0,15,0,0,0,0,0,0,1,0,0,0,0,0,0,114.000001698732,277.384460926056,141.421356574484,40.937913251513,0.6,68.2298554191883,vehicle.lincoln.mkz2017,collisions_vehicle
2,2,RouteScenario_2,Failed,80,60,100,1.0,0,15,0,0,0,0,0,0,1,0,0,0,0,0,0,114.000001698732,279.640927553177,141.421356574484,40.937913251513,0.6,68.2298554191883,vehicle.lincoln.mkz2017,collisions_vehicle
3,3,RouteScenario_3,Completed,80,60,100,1.0,0,15,0,0,0,0,0,0,0,0,0,0,0,0,0,224.400003343821,568.58861207962,141.421350842513,100.0,1.0,100.0,vehicle.lincoln.mkz2017,False
4,4,RouteScenario_4,Completed,80,60,100,1.0,0,15,0,0,0,0,0,0,0,0,0,0,0,0,0,93.4500013925135,229.593456745148,141.42135623731,100.0,1.0,100.0,vehicle.lincoln.mkz2017,False
5,5,RouteScenario_5,Failed - Agent timed out,80,60,100,1.0,0,15,0,0,0,0,0,0,0,0,0,0,1,0,0,892.050013292581,2197.99140143394,141.42135623731,63.9179448454656,1.0,63.9179448454656,vehicle.lincoln.mkz2017,False
6,6,RouteScenario_6,Completed,80,60,100,1.0,0,15,0,0,0,0,0,0,0,0,0,0,0,0,0,92.6000013798475,227.478452444077,141.42135623731,100.0,1.0,100.0,vehicle.lincoln.mkz2017,False
7,7,RouteScenario_7,Completed,80,60,100,1.0,0,15,0,0,0,0,0,0,0,0,0,0,0,0,0,259.950003873557,644.060274362564,141.42135623731,100.0,1.0,100.0,vehicle.lincoln.mkz2017,False
8,8,RouteScenario_8,Completed,80,60,100,1.0,0,15,0,0,0,0,0,0,0,0,0,0,0,0,0,257.300003834069,636.410859823227,141.42135623731,100.0,1.0,100.0,vehicle.lincoln.mkz2017,False
9,9,RouteScenario_9,Completed,80,60,100,1.0,0,15,0,0,0,0,0,0,0,0,0,0,0,0,0,111.300001658499,283.785498380661,141.421361632106,100.0,1.0,100.0,vehicle.lincoln.mkz2017,False
10,10,RouteScenario_10,Failed - Agent got blocked,80,60,100,1.0,0,15,0,0,0,0,0,0,0,0,0,0,0,0,1,570.850008506328,1541.98657846451,141.42135623731,37.2743971179424,1.0,37.2743971179424,vehicle.lincoln.mkz2017,False
11,11,RouteScenario_11,Completed,80,60,100,1.0,0,15,0,0,0,0,0,0,0,0,0,0,0,0,0,181.1000026986,470.083901405334,141.421353539911,100.0,1.0,100.0,vehicle.lincoln.mkz2017,False
12,12,RouteScenario_12,Completed,80,60,100,1.0,0,15,0,0,0,0,0,0,0,0,0,0,0,0,0,367.900005482137,908.419406175613,141.421357586009,100.0,1.0,100.0,vehicle.lincoln.mkz2017,False
13,13,RouteScenario_13,Failed - Agent timed out,80,60,100,1.0,0,15,0,0,0,0,0,0,0,0,0,0,1,0,0,618.050009209663,1590.41974568367,141.42135488861,59.4465404688868,1.0,59.4465404688868,vehicle.lincoln.mkz2017,False
14,14,RouteScenario_14,Failed - Agent got blocked,80,60,100,1.0,0,15,0,0,0,0,0,0,0,0,0,0,0,0,1,209.950003128499,566.703633308411,141.42135488861,8.66982727368668,1.0,8.66982727368668,vehicle.lincoln.mkz2017,False
15,15,RouteScenario_15,Completed,80,60,100,1.0,0,15,0,0,0,0,0,0,0,0,0,0,0,0,0,137.200002044439,362.207990646362,141.42135623731,100.0,1.0,100.0,vehicle.lincoln.mkz2017,False
16,16,RouteScenario_16,Completed,80,60,100,1.0,0,15,0,0,0,0,0,0,0,0,0,0,0,0,0,245.55000365898,610.671871423721,141.42135623731,100.0,1.0,100.0,vehicle.lincoln.mkz2017,False
17,17,RouteScenario_17,Completed,80,60,100,1.0,0,15,0,0,0,0,0,0,0,0,0,0,0,0,0,186.800002783537,487.138272285461,141.42135623731,100.0,1.0,100.0,vehicle.lincoln.mkz2017,False
18,18,RouteScenario_18,Failed,80,60,100,1.0,0,15,0,0,0,0,0,0,1,0,0,0,0,0,0,172.150002565235,451.472000837326,141.421355900135,45.2689366974339,0.6,75.4482278290564,vehicle.lincoln.mkz2017,collisions_vehicle
19,19,RouteScenario_19,Failed - Agent got blocked,80,60,100,1.0,0,15,0,0,0,0,0,0,0,0,0,0,0,0,1,336.550005014986,888.971311330795,141.421357586009,41.7426652045079,1.0,41.7426652045079,vehicle.lincoln.mkz2017,False
20,20,RouteScenario_20,Completed,80,60,100,1.0,0,15,0,0,0,0,0,0,0,0,0,0,0,0,0,208.600003108382,543.954258441925,141.421357586009,100.0,1.0,100.0,vehicle.lincoln.mkz2017,False
21,21,RouteScenario_21,Completed,80,60,100,1.0,0,15,0,0,0,0,0,0,0,0,0,0,0,0,0,266.750003974885,670.479413747788,141.42135488861,100.0,1.0,100.0,vehicle.lincoln.mkz2017,False
22,22,RouteScenario_22,Failed - Agent timed out,80,60,100,1.0,0,15,0,0,0,0,0,0,0,0,0,0,1,0,0,779.05001160875,2076.0407512188,141.421357586009,61.0231757265381,1.0,61.0231757265381,vehicle.lincoln.mkz2017,False
23,0,RouteScenario_0,Completed,20,0,50,0.349999994039536,0,15,0,0,0,0,0,0,0,0,0,0,0,0,0,323.800004824996,819.10041308403,141.421350842513,100.0,1.0,100.0,vehicle.lincoln.mkz2017,False
24,1,RouteScenario_1,Failed - Agent timed out,20,0,50,0.349999994039536,0,15,0,0,0,0,0,0,0,0,0,0,1,0,0,319.050004754216,833.391508579254,141.421356574484,68.2298554191883,1.0,68.2298554191883,vehicle.lincoln.mkz2017,False
25,2,RouteScenario_2,Failed - Agent got blocked,20,0,50,0.349999994039536,0,15,0,0,0,0,0,0,0,0,0,0,0,0,1,249.750003721565,640.140837192535,141.421356574484,68.2298554191883,1.0,68.2298554191883,vehicle.lincoln.mkz2017,False
26,3,RouteScenario_3,Completed,20,0,50,0.349999994039536,0,15,0,0,0,0,0,0,0,0,0,0,0,0,0,186.500002779067,466.738903522491,141.421350842513,100.0,1.0,100.0,vehicle.lincoln.mkz2017,False
27,4,RouteScenario_4,Completed,20,0,50,0.349999994039536,0,15,0,0,0,0,0,0,0,0,0,0,0,0,0,96.6000014394522,236.518372058868,141.42135623731,100.0,1.0,100.0,vehicle.lincoln.mkz2017,False
28,5,RouteScenario_5,Failed,20,0,50,0.349999994039536,0,15,0,0,0,0,0,0,1,0,0,0,0,0,0,95.4500014223158,241.385889291763,141.42135623731,12.5312786151331,0.6,20.8854643585552,vehicle.lincoln.mkz2017,collisions_vehicle
29,6,RouteScenario_6,Completed,20,0,50,0.349999994039536,0,15,0,0,0,0,0,0,0,0,0,0,0,0,0,96.6000014394522,235.987999439239,141.42135623731,100.0,1.0,100.0,vehicle.lincoln.mkz2017,False
30,7,RouteScenario_7,Completed,20,0,50,0.349999994039536,0,15,0,0,0,0,0,0,0,0,0,0,0,0,0,247.050003681332,604.217057228088,141.42135623731,100.0,1.0,100.0,vehicle.lincoln.mkz2017,False
31,8,RouteScenario_8,Completed,20,0,50,0.349999994039536,0,15,0,0,0,0,0,0,0,0,0,0,0,0,0,247.050003681332,607.754698753357,141.42135623731,100.0,1.0,100.0,vehicle.lincoln.mkz2017,False
32,9,RouteScenario_9,Completed,20,0,50,0.349999994039536,0,15,0,0,0,0,0,0,0,0,0,0,0,0,0,157.650002349168,394.427669286728,141.421361632106,100.0,1.0,100.0,vehicle.lincoln.mkz2017,False
33,10,RouteScenario_10,Completed,20,0,50,0.349999994039536,0,15,0,0,0,0,0,0,0,0,0,0,0,0,0,537.850008014589,1359.14459466934,141.42135623731,100.0,1.0,100.0,vehicle.lincoln.mkz2017,False
34,11,RouteScenario_11,Completed,20,0,50,0.349999994039536,0,15,0,0,0,0,0,0,0,0,0,0,0,0,0,179.750002678484,460.897434234619,141.421353539911,100.0,1.0,100.0,vehicle.lincoln.mkz2017,False
35,12,RouteScenario_12,Completed,20,0,50,0.349999994039536,0,15,0,0,0,0,0,0,0,0,0,0,0,0,0,329.050004903227,811.270690202713,141.421357586009,100.0,1.0,100.0,vehicle.lincoln.mkz2017,False
36,13,RouteScenario_13,Completed,20,0,50,0.349999994039536,0,15,0,0,0,0,0,0,0,0,0,0,0,0,0,455.800006791949,1138.49421834946,141.42135488861,100.0,1.0,100.0,vehicle.lincoln.mkz2017,False
37,14,RouteScenario_14,Failed - Agent timed out,20,0,50,0.349999994039536,0,15,0,0,0,0,0,0,0,0,0,0,1,0,0,602.050008971244,1452.04852962494,141.42135488861,94.0382601435667,1.0,94.0382601435667,vehicle.lincoln.mkz2017,False
38,15,RouteScenario_15,Completed,20,0,50,0.349999994039536,0,15,0,0,0,0,0,0,0,0,0,0,0,0,0,137.150002043694,352.083046674728,141.42135623731,100.0,1.0,100.0,vehicle.lincoln.mkz2017,False
39,16,RouteScenario_16,Completed,20,0,50,0.349999994039536,0,15,0,0,0,0,0,0,0,0,0,0,0,0,0,239.850003574043,588.198291063309,141.42135623731,100.0,1.0,100.0,vehicle.lincoln.mkz2017,False
40,17,RouteScenario_17,Completed,20,0,50,0.349999994039536,0,15,0,0,0,0,0,0,0,0,0,0,0,0,0,188.100002802908,487.341857910156,141.42135623731,100.0,1.0,100.0,vehicle.lincoln.mkz2017,False
41,18,RouteScenario_18,Completed,20,0,50,0.349999994039536,0,15,0,0,0,0,0,0,0,0,0,0,0,0,0,299.900004468858,754.967463493347,141.421355900135,100.0,1.0,100.0,vehicle.lincoln.mkz2017,False
42,19,RouteScenario_19,Failed,20,0,50,0.349999994039536,0,15,0,0,0,0,1,0,0,0,0,0,0,0,0,102.950001534075,250.735576152802,141.421357586009,28.394425165386,0.65,43.6837310236707,vehicle.lincoln.mkz2017,collisions_layout
43,20,RouteScenario_20,Completed,20,0,50,0.349999994039536,0,15,0,0,0,0,0,0,0,0,0,0,0,0,0,254.100003786385,637.212316274643,141.421357586009,100.0,1.0,100.0,vehicle.lincoln.mkz2017,False
44,21,RouteScenario_21,Failed,20,0,50,0.349999994039536,0,15,0,0,0,0,0,0,1,0,0,0,0,0,0,159.950002383441,394.343245267868,141.42135488861,39.8659921078629,0.6,66.4433201797714,vehicle.lincoln.mkz2017,collisions_vehicle
45,22,RouteScenario_22,Completed,20,0,50,0.349999994039536,0,15,0,0,0,0,0,0,0,0,0,0,0,0,0,343.750005122274,856.427058696747,141.421357586009,100.0,1.0,100.0,vehicle.lincoln.mkz2017,False
46,0,RouteScenario_0,Completed,70,15,50,0.349999994039536,0,75,0,0,0,0,0,0,0,0,0,0,0,0,0,271.500004045665,671.472129583359,141.421350842513,100.0,1.0,100.0,vehicle.lincoln.mkz2017,False
47,1,RouteScenario_1,Completed,70,15,50,0.349999994039536,0,75,0,0,0,0,0,0,0,0,0,0,0,0,0,233.150003474206,588.782731771469,141.421356574484,100.0,1.0,100.0,vehicle.lincoln.mkz2017,False
48,2,RouteScenario_2,Completed,70,15,50,0.349999994039536,0,75,0,0,0,0,0,0,0,0,0,0,0,0,0,233.150003474206,588.478961706162,141.421356574484,100.0,1.0,100.0,vehicle.lincoln.mkz2017,False
49,3,RouteScenario_3,Completed,70,15,50,0.349999994039536,0,75,0,0,0,0,0,0,0,0,0,0,0,0,0,231.250003445894,559.943975687027,141.421350842513,100.0,1.0,100.0,vehicle.lincoln.mkz2017,False
50,4,RouteScenario_4,Completed,70,15,50,0.349999994039536,0,75,0,0,0,0,0,0,0,0,0,0,0,0,0,136.700002036989,329.00888133049,141.42135623731,100.0,1.0,100.0,vehicle.lincoln.mkz2017,False
51,5,RouteScenario_5,Failed - Agent timed out,70,15,50,0.349999994039536,0,75,0,0,0,0,0,0,0,0,0,0,1,0,0,892.050013292581,2124.04017710686,141.42135623731,62.2059256972815,1.0,62.2059256972815,vehicle.lincoln.mkz2017,False
52,6,RouteScenario_6,Completed,70,15,50,0.349999994039536,0,75,0,0,0,0,0,0,0,0,0,0,0,0,0,136.700002036989,331.073734521866,141.42135623731,100.0,1.0,100.0,vehicle.lincoln.mkz2017,False
53,7,RouteScenario_7,Completed,70,15,50,0.349999994039536,0,75,0,0,0,0,0,0,0,0,0,0,0,0,0,251.900003753602,602.257442712784,141.42135623731,100.0,1.0,100.0,vehicle.lincoln.mkz2017,False
54,8,RouteScenario_8,Completed,70,15,50,0.349999994039536,0,75,0,0,0,0,0,0,0,0,0,0,0,0,0,251.900003753602,603.415598630905,141.42135623731,100.0,1.0,100.0,vehicle.lincoln.mkz2017,False
55,9,RouteScenario_9,Completed,70,15,50,0.349999994039536,0,75,0,0,0,0,0,0,0,0,0,0,0,0,0,110.800001651049,270.952574729919,141.421361632106,100.0,1.0,100.0,vehicle.lincoln.mkz2017,False
56,10,RouteScenario_10,Failed - Agent timed out,70,15,50,0.349999994039536,0,75,0,0,0,0,0,0,0,0,0,0,1,0,0,611.050009105355,1589.10089898109,141.42135623731,37.4358810921058,1.0,37.4358810921058,vehicle.lincoln.mkz2017,False
57,11,RouteScenario_11,Failed - Agent timed out,70,15,50,0.349999994039536,0,75,0,0,0,0,0,0,0,0,0,0,1,0,0,234.050003487617,622.428327560425,141.421353539911,43.2217276633223,1.0,43.2217276633223,vehicle.lincoln.mkz2017,False
58,12,RouteScenario_12,Completed,70,15,50,0.349999994039536,0,75,0,0,0,0,0,0,0,0,0,0,0,0,0,323.650004822761,781.556528329849,141.421357586009,100.0,1.0,100.0,vehicle.lincoln.mkz2017,False
59,13,RouteScenario_13,Failed - Agent timed out,70,15,50,0.349999994039536,0,75,0,0,0,0,0,0,0,0,0,0,1,0,0,618.050009209663,1470.85429668427,141.42135488861,93.5438252051055,1.0,93.5438252051055,vehicle.lincoln.mkz2017,False
60,14,RouteScenario_14,Failed - Agent got blocked,70,15,50,0.349999994039536,0,75,0,0,0,0,0,0,0,0,0,0,0,0,1,200.850002992898,537.213739156723,141.42135488861,8.83570448293752,1.0,8.83570448293752,vehicle.lincoln.mkz2017,False
61,15,RouteScenario_15,Failed - Agent timed out,70,15,50,0.349999994039536,0,75,0,0,0,0,0,0,0,0,0,0,1,0,0,182.050002712756,474.328803062439,141.42135623731,77.627063725869,1.0,77.627063725869,vehicle.lincoln.mkz2017,False
62,16,RouteScenario_16,Completed,70,15,50,0.349999994039536,0,75,0,0,0,0,0,0,0,0,0,0,0,0,0,330.150004919618,777.884277582169,141.42135623731,100.0,1.0,100.0,vehicle.lincoln.mkz2017,False
63,17,RouteScenario_17,Completed,70,15,50,0.349999994039536,0,75,0,0,0,0,0,0,0,0,0,0,0,0,0,138.700002066791,348.283255577087,141.42135623731,100.0,1.0,100.0,vehicle.lincoln.mkz2017,False
64,18,RouteScenario_18,Completed,70,15,50,0.349999994039536,0,75,0,0,0,0,0,0,0,0,0,0,0,0,0,254.700003795326,629.048709392548,141.421355900135,100.0,1.0,100.0,vehicle.lincoln.mkz2017,False
65,19,RouteScenario_19,Failed - Agent timed out,70,15,50,0.349999994039536,0,75,0,0,0,0,0,0,0,0,0,0,1,0,0,779.05001160875,2002.58223724365,141.421357586009,46.5741548627867,1.0,46.5741548627867,vehicle.lincoln.mkz2017,False
66,20,RouteScenario_20,Failed,70,15,50,0.349999994039536,0,75,0,0,0,0,0,0,1,0,0,0,0,0,0,173.550002586097,437.247409582138,141.421357586009,44.9257342508292,0.6,74.8762237513819,vehicle.lincoln.mkz2017,collisions_vehicle
67,21,RouteScenario_21,Completed,70,15,50,0.349999994039536,0,75,0,0,0,0,0,0,0,0,0,0,0,0,0,355.200005292893,870.394804239273,141.42135488861,100.0,1.0,100.0,vehicle.lincoln.mkz2017,False
68,22,RouteScenario_22,Failed - Agent timed out,70,15,50,0.349999994039536,0,75,0,0,0,0,0,0,0,0,0,0,1,0,0,779.05001160875,2036.92398834228,141.421357586009,41.989260033816,1.0,41.989260033816,vehicle.lincoln.mkz2017,False
69,0,RouteScenario_0,Failed - Agent got blocked,80,0,50,0.349999994039536,0,75,0,0,0,0,0,0,0,0,0,0,0,0,1,274.950004097074,682.4783847332,141.421350842513,64.1311429027264,1.0,64.1311429027264,vehicle.lincoln.mkz2017,False
70,1,RouteScenario_1,Completed,80,0,50,0.349999994039536,0,75,0,0,0,0,0,0,0,0,0,0,0,0,0,184.400002747774,459.238874912262,141.421356574484,100.0,1.0,100.0,vehicle.lincoln.mkz2017,False
71,2,RouteScenario_2,Completed,80,0,50,0.349999994039536,0,75,0,0,0,0,0,0,0,0,0,0,0,0,0,181.400002703071,452.19720697403,141.421356574484,100.0,1.0,100.0,vehicle.lincoln.mkz2017,False
72,3,RouteScenario_3,Completed,80,0,50,0.349999994039536,0,75,0,0,0,0,0,0,0,0,0,0,0,0,0,184.500002749264,440.620423316956,141.421350842513,100.0,1.0,100.0,vehicle.lincoln.mkz2017,False
73,4,RouteScenario_4,Completed,80,0,50,0.349999994039536,0,75,0,0,0,0,0,0,0,0,0,0,0,0,0,90.8500013537705,215.463720321655,141.42135623731,100.0,1.0,100.0,vehicle.lincoln.mkz2017,False
74,5,RouteScenario_5,Failed - Agent timed out,80,0,50,0.349999994039536,0,75,0,0,0,0,0,0,0,0,0,0,1,0,0,892.050013292581,2082.27246665955,141.42135623731,63.9179448454656,1.0,63.9179448454656,vehicle.lincoln.mkz2017,False
75,6,RouteScenario_6,Completed,80,0,50,0.349999994039536,0,75,0,0,0,0,0,0,0,0,0,0,0,0,0,90.8500013537705,214.596155643463,141.42135623731,100.0,1.0,100.0,vehicle.lincoln.mkz2017,False
76,7,RouteScenario_7,Completed,80,0,50,0.349999994039536,0,75,0,0,0,0,0,0,0,0,0,0,0,0,0,200.850002992898,470.049392223358,141.42135623731,100.0,1.0,100.0,vehicle.lincoln.mkz2017,False
77,8,RouteScenario_8,Completed,80,0,50,0.349999994039536,0,75,0,0,0,0,0,0,0,0,0,0,0,0,0,198.20000295341,463.887724637985,141.42135623731,100.0,1.0,100.0,vehicle.lincoln.mkz2017,False
78,9,RouteScenario_9,Completed,80,0,50,0.349999994039536,0,75,0,0,0,0,0,0,0,0,0,0,0,0,0,197.200002938509,473.60795378685,141.421361632106,100.0,1.0,100.0,vehicle.lincoln.mkz2017,False
79,10,RouteScenario_10,Failed - Agent timed out,80,0,50,0.349999994039536,0,75,0,0,0,0,0,0,0,0,0,0,1,0,0,611.050009105355,1422.85202717781,141.42135623731,29.9730360452184,1.0,29.9730360452184,vehicle.lincoln.mkz2017,False
80,11,RouteScenario_11,Completed,80,0,50,0.349999994039536,0,75,0,0,0,0,0,0,0,0,0,0,0,0,0,140.450002092868,345.799521446228,141.421353539911,100.0,1.0,100.0,vehicle.lincoln.mkz2017,False
81,12,RouteScenario_12,Failed,80,0,50,0.349999994039536,0,75,0,0,0,0,0,0,1,0,0,0,0,0,0,77.0500011481345,183.93560385704,141.421357586009,9.63382892167532,0.6,16.0563815361255,vehicle.lincoln.mkz2017,collisions_vehicle
82,13,RouteScenario_13,Failed,80,0,50,0.349999994039536,0,75,0,0,0,0,0,0,1,0,0,0,0,0,0,271.05000403896,667.690734863281,141.42135488861,35.5737813295365,0.6,59.2896355492276,vehicle.lincoln.mkz2017,collisions_vehicle
83,14,RouteScenario_14,Failed - Agent timed out,80,0,50,0.349999994039536,0,75,0,0,0,0,0,0,0,0,0,0,1,0,0,602.050008971244,1389.64826631546,141.42135488861,97.5176148323587,1.0,97.5176148323587,vehicle.lincoln.mkz2017,False
84,15,RouteScenario_15,Completed,80,0,50,0.349999994039536,0,75,0,0,0,0,0,0,0,0,0,0,0,0,0,137.250002045184,342.990684986114,141.42135623731,100.0,1.0,100.0,vehicle.lincoln.mkz2017,False
85,16,RouteScenario_16,Completed,80,0,50,0.349999994039536,0,75,0,0,0,0,0,0,0,0,0,0,0,0,0,200.650002989918,481.73645567894,141.42135623731,100.0,1.0,100.0,vehicle.lincoln.mkz2017,False
86,17,RouteScenario_17,Completed,80,0,50,0.349999994039536,0,75,0,0,0,0,0,0,0,0,0,0,0,0,0,180.750002693385,455.766565799713,141.42135623731,100.0,1.0,100.0,vehicle.lincoln.mkz2017,False
87,18,RouteScenario_18,Completed,80,0,50,0.349999994039536,0,75,0,0,0,0,0,0,0,0,0,0,0,0,0,254.500003792346,623.691185474396,141.421355900135,100.0,1.0,100.0,vehicle.lincoln.mkz2017,False
88,19,RouteScenario_19,Completed,80,0,50,0.349999994039536,0,75,0,0,0,0,0,0,0,0,0,0,0,0,0,387.60000577569,933.624609470368,141.421357586009,100.0,1.0,100.0,vehicle.lincoln.mkz2017,False
89,20,RouteScenario_20,Completed,80,0,50,0.349999994039536,0,75,0,0,0,0,0,0,0,0,0,0,0,0,0,302.400004506111,737.480833530426,141.421357586009,100.0,1.0,100.0,vehicle.lincoln.mkz2017,False
90,21,RouteScenario_21,Completed,80,0,50,0.349999994039536,0,75,0,0,0,0,0,0,0,0,0,0,0,0,0,310.450004626066,750.556460380554,141.42135488861,100.0,1.0,100.0,vehicle.lincoln.mkz2017,False
91,22,RouteScenario_22,Completed,80,0,50,0.349999994039536,0,75,0,0,0,0,0,0,0,0,0,0,0,0,0,385.050005737692,930.796295404434,141.421357586009,100.0,1.0,100.0,vehicle.lincoln.mkz2017,False
92,0,RouteScenario_0,Completed,90,60,100,1.0,0,75,0,0,0,0,0,0,0,0,0,0,0,0,0,188.450002808124,460.111297845841,141.421350842513,100.0,1.0,100.0,vehicle.lincoln.mkz2017,False
93,1,RouteScenario_1,Completed,90,60,100,1.0,0,75,0,0,0,0,0,0,0,0,0,0,0,0,0,136.100002028048,329.103270530701,141.421356574484,100.0,1.0,100.0,vehicle.lincoln.mkz2017,False
94,2,RouteScenario_2,Completed,90,60,100,1.0,0,75,0,0,0,0,0,0,0,0,0,0,0,0,0,136.150002028793,329.52207493782,141.421356574484,100.0,1.0,100.0,vehicle.lincoln.mkz2017,False
95,3,RouteScenario_3,Completed,90,60,100,1.0,0,75,0,0,0,0,0,0,0,0,0,0,0,0,0,224.350003343075,540.463075399399,141.421350842513,100.0,1.0,100.0,vehicle.lincoln.mkz2017,False
96,4,RouteScenario_4,Completed,90,60,100,1.0,0,75,0,0,0,0,0,0,0,0,0,0,0,0,0,136.900002039969,337.338994264603,141.42135623731,100.0,1.0,100.0,vehicle.lincoln.mkz2017,False
97,5,RouteScenario_5,Failed - Agent timed out,90,60,100,1.0,0,75,0,0,0,0,0,0,0,0,0,0,1,0,0,892.050013292581,2130.53914856911,141.42135623731,61.0345441748397,1.0,61.0345441748397,vehicle.lincoln.mkz2017,False
98,6,RouteScenario_6,Completed,90,60,100,1.0,0,75,0,0,0,0,0,0,0,0,0,0,0,0,0,136.900002039969,338.929893970489,141.42135623731,100.0,1.0,100.0,vehicle.lincoln.mkz2017,False
99,7,RouteScenario_7,Completed,90,60,100,1.0,0,75,0,0,0,0,0,0,0,0,0,0,0,0,0,167.900002501905,395.992258071899,141.42135623731,100.0,1.0,100.0,vehicle.lincoln.mkz2017,False
100,8,RouteScenario_8,Completed,90,60,100,1.0,0,75,0,0,0,0,0,0,0,0,0,0,0,0,0,167.900002501905,396.100791931152,141.42135623731,100.0,1.0,100.0,vehicle.lincoln.mkz2017,False
101,9,RouteScenario_9,Completed,90,60,100,1.0,0,75,0,0,0,0,0,0,0,0,0,0,0,0,0,158.350002359599,383.31209397316,141.421361632106,100.0,1.0,100.0,vehicle.lincoln.mkz2017,False
102,10,RouteScenario_10,Failed - Agent timed out,90,60,100,1.0,0,75,0,0,0,0,0,0,0,0,0,0,1,0,0,611.050009105355,1526.37451028824,141.42135623731,37.2743971179424,1.0,37.2743971179424,vehicle.lincoln.mkz2017,False
103,11,RouteScenario_11,Completed,90,60,100,1.0,0,75,0,0,0,0,0,0,0,0,0,0,0,0,0,187.600002795458,466.769458770752,141.421353539911,100.0,1.0,100.0,vehicle.lincoln.mkz2017,False
104,12,RouteScenario_12,Completed,90,60,100,1.0,0,75,0,0,0,0,0,0,0,0,0,0,0,0,0,299.850004468113,723.891256093979,141.421357586009,100.0,1.0,100.0,vehicle.lincoln.mkz2017,False
105,13,RouteScenario_13,Failed - Agent timed out,90,60,100,1.0,0,75,0,0,0,0,0,0,0,0,0,0,1,0,0,618.050009209663,1461.31765604019,141.42135488861,97.843598906716,1.0,97.843598906716,vehicle.lincoln.mkz2017,False
106,14,RouteScenario_14,Failed - Agent timed out,90,60,100,1.0,0,75,0,0,0,0,0,0,0,0,0,0,1,0,0,602.050008971244,1408.02867221832,141.42135488861,93.5029748068295,1.0,93.5029748068295,vehicle.lincoln.mkz2017,False
107,15,RouteScenario_15,Completed,90,60,100,1.0,0,75,0,0,0,0,0,0,0,0,0,0,0,0,0,139.950002085418,356.816872358322,141.42135623731,100.0,1.0,100.0,vehicle.lincoln.mkz2017,False
108,16,RouteScenario_16,Completed,90,60,100,1.0,0,75,0,0,0,0,0,0,0,0,0,0,0,0,0,240.050003577024,570.775329589844,141.42135623731,100.0,1.0,100.0,vehicle.lincoln.mkz2017,False
109,17,RouteScenario_17,Failed - Agent timed out,90,60,100,1.0,0,75,0,0,0,0,0,0,0,0,0,0,1,0,0,294.050004381686,740.911914110184,141.42135623731,80.8824704413929,1.0,80.8824704413929,vehicle.lincoln.mkz2017,False
110,18,RouteScenario_18,Completed,90,60,100,1.0,0,75,0,0,0,0,0,0,0,0,0,0,0,0,0,262.95000391826,640.57220864296,141.421355900135,100.0,1.0,100.0,vehicle.lincoln.mkz2017,False
111,19,RouteScenario_19,Failed - Agent got blocked,90,60,100,1.0,0,75,0,0,0,0,0,0,0,0,0,0,0,0,1,374.35000557825,955.301854848862,141.421357586009,41.8659629391155,1.0,41.8659629391155,vehicle.lincoln.mkz2017,False
112,20,RouteScenario_20,Completed,90,60,100,1.0,0,75,0,0,0,0,0,0,0,0,0,0,0,0,0,260.800003886223,650.779566764831,141.421357586009,100.0,1.0,100.0,vehicle.lincoln.mkz2017,False
113,21,RouteScenario_21,Completed,90,60,100,1.0,0,75,0,0,0,0,0,0,0,0,0,0,0,0,0,285.100004248321,682.419080972672,141.42135488861,100.0,1.0,100.0,vehicle.lincoln.mkz2017,False
114,22,RouteScenario_22,Completed,90,60,100,1.0,0,75,0,0,0,0,0,0,0,0,0,0,0,0,0,566.950008448213,1369.04662299156,141.421357586009,100.0,1.0,100.0,vehicle.lincoln.mkz2017,False
115,0,RouteScenario_0,Failed - Agent timed out,15,0,0,0.349999994039536,0,75,0,0,0,0,0,0,0,0,0,0,1,0,0,431.050006423146,1074.15082764626,141.421350842513,64.579130629479,1.0,64.579130629479,vehicle.lincoln.mkz2017,False
116,1,RouteScenario_1,Completed,15,0,0,0.349999994039536,0,75,0,0,0,0,0,0,0,0,0,0,0,0,0,225.950003366917,542.402761697769,141.421356574484,100.0,1.0,100.0,vehicle.lincoln.mkz2017,False
117,2,RouteScenario_2,Completed,15,0,0,0.349999994039536,0,75,0,0,0,0,0,0,0,0,0,0,0,0,0,136.400002032518,326.409126758575,141.421356574484,100.0,1.0,100.0,vehicle.lincoln.mkz2017,False
118,3,RouteScenario_3,Completed,15,0,0,0.349999994039536,0,75,0,0,0,0,0,0,0,0,0,0,0,0,0,179.950002681464,428.345155000687,141.421350842513,100.0,1.0,100.0,vehicle.lincoln.mkz2017,False
119,4,RouteScenario_4,Completed,15,0,0,0.349999994039536,0,75,0,0,0,0,0,0,0,0,0,0,0,0,0,181.950002711266,434.972387313843,141.42135623731,100.0,1.0,100.0,vehicle.lincoln.mkz2017,False
120,5,RouteScenario_5,Failed - Agent timed out,15,0,0,0.349999994039536,0,75,0,0,0,0,0,0,0,0,0,0,1,0,0,892.050013292581,2027.16484999657,141.42135623731,65.2695389098214,1.0,65.2695389098214,vehicle.lincoln.mkz2017,False
121,6,RouteScenario_6,Completed,15,0,0,0.349999994039536,0,75,0,0,0,0,0,0,0,0,0,0,0,0,0,181.950002711266,439.899759531021,141.42135623731,100.0,1.0,100.0,vehicle.lincoln.mkz2017,False
122,7,RouteScenario_7,Completed,15,0,0,0.349999994039536,0,75,0,0,0,0,0,0,0,0,0,0,0,0,0,250.300003729761,595.187034606934,141.42135623731,100.0,1.0,100.0,vehicle.lincoln.mkz2017,False
123,8,RouteScenario_8,Completed,15,0,0,0.349999994039536,0,75,0,0,0,0,0,0,0,0,0,0,0,0,0,250.300003729761,598.004123210907,141.42135623731,100.0,1.0,100.0,vehicle.lincoln.mkz2017,False
124,9,RouteScenario_9,Completed,15,0,0,0.349999994039536,0,75,0,0,0,0,0,0,0,0,0,0,0,0,0,197.100002937019,481.649980545044,141.421361632106,100.0,1.0,100.0,vehicle.lincoln.mkz2017,False
125,10,RouteScenario_10,Failed - Agent got blocked,15,0,0,0.349999994039536,0,75,0,0,0,0,0,0,0,0,0,0,0,0,1,256.650003824383,628.312373161316,141.42135623731,29.8027690267634,1.0,29.8027690267634,vehicle.lincoln.mkz2017,False
126,11,RouteScenario_11,Failed - Agent timed out,15,0,0,0.349999994039536,0,75,0,0,0,0,0,0,0,0,0,0,1,0,0,234.050003487617,620.174257755279,141.421353539911,34.1750886942337,1.0,34.1750886942337,vehicle.lincoln.mkz2017,False
127,12,RouteScenario_12,Completed,15,0,0,0.349999994039536,0,75,0,0,0,0,0,0,0,0,0,0,0,0,0,372.600005552173,892.839692354202,141.421357586009,100.0,1.0,100.0,vehicle.lincoln.mkz2017,False
128,13,RouteScenario_13,Completed,15,0,0,0.349999994039536,0,75,0,0,0,0,0,0,0,0,0,0,0,0,0,401.850005988032,989.74221777916,141.42135488861,100.0,1.0,100.0,vehicle.lincoln.mkz2017,False
129,14,RouteScenario_14,Failed,15,0,0,0.349999994039536,0,75,0,0,0,0,0,0,0,0,0,0,0,0,0,6.40000009536743,15.0250198841095,141.42135488861,2.47963731541667,1.0,2.47963731541667,vehicle.lincoln.mkz2017,False
130,15,RouteScenario_15,Failed - Agent timed out,15,0,0,0.349999994039536,0,75,0,0,0,0,0,0,0,0,0,0,1,0,0,182.050002712756,453.967291116715,141.42135623731,77.067709038324,1.0,77.067709038324,vehicle.lincoln.mkz2017,False
131,16,RouteScenario_16,Completed,15,0,0,0.349999994039536,0,75,0,0,0,0,0,0,0,0,0,0,0,0,0,202.900003023446,476.358076095581,141.42135623731,100.0,1.0,100.0,vehicle.lincoln.mkz2017,False
132,17,RouteScenario_17,Completed,15,0,0,0.349999994039536,0,75,0,0,0,0,0,0,0,0,0,0,0,0,0,185.700002767146,457.683445215225,141.42135623731,100.0,1.0,100.0,vehicle.lincoln.mkz2017,False
133,18,RouteScenario_18,Completed,15,0,0,0.349999994039536,0,75,0,0,0,0,0,0,0,0,0,0,0,0,0,254.800003796816,605.309406518936,141.421355900135,100.0,1.0,100.0,vehicle.lincoln.mkz2017,False
134,19,RouteScenario_19,Failed - Agent got blocked,15,0,0,0.349999994039536,0,75,0,0,0,0,0,0,0,0,0,0,0,0,1,480.200007155538,1199.69013905525,141.421357586009,41.7426652045079,1.0,41.7426652045079,vehicle.lincoln.mkz2017,False
135,20,RouteScenario_20,Completed,15,0,0,0.349999994039536,0,75,0,0,0,0,0,0,0,0,0,0,0,0,0,254.15000378713,621.641528606415,141.421357586009,100.0,1.0,100.0,vehicle.lincoln.mkz2017,False
136,21,RouteScenario_21,Completed,15,0,0,0.349999994039536,0,75,0,0,0,0,0,0,0,0,0,0,0,0,0,268.750004004687,634.067057847977,141.42135488861,100.0,1.0,100.0,vehicle.lincoln.mkz2017,False
137,22,RouteScenario_22,Failed - Agent timed out,15,0,0,0.349999994039536,0,75,0,0,0,0,0,0,0,0,0,0,1,0,0,779.05001160875,1938.1696870327,141.421357586009,41.989260033816,1.0,41.989260033816,vehicle.lincoln.mkz2017,False
138,0,RouteScenario_0,Completed,20,0,50,0.349999994039536,0,75,0,0,0,0,0,0,0,0,0,0,0,0,0,231.050003442913,564.942267179489,141.421350842513,100.0,1.0,100.0,vehicle.lincoln.mkz2017,False
139,1,RouteScenario_1,Completed,20,0,50,0.349999994039536,0,75,0,0,0,0,0,0,0,0,0,0,0,0,0,142.100002117455,342.165142059326,141.421356574484,100.0,1.0,100.0,vehicle.lincoln.mkz2017,False
140,2,RouteScenario_2,Completed,20,0,50,0.349999994039536,0,75,0,0,0,0,0,0,0,0,0,0,0,0,0,179.900002680719,433.726103067398,141.421356574484,100.0,1.0,100.0,vehicle.lincoln.mkz2017,False
141,3,RouteScenario_3,Completed,20,0,50,0.349999994039536,0,75,0,0,0,0,0,0,0,0,0,0,0,0,0,141.250002104789,337.425559520721,141.421350842513,100.0,1.0,100.0,vehicle.lincoln.mkz2017,False
142,4,RouteScenario_4,Completed,20,0,50,0.349999994039536,0,75,0,0,0,0,0,0,0,0,0,0,0,0,0,181.950002711266,438.716761350632,141.42135623731,100.0,1.0,100.0,vehicle.lincoln.mkz2017,False
143,5,RouteScenario_5,Failed - Agent timed out,20,0,50,0.349999994039536,0,75,0,0,0,0,0,0,0,0,0,0,1,0,0,892.050013292581,2113.86634707451,141.42135623731,61.8455006134532,1.0,61.8455006134532,vehicle.lincoln.mkz2017,False
144,6,RouteScenario_6,Completed,20,0,50,0.349999994039536,0,75,0,0,0,0,0,0,0,0,0,0,0,0,0,181.950002711266,440.117309570313,141.42135623731,100.0,1.0,100.0,vehicle.lincoln.mkz2017,False
145,7,RouteScenario_7,Completed,20,0,50,0.349999994039536,0,75,0,0,0,0,0,0,0,0,0,0,0,0,0,249.100003711879,580.318291664124,141.42135623731,100.0,1.0,100.0,vehicle.lincoln.mkz2017,False
146,8,RouteScenario_8,Completed,20,0,50,0.349999994039536,0,75,0,0,0,0,0,0,0,0,0,0,0,0,0,322.800004810095,748.807639837265,141.42135623731,100.0,1.0,100.0,vehicle.lincoln.mkz2017,False
147,9,RouteScenario_9,Completed,20,0,50,0.349999994039536,0,75,0,0,0,0,0,0,0,0,0,0,0,0,0,150.300002239645,356.571100950241,141.421361632106,100.0,1.0,100.0,vehicle.lincoln.mkz2017,False
148,10,RouteScenario_10,Completed,20,0,50,0.349999994039536,0,75,0,0,0,0,0,0,0,0,0,0,0,0,0,401.750005986542,959.352697134018,141.42135623731,100.0,1.0,100.0,vehicle.lincoln.mkz2017,False
149,11,RouteScenario_11,Failed - Agent got blocked,20,0,50,0.349999994039536,0,75,0,0,0,0,0,0,0,0,0,0,0,0,1,208.550003107637,542.614790678024,141.421353539911,33.7429439956731,1.0,33.7429439956731,vehicle.lincoln.mkz2017,False
150,12,RouteScenario_12,Completed,20,0,50,0.349999994039536,0,75,0,0,0,0,0,0,1,0,0,0,0,0,0,368.950005497783,880.06703042984,141.421357586009,60.0,0.6,100.0,vehicle.lincoln.mkz2017,collisions_vehicle
151,13,RouteScenario_13,Failed - Agent timed out,20,0,50,0.349999994039536,0,75,0,0,0,0,0,0,0,0,0,0,1,0,0,618.050009209663,1436.98359751701,141.42135488861,96.8012295245074,1.0,96.8012295245074,vehicle.lincoln.mkz2017,False
152,14,RouteScenario_14,Failed - Agent got blocked,20,0,50,0.349999994039536,0,75,0,0,0,0,0,0,0,0,0,0,0,0,1,201.650003004819,530.377768754959,141.42135488861,8.83570448293752,1.0,8.83570448293752,vehicle.lincoln.mkz2017,False
153,15,RouteScenario_15,Failed - Agent timed out,20,0,50,0.349999994039536,0,75,0,0,0,0,0,0,0,0,0,0,1,0,0,182.050002712756,468.800087690353,141.42135623731,77.627063725869,1.0,77.627063725869,vehicle.lincoln.mkz2017,False
154,16,RouteScenario_16,Completed,20,0,50,0.349999994039536,0,75,0,0,0,0,0,0,0,0,0,0,0,0,0,247.000003680587,579.839171171188,141.42135623731,100.0,1.0,100.0,vehicle.lincoln.mkz2017,False
155,17,RouteScenario_17,Completed,20,0,50,0.349999994039536,0,75,0,0,0,0,0,0,0,0,0,0,0,0,0,181.00000269711,456.466366052628,141.42135623731,100.0,1.0,100.0,vehicle.lincoln.mkz2017,False
156,18,RouteScenario_18,Completed,20,0,50,0.349999994039536,0,75,0,0,0,0,0,0,0,0,0,0,0,0,0,214.200003191829,521.564427852631,141.421355900135,100.0,1.0,100.0,vehicle.lincoln.mkz2017,False
157,19,RouteScenario_19,Failed - Agent timed out,20,0,50,0.349999994039536,0,75,0,0,0,0,0,0,0,0,0,0,1,0,0,779.05001160875,1953.21166300774,141.421357586009,68.0933586753396,1.0,68.0933586753396,vehicle.lincoln.mkz2017,False
158,20,RouteScenario_20,Completed,20,0,50,0.349999994039536,0,75,0,0,0,0,0,0,0,0,0,0,0,0,0,254.100003786385,600.837891101837,141.421357586009,100.0,1.0,100.0,vehicle.lincoln.mkz2017,False
159,21,RouteScenario_21,Completed,20,0,50,0.349999994039536,0,75,0,0,0,0,0,0,0,0,0,0,0,0,0,226.500003375113,531.117048978805,141.42135488861,100.0,1.0,100.0,vehicle.lincoln.mkz2017,False
160,22,RouteScenario_22,Failed - Agent timed out,20,0,50,0.349999994039536,0,75,0,0,0,0,0,0,0,0,0,0,1,0,0,779.05001160875,1981.06482338905,141.421357586009,41.8659629391155,1.0,41.8659629391155,vehicle.lincoln.mkz2017,False
161,0,RouteScenario_0,Failed - Agent timed out,80,30,50,0.400000005960465,0,15,0,0,0,0,0,0,0,0,0,0,1,0,0,431.050006423146,1135.63937139511,141.421350842513,64.1311429027264,1.0,64.1311429027264,vehicle.lincoln.mkz2017,False
162,1,RouteScenario_1,Completed,80,30,50,0.400000005960465,0,15,0,0,0,0,0,0,0,0,0,0,0,0,0,134.350002001971,335.382523298264,141.421356574484,100.0,1.0,100.0,vehicle.lincoln.mkz2017,False
163,2,RouteScenario_2,Failed - Agent got blocked,80,30,50,0.400000005960465,0,15,0,0,0,0,0,0,0,0,0,0,0,0,1,241.20000359416,634.957765340805,141.421356574484,68.2298554191883,1.0,68.2298554191883,vehicle.lincoln.mkz2017,False
164,3,RouteScenario_3,Completed,80,30,50,0.400000005960465,0,15,0,0,0,0,0,0,0,0,0,0,0,0,0,224.400003343821,558.131472110748,141.421350842513,100.0,1.0,100.0,vehicle.lincoln.mkz2017,False
165,4,RouteScenario_4,Completed,80,30,50,0.400000005960465,0,15,0,0,0,0,0,0,0,0,0,0,0,0,0,143.400002136827,350.662254333496,141.42135623731,100.0,1.0,100.0,vehicle.lincoln.mkz2017,False
166,5,RouteScenario_5,Failed - Agent timed out,80,30,50,0.400000005960465,0,15,0,0,0,0,0,0,0,0,0,0,1,0,0,892.050013292581,2185.08624243736,141.42135623731,63.016882135895,1.0,63.016882135895,vehicle.lincoln.mkz2017,False
167,6,RouteScenario_6,Completed,80,30,50,0.400000005960465,0,15,0,0,0,0,0,0,0,0,0,0,0,0,0,140.050002086908,344.578214883804,141.42135623731,100.0,1.0,100.0,vehicle.lincoln.mkz2017,False
168,7,RouteScenario_7,Completed,80,30,50,0.400000005960465,0,15,0,0,0,0,0,0,0,0,0,0,0,0,0,311.700004644692,760.421652078629,141.42135623731,100.0,1.0,100.0,vehicle.lincoln.mkz2017,False
169,8,RouteScenario_8,Completed,80,30,50,0.400000005960465,0,15,0,0,0,0,0,0,0,0,0,0,0,0,0,312.550004657358,759.34287238121,141.42135623731,100.0,1.0,100.0,vehicle.lincoln.mkz2017,False
170,9,RouteScenario_9,Completed,80,30,50,0.400000005960465,0,15,0,0,0,0,0,0,0,0,0,0,0,0,0,106.450001586229,269.746147155762,141.421361632106,100.0,1.0,100.0,vehicle.lincoln.mkz2017,False
171,10,RouteScenario_10,Failed - Agent timed out,80,30,50,0.400000005960465,0,15,0,0,0,0,0,0,0,0,0,0,1,0,0,611.050009105355,1550.46742844582,141.42135623731,84.4932364449932,1.0,84.4932364449932,vehicle.lincoln.mkz2017,False
172,11,RouteScenario_11,Failed - Agent timed out,80,30,50,0.400000005960465,0,15,0,0,0,0,0,0,0,0,0,0,1,0,0,234.050003487617,634.995701313019,141.421353539911,34.1750886942337,1.0,34.1750886942337,vehicle.lincoln.mkz2017,False
173,12,RouteScenario_12,Completed,80,30,50,0.400000005960465,0,15,0,0,0,0,0,0,0,0,0,0,0,0,0,326.500004865229,813.452482700348,141.421357586009,100.0,1.0,100.0,vehicle.lincoln.mkz2017,False
174,13,RouteScenario_13,Failed - Agent got blocked,80,30,50,0.400000005960465,0,15,0,0,0,0,0,0,0,0,0,0,0,0,1,576.000008583069,1446.58793950081,141.42135488861,59.2896355492276,1.0,59.2896355492276,vehicle.lincoln.mkz2017,False
175,14,RouteScenario_14,Failed - Agent got blocked,80,30,50,0.400000005960465,0,15,0,0,0,0,0,0,0,0,0,0,0,0,1,380.150005664676,1019.12958431244,141.42135488861,8.83570448293752,1.0,8.83570448293752,vehicle.lincoln.mkz2017,False
176,15,RouteScenario_15,Failed - Agent timed out,80,30,50,0.400000005960465,0,15,0,0,0,0,0,0,0,0,0,0,1,0,0,182.050002712756,481.604671001434,141.42135623731,77.067709038324,1.0,77.067709038324,vehicle.lincoln.mkz2017,False
177,16,RouteScenario_16,Completed,80,30,50,0.400000005960465,0,15,0,0,0,0,0,0,0,0,0,0,0,0,0,202.55000301823,502.959417581558,141.42135623731,100.0,1.0,100.0,vehicle.lincoln.mkz2017,False
178,17,RouteScenario_17,Completed,80,30,50,0.400000005960465,0,15,0,0,0,0,0,0,0,0,0,0,0,0,0,185.600002765656,485.565048456192,141.42135623731,100.0,1.0,100.0,vehicle.lincoln.mkz2017,False
179,18,RouteScenario_18,Completed,80,30,50,0.400000005960465,0,15,0,0,0,0,0,0,0,0,0,0,0,0,0,254.800003796816,646.372416734695,141.421355900135,100.0,1.0,100.0,vehicle.lincoln.mkz2017,False
180,19,RouteScenario_19,Completed,80,30,50,0.400000005960465,0,15,0,0,0,0,0,0,0,0,0,0,0,0,0,611.550009112805,1563.01435899734,141.421357586009,100.0,1.0,100.0,vehicle.lincoln.mkz2017,False
181,20,RouteScenario_20,Completed,80,30,50,0.400000005960465,0,15,0,0,0,0,0,0,0,0,0,0,0,0,0,255.100003801286,660.187830448151,141.421357586009,100.0,1.0,100.0,vehicle.lincoln.mkz2017,False
182,21,RouteScenario_21,Completed,80,30,50,0.400000005960465,0,15,0,0,0,0,0,0,0,0,0,0,0,0,0,239.250003565103,601.25065779686,141.42135488861,100.0,1.0,100.0,vehicle.lincoln.mkz2017,False
183,22,RouteScenario_22,Completed,80,30,50,0.400000005960465,0,15,0,0,0,0,0,0,0,0,0,0,0,0,0,525.850007835776,1351.89534044266,141.421357586009,100.0,1.0,100.0,vehicle.lincoln.mkz2017,False
184,0,RouteScenario_0,Completed,80,0,0,0.349999994039536,0,75,0,0,0,0,0,0,0,0,0,0,0,0,0,226.550003375858,543.764502286911,141.421350842513,100.0,1.0,100.0,vehicle.lincoln.mkz2017,False
185,1,RouteScenario_1,Completed,80,0,0,0.349999994039536,0,75,0,0,0,0,0,0,0,0,0,0,0,0,0,139.200002074242,331.505628824234,141.421356574484,100.0,1.0,100.0,vehicle.lincoln.mkz2017,False
186,2,RouteScenario_2,Completed,80,0,0,0.349999994039536,0,75,0,0,0,0,0,0,0,0,0,0,0,0,0,139.200002074242,328.561138153076,141.421356574484,100.0,1.0,100.0,vehicle.lincoln.mkz2017,False
187,3,RouteScenario_3,Completed,80,0,0,0.349999994039536,0,75,0,0,0,0,0,0,0,0,0,0,0,0,0,180.400002688169,428.69860959053,141.421350842513,100.0,1.0,100.0,vehicle.lincoln.mkz2017,False
188,4,RouteScenario_4,Completed,80,0,0,0.349999994039536,0,75,0,0,0,0,0,0,0,0,0,0,0,0,0,98.6500014699996,232.422002792358,141.42135623731,100.0,1.0,100.0,vehicle.lincoln.mkz2017,False
189,5,RouteScenario_5,Failed - Agent timed out,80,0,0,0.349999994039536,0,75,0,0,0,0,0,0,0,0,0,0,1,0,0,892.050013292581,2091.72568702698,141.42135623731,62.9267758649379,1.0,62.9267758649379,vehicle.lincoln.mkz2017,False
190,6,RouteScenario_6,Completed,80,0,0,0.349999994039536,0,75,0,0,0,0,0,0,0,0,0,0,0,0,0,98.6500014699996,232.872754573822,141.42135623731,100.0,1.0,100.0,vehicle.lincoln.mkz2017,False
191,7,RouteScenario_7,Completed,80,0,0,0.349999994039536,0,75,0,0,0,0,0,0,0,0,0,0,0,0,0,248.250003699213,590.775058031082,141.42135623731,100.0,1.0,100.0,vehicle.lincoln.mkz2017,False
192,8,RouteScenario_8,Completed,80,0,0,0.349999994039536,0,75,0,0,0,0,0,0,0,0,0,0,0,0,0,233.500003479421,556.692705869675,141.42135623731,100.0,1.0,100.0,vehicle.lincoln.mkz2017,False
193,9,RouteScenario_9,Completed,80,0,0,0.349999994039536,0,75,0,0,0,0,0,0,0,0,0,0,0,0,0,156.450002331287,374.048481702805,141.421361632106,100.0,1.0,100.0,vehicle.lincoln.mkz2017,False
194,10,RouteScenario_10,Completed,80,0,0,0.349999994039536,0,75,0,0,0,0,0,0,0,0,0,0,0,0,0,357.200005322695,899.235375642776,141.42135623731,100.0,1.0,100.0,vehicle.lincoln.mkz2017,False
195,11,RouteScenario_11,Failed - Agent got blocked,80,0,0,0.349999994039536,0,75,0,0,0,0,0,0,0,0,0,0,0,0,1,208.150003101677,538.971770524979,141.421353539911,33.7429439956731,1.0,33.7429439956731,vehicle.lincoln.mkz2017,False
196,12,RouteScenario_12,Completed,80,0,0,0.349999994039536,0,75,0,0,0,0,0,0,1,0,0,0,0,0,0,371.300005532801,892.228965044022,141.421357586009,60.0,0.6,100.0,vehicle.lincoln.mkz2017,collisions_vehicle
197,13,RouteScenario_13,Completed,80,0,0,0.349999994039536,0,75,0,0,0,0,0,0,0,0,0,0,0,0,0,357.45000532642,868.964969396591,141.42135488861,100.0,1.0,100.0,vehicle.lincoln.mkz2017,False
198,14,RouteScenario_14,Failed - Agent timed out,80,0,0,0.349999994039536,0,75,0,0,0,0,0,0,0,0,0,0,1,0,0,602.050008971244,1421.21840667725,141.42135488861,98.7220068400174,1.0,98.7220068400174,vehicle.lincoln.mkz2017,False
199,15,RouteScenario_15,Failed - Agent timed out,80,0,0,0.349999994039536,0,75,0,0,0,0,0,0,0,0,0,0,1,0,0,182.050002712756,464.227003574371,141.42135623731,97.4594127312325,1.0,97.4594127312325,vehicle.lincoln.mkz2017,False
200,16,RouteScenario_16,Completed,80,0,0,0.349999994039536,0,75,0,0,0,0,0,0,0,0,0,0,0,0,0,284.450004238635,669.084424734116,141.42135623731,100.0,1.0,100.0,vehicle.lincoln.mkz2017,False
201,17,RouteScenario_17,Completed,80,0,0,0.349999994039536,0,75,0,0,0,0,0,0,0,0,0,0,0,0,0,224.400003343821,558.168677091599,141.42135623731,100.0,1.0,100.0,vehicle.lincoln.mkz2017,False
202,18,RouteScenario_18,Completed,80,0,0,0.349999994039536,0,75,0,0,0,0,0,0,0,0,0,0,0,0,0,254.850003797561,615.034025669098,141.421355900135,100.0,1.0,100.0,vehicle.lincoln.mkz2017,False
203,19,RouteScenario_19,Completed,80,0,0,0.349999994039536,0,75,0,0,0,0,0,0,1,0,0,0,0,0,0,385.000005736947,940.578368425369,141.421357586009,60.0,0.6,100.0,vehicle.lincoln.mkz2017,collisions_vehicle
204,20,RouteScenario_20,Completed,80,0,0,0.349999994039536,0,75,0,0,0,0,0,0,0,0,0,0,0,0,0,257.650003839284,642.117065429688,141.421357586009,100.0,1.0,100.0,vehicle.lincoln.mkz2017,False
205,21,RouteScenario_21,Completed,80,0,0,0.349999994039536,0,75,0,0,0,0,0,0,0,0,0,0,0,0,0,281.850004199892,689.170031309128,141.42135488861,100.0,1.0,100.0,vehicle.lincoln.mkz2017,False
206,22,RouteScenario_22,Completed,80,0,0,0.349999994039536,0,75,0,0,0,0,0,0,1,0,0,0,0,0,0,386.050005752593,942.272658586502,141.421357586009,60.0,0.6,100.0,vehicle.lincoln.mkz2017,collisions_vehicle
207,0,RouteScenario_0,Completed,90,15,50,0.349999994039536,0,15,0,0,0,0,0,0,0,0,0,0,0,0,0,269.850004021078,679.516047477722,141.421350842513,100.0,1.0,100.0,vehicle.lincoln.mkz2017,False
208,1,RouteScenario_1,Completed,90,15,50,0.349999994039536,0,15,0,0,0,0,0,0,0,0,0,0,0,0,0,90.8000013530254,228.745328187942,141.421356574484,100.0,1.0,100.0,vehicle.lincoln.mkz2017,False
209,2,RouteScenario_2,Completed,90,15,50,0.349999994039536,0,15,0,0,0,0,0,0,0,0,0,0,0,0,0,90.7500013522804,228.168735742569,141.421356574484,100.0,1.0,100.0,vehicle.lincoln.mkz2017,False
210,3,RouteScenario_3,Completed,90,15,50,0.349999994039536,0,15,0,0,0,0,0,0,0,0,0,0,0,0,0,180.350002687424,455.897514343262,141.421350842513,100.0,1.0,100.0,vehicle.lincoln.mkz2017,False
211,4,RouteScenario_4,Completed,90,15,50,0.349999994039536,0,15,0,0,0,0,0,0,0,0,0,0,0,0,0,136.100002028048,334.304017782211,141.42135623731,100.0,1.0,100.0,vehicle.lincoln.mkz2017,False
212,5,RouteScenario_5,Failed,90,15,50,0.349999994039536,0,15,0,0,0,0,0,0,1,0,0,0,0,0,0,179.850002679974,457.144731998444,141.42135623731,12.5312786151331,0.6,20.8854643585552,vehicle.lincoln.mkz2017,collisions_vehicle
213,6,RouteScenario_6,Completed,90,15,50,0.349999994039536,0,15,0,0,0,0,0,0,0,0,0,0,0,0,0,136.100002028048,334.771621227264,141.42135623731,100.0,1.0,100.0,vehicle.lincoln.mkz2017,False
214,7,RouteScenario_7,Completed,90,15,50,0.349999994039536,0,15,0,0,0,0,0,0,0,0,0,0,0,0,0,216.800003230572,539.185701608658,141.42135623731,100.0,1.0,100.0,vehicle.lincoln.mkz2017,False
215,8,RouteScenario_8,Completed,90,15,50,0.349999994039536,0,15,0,0,0,0,0,0,0,0,0,0,0,0,0,216.800003230572,537.795135974884,141.42135623731,100.0,1.0,100.0,vehicle.lincoln.mkz2017,False
216,9,RouteScenario_9,Completed,90,15,50,0.349999994039536,0,15,0,0,0,0,0,0,0,0,0,0,0,0,0,113.200001686811,293.390796661377,141.421361632106,100.0,1.0,100.0,vehicle.lincoln.mkz2017,False
217,10,RouteScenario_10,Failed - Agent timed out,90,15,50,0.349999994039536,0,15,0,0,0,0,0,0,0,0,0,0,1,0,0,611.050009105355,1517.99751448631,141.42135623731,68.4094570717077,1.0,68.4094570717077,vehicle.lincoln.mkz2017,False
218,11,RouteScenario_11,Completed,90,15,50,0.349999994039536,0,15,0,0,0,0,0,0,0,0,0,0,0,0,0,141.75000211224,369.266272783279,141.421353539911,100.0,1.0,100.0,vehicle.lincoln.mkz2017,False
219,12,RouteScenario_12,Completed,90,15,50,0.349999994039536,0,15,0,0,0,0,0,0,0,0,0,0,0,0,0,325.100004844368,819.819265127182,141.421357586009,100.0,1.0,100.0,vehicle.lincoln.mkz2017,False
220,13,RouteScenario_13,Completed,90,15,50,0.349999994039536,0,15,0,0,0,0,0,0,0,0,0,0,0,0,0,313.800004675984,807.311616420746,141.42135488861,100.0,1.0,100.0,vehicle.lincoln.mkz2017,False
221,14,RouteScenario_14,Failed - Agent got blocked,90,15,50,0.349999994039536,0,15,0,0,0,0,0,0,0,0,0,0,0,0,1,210.9500031434,575.539125680924,141.42135488861,8.66982727368668,1.0,8.66982727368668,vehicle.lincoln.mkz2017,False
222,15,RouteScenario_15,Failed - Agent timed out,90,15,50,0.349999994039536,0,15,0,0,0,0,0,0,0,0,0,0,1,0,0,182.050002712756,480.6656935215,141.42135623731,92.0443050586306,1.0,92.0443050586306,vehicle.lincoln.mkz2017,False
223,16,RouteScenario_16,Completed,90,15,50,0.349999994039536,0,15,0,0,0,0,0,0,0,0,0,0,0,0,0,240.100003577769,591.731201887131,141.42135623731,100.0,1.0,100.0,vehicle.lincoln.mkz2017,False
224,17,RouteScenario_17,Completed,90,15,50,0.349999994039536,0,15,0,0,0,0,0,0,0,0,0,0,0,0,0,185.700002767146,492.993111848831,141.42135623731,100.0,1.0,100.0,vehicle.lincoln.mkz2017,False
225,18,RouteScenario_18,Completed,90,15,50,0.349999994039536,0,15,0,0,0,0,0,0,0,0,0,0,0,0,0,215.650003213435,554.526151895523,141.421355900135,100.0,1.0,100.0,vehicle.lincoln.mkz2017,False
226,19,RouteScenario_19,Failed - Agent timed out,90,15,50,0.349999994039536,0,15,0,0,0,0,0,0,0,0,0,0,1,0,0,779.05001160875,2051.24949836731,141.421357586009,74.7712703883979,1.0,74.7712703883979,vehicle.lincoln.mkz2017,False
227,20,RouteScenario_20,Completed,90,15,50,0.349999994039536,0,15,0,0,0,0,0,0,0,0,0,0,0,0,0,299.250004459173,771.062200784683,141.421357586009,100.0,1.0,100.0,vehicle.lincoln.mkz2017,False
228,21,RouteScenario_21,Completed,90,15,50,0.349999994039536,0,15,0,0,0,0,0,0,0,0,0,0,0,0,0,277.250004131347,691.773392438889,141.42135488861,100.0,1.0,100.0,vehicle.lincoln.mkz2017,False
229,22,RouteScenario_22,Completed,90,15,50,0.349999994039536,0,15,0,0,0,0,0,0,0,0,0,0,0,0,0,390.900005824864,1000.63079285622,141.421357586009,100.0,1.0,100.0,vehicle.lincoln.mkz2017,False
230,0,RouteScenario_0,Failed - Agent timed out,15,0,0,0.349999994039536,0,15,0,0,0,0,0,0,1,0,0,0,1,0,0,431.050006423146,1074.7553832531,141.421350842513,38.6130824084165,0.6,64.3551373473609,vehicle.lincoln.mkz2017,collisions_vehicle
231,1,RouteScenario_1,Completed,15,0,0,0.349999994039536,0,15,0,0,0,0,0,0,0,0,0,0,0,0,0,181.400002703071,452.86252450943,141.421356574484,100.0,1.0,100.0,vehicle.lincoln.mkz2017,False
232,2,RouteScenario_2,Completed,15,0,0,0.349999994039536,0,15,0,0,0,0,0,0,0,0,0,0,0,0,0,181.400002703071,457.619207859039,141.421356574484,100.0,1.0,100.0,vehicle.lincoln.mkz2017,False
233,3,RouteScenario_3,Completed,15,0,0,0.349999994039536,0,15,0,0,0,0,0,0,0,0,0,0,0,0,0,276.850004125387,692.780938148499,141.421350842513,100.0,1.0,100.0,vehicle.lincoln.mkz2017,False
234,4,RouteScenario_4,Completed,15,0,0,0.349999994039536,0,15,0,0,0,0,0,0,0,0,0,0,0,0,0,181.850002709776,450.518734693527,141.42135623731,100.0,1.0,100.0,vehicle.lincoln.mkz2017,False
235,5,RouteScenario_5,Failed - Agent timed out,15,0,0,0.349999994039536,0,15,0,0,0,0,0,0,1,0,0,0,1,0,0,892.050013292581,2211.41435527801,141.42135623731,36.3504076920326,0.6,60.5840128200544,vehicle.lincoln.mkz2017,collisions_vehicle
236,6,RouteScenario_6,Completed,15,0,0,0.349999994039536,0,15,0,0,0,0,0,0,0,0,0,0,0,0,0,181.850002709776,452.891142606735,141.42135623731,100.0,1.0,100.0,vehicle.lincoln.mkz2017,False
237,7,RouteScenario_7,Completed,15,0,0,0.349999994039536,0,15,0,0,0,0,0,0,0,0,0,0,0,0,0,250.950003739446,614.098388671875,141.42135623731,100.0,1.0,100.0,vehicle.lincoln.mkz2017,False
238,8,RouteScenario_8,Completed,15,0,0,0.349999994039536,0,15,0,0,0,0,0,0,0,0,0,0,0,0,0,248.600003704429,611.196108579636,141.42135623731,100.0,1.0,100.0,vehicle.lincoln.mkz2017,False
239,9,RouteScenario_9,Completed,15,0,0,0.349999994039536,0,15,0,0,0,0,0,0,0,0,0,0,0,0,0,112.350001674145,283.445729255676,141.421361632106,100.0,1.0,100.0,vehicle.lincoln.mkz2017,False
240,10,RouteScenario_10,Failed - Agent timed out,15,0,0,0.349999994039536,0,15,0,0,0,0,0,0,1,0,0,0,1,0,0,611.050009105355,1498.70913028717,141.42135623731,18.0859819136872,0.6,30.1433031894786,vehicle.lincoln.mkz2017,collisions_vehicle
241,11,RouteScenario_11,Completed,15,0,0,0.349999994039536,0,15,0,0,0,0,0,0,0,0,0,0,0,0,0,181.150002699345,459.974168300629,141.421353539911,100.0,1.0,100.0,vehicle.lincoln.mkz2017,False
242,12,RouteScenario_12,Completed,15,0,0,0.349999994039536,0,15,0,0,0,0,0,0,0,0,0,0,0,0,0,356.800005316734,882.764587640762,141.421357586009,100.0,1.0,100.0,vehicle.lincoln.mkz2017,False
243,13,RouteScenario_13,Completed,15,0,0,0.349999994039536,0,15,0,0,0,0,0,0,0,0,0,0,0,0,0,365.800005450845,933.132787227631,141.42135488861,100.0,1.0,100.0,vehicle.lincoln.mkz2017,False
244,14,RouteScenario_14,Failed - Agent got blocked,15,0,0,0.349999994039536,0,15,0,0,0,0,0,0,0,0,0,0,0,0,1,564.25000840798,1348.11131596565,141.42135488861,98.7220068400174,1.0,98.7220068400174,vehicle.lincoln.mkz2017,False
245,15,RouteScenario_15,Completed,15,0,0,0.349999994039536,0,15,0,0,0,0,0,0,0,0,0,0,0,0,0,137.300002045929,355.386816263199,141.42135623731,100.0,1.0,100.0,vehicle.lincoln.mkz2017,False
246,16,RouteScenario_16,Completed,15,0,0,0.349999994039536,0,15,0,0,0,0,0,0,0,0,0,0,0,0,0,199.500002972782,488.33330821991,141.42135623731,100.0,1.0,100.0,vehicle.lincoln.mkz2017,False
247,17,RouteScenario_17,Completed,15,0,0,0.349999994039536,0,15,0,0,0,0,0,0,0,0,0,0,0,0,0,225.200003355741,552.376424312592,141.42135623731,100.0,1.0,100.0,vehicle.lincoln.mkz2017,False
248,18,RouteScenario_18,Completed,15,0,0,0.349999994039536,0,15,0,0,0,0,0,0,0,0,0,0,0,0,0,260.800003886223,640.09056353569,141.421355900135,100.0,1.0,100.0,vehicle.lincoln.mkz2017,False
249,19,RouteScenario_19,Completed,15,0,0,0.349999994039536,0,15,0,0,0,0,0,0,0,0,0,0,0,0,0,341.550005089492,837.211463689804,141.421357586009,100.0,1.0,100.0,vehicle.lincoln.mkz2017,False
250,20,RouteScenario_20,Completed,15,0,0,0.349999994039536,0,15,0,0,0,0,0,0,0,0,0,0,0,0,0,304.800004541874,767.825526475906,141.421357586009,100.0,1.0,100.0,vehicle.lincoln.mkz2017,False
251,21,RouteScenario_21,Completed,15,0,0,0.349999994039536,0,15,0,0,0,0,0,0,0,0,0,0,0,0,0,218.750003259629,535.821788787842,141.42135488861,100.0,1.0,100.0,vehicle.lincoln.mkz2017,False
252,22,RouteScenario_22,Failed - Agent timed out,15,0,0,0.349999994039536,0,15,0,0,0,0,0,0,0,0,0,0,1,0,0,779.05001160875,1995.53972458839,141.421357586009,41.989260033816,1.0,41.989260033816,vehicle.lincoln.mkz2017,False
253,0,RouteScenario_0,Failed - Agent timed out,90,0,50,0.349999994039536,0,15,0,0,0,0,0,0,0,0,0,0,1,0,0,431.050006423146,1132.20763874054,141.421350842513,64.579130629479,1.0,64.579130629479,vehicle.lincoln.mkz2017,False
254,1,RouteScenario_1,Completed,90,0,50,0.349999994039536,0,15,0,0,0,0,0,0,0,0,0,0,0,0,0,184.650002751499,467.588791131973,141.421356574484,100.0,1.0,100.0,vehicle.lincoln.mkz2017,False
255,2,RouteScenario_2,Completed,90,0,50,0.349999994039536,0,15,0,0,0,0,0,0,0,0,0,0,0,0,0,186.200002774596,483.378380537033,141.421356574484,100.0,1.0,100.0,vehicle.lincoln.mkz2017,False
256,3,RouteScenario_3,Completed,90,0,50,0.349999994039536,0,15,0,0,0,0,0,0,0,0,0,0,0,0,0,225.600003361702,564.330428600311,141.421350842513,100.0,1.0,100.0,vehicle.lincoln.mkz2017,False
257,4,RouteScenario_4,Completed,90,0,50,0.349999994039536,0,15,0,0,0,0,0,0,0,0,0,0,0,0,0,140.150002088398,343.120208501816,141.42135623731,100.0,1.0,100.0,vehicle.lincoln.mkz2017,False
258,5,RouteScenario_5,Failed,90,0,50,0.349999994039536,0,15,0,0,0,0,0,0,1,0,0,0,0,0,0,83.1500012390315,209.878233671188,141.42135623731,12.5312786151331,0.6,20.8854643585552,vehicle.lincoln.mkz2017,collisions_vehicle
259,6,RouteScenario_6,Completed,90,0,50,0.349999994039536,0,15,0,0,0,0,0,0,0,0,0,0,0,0,0,181.850002709776,456.029114961624,141.42135623731,100.0,1.0,100.0,vehicle.lincoln.mkz2017,False
260,7,RouteScenario_7,Completed,90,0,50,0.349999994039536,0,15,0,0,0,0,0,0,0,0,0,0,0,0,0,235.750003512949,576.979575395584,141.42135623731,100.0,1.0,100.0,vehicle.lincoln.mkz2017,False
261,8,RouteScenario_8,Completed,90,0,50,0.349999994039536,0,15,0,0,0,0,0,0,0,0,0,0,0,0,0,235.650003511459,578.22142291069,141.42135623731,100.0,1.0,100.0,vehicle.lincoln.mkz2017,False
262,9,RouteScenario_9,Completed,90,0,50,0.349999994039536,0,15,0,0,0,0,0,0,0,0,0,0,0,0,0,110.500001646578,284.458372831345,141.421361632106,100.0,1.0,100.0,vehicle.lincoln.mkz2017,False
263,10,RouteScenario_10,Completed,90,0,50,0.349999994039536,0,15,0,0,0,0,0,0,0,0,0,0,0,0,0,472.600007042289,1159.2143061161,141.42135623731,100.0,1.0,100.0,vehicle.lincoln.mkz2017,False
264,11,RouteScenario_11,Failed - Agent timed out,90,0,50,0.349999994039536,0,15,0,0,0,0,0,0,0,0,0,0,1,0,0,234.050003487617,627.219172239304,141.421353539911,34.1750886942337,1.0,34.1750886942337,vehicle.lincoln.mkz2017,False
265,12,RouteScenario_12,Completed,90,0,50,0.349999994039536,0,15,0,0,0,0,0,0,0,0,0,0,0,0,0,325.350004848093,814.535009384155,141.421357586009,100.0,1.0,100.0,vehicle.lincoln.mkz2017,False
266,13,RouteScenario_13,Failed - Agent got blocked,90,0,50,0.349999994039536,0,15,0,0,0,0,0,0,0,0,0,0,0,0,1,407.450006071478,1053.73117303848,141.42135488861,59.4465404688868,1.0,59.4465404688868,vehicle.lincoln.mkz2017,False
267,14,RouteScenario_14,Failed - Agent got blocked,90,0,50,0.349999994039536,0,15,0,0,0,0,0,0,0,0,0,0,0,0,1,200.850002992898,544.029852867126,141.42135488861,8.83570448293752,1.0,8.83570448293752,vehicle.lincoln.mkz2017,False
268,15,RouteScenario_15,Completed,90,0,50,0.349999994039536,0,15,0,0,0,0,0,0,0,0,0,0,0,0,0,181.250002700835,477.038659095764,141.42135623731,100.0,1.0,100.0,vehicle.lincoln.mkz2017,False
269,16,RouteScenario_16,Completed,90,0,50,0.349999994039536,0,15,0,0,0,0,0,0,0,0,0,0,0,0,0,194.450002897531,477.289316892624,141.42135623731,100.0,1.0,100.0,vehicle.lincoln.mkz2017,False
270,17,RouteScenario_17,Completed,90,0,50,0.349999994039536,0,15,0,0,0,0,0,0,0,0,0,0,0,0,0,185.750002767891,484.701494932175,141.42135623731,100.0,1.0,100.0,vehicle.lincoln.mkz2017,False
271,18,RouteScenario_18,Completed,90,0,50,0.349999994039536,0,15,0,0,0,0,0,0,0,0,0,0,0,0,0,254.800003796816,647.737471103668,141.421355900135,100.0,1.0,100.0,vehicle.lincoln.mkz2017,False
272,19,RouteScenario_19,Failed - Agent got blocked,90,0,50,0.349999994039536,0,15,0,0,0,0,0,0,0,0,0,0,0,0,1,603.400008991361,1593.73291635513,141.421357586009,41.989260033816,1.0,41.989260033816,vehicle.lincoln.mkz2017,False
273,20,RouteScenario_20,Completed,90,0,50,0.349999994039536,0,15,0,0,0,0,0,0,0,0,0,0,0,0,0,208.750003110617,535.993275165558,141.421357586009,100.0,1.0,100.0,vehicle.lincoln.mkz2017,False
274,21,RouteScenario_21,Completed,90,0,50,0.349999994039536,0,15,0,0,0,0,0,0,0,0,0,0,0,0,0,273.950004082173,691.507388830185,141.42135488861,100.0,1.0,100.0,vehicle.lincoln.mkz2017,False
275,22,RouteScenario_22,Failed - Agent timed out,90,0,50,0.349999994039536,0,15,0,0,0,0,0,0,0,0,0,0,1,0,0,779.05001160875,2018.65992116928,141.421357586009,94.9737599381761,1.0,94.9737599381761,vehicle.lincoln.mkz2017,False
276,0,RouteScenario_0,Completed,80,0,0,0.349999994039536,0,15,0,0,0,0,0,0,0,0,0,0,0,0,0,184.350002747029,453.297594308853,141.421350842513,100.0,1.0,100.0,vehicle.lincoln.mkz2017,False
277,1,RouteScenario_1,Failed - Agent timed out,80,0,0,0.349999994039536,0,15,0,0,0,0,0,0,0,0,0,0,1,0,0,319.050004754216,821.14879655838,141.421356574484,72.5083872022951,1.0,72.5083872022951,vehicle.lincoln.mkz2017,False
278,2,RouteScenario_2,Failed - Agent timed out,80,0,0,0.349999994039536,0,15,0,0,0,0,0,0,0,0,0,0,1,0,0,319.050004754216,825.421696424484,141.421356574484,72.5083872022951,1.0,72.5083872022951,vehicle.lincoln.mkz2017,False
279,3,RouteScenario_3,Completed,80,0,0,0.349999994039536,0,15,0,0,0,0,0,0,0,0,0,0,0,0,0,229.600003421307,567.704037666321,141.421350842513,100.0,1.0,100.0,vehicle.lincoln.mkz2017,False
280,4,RouteScenario_4,Completed,80,0,0,0.349999994039536,0,15,0,0,0,0,0,0,0,0,0,0,0,0,0,181.950002711266,449.570185661316,141.42135623731,100.0,1.0,100.0,vehicle.lincoln.mkz2017,False
281,5,RouteScenario_5,Failed - Agent timed out,80,0,0,0.349999994039536,0,15,0,0,0,0,0,0,0,0,0,0,1,0,0,892.050013292581,2178.65081644058,141.42135623731,63.106988406852,1.0,63.106988406852,vehicle.lincoln.mkz2017,False
282,6,RouteScenario_6,Completed,80,0,0,0.349999994039536,0,15,0,0,0,0,0,0,0,0,0,0,0,0,0,181.950002711266,449.425480127335,141.42135623731,100.0,1.0,100.0,vehicle.lincoln.mkz2017,False
283,7,RouteScenario_7,Completed,80,0,0,0.349999994039536,0,15,0,0,0,0,0,0,0,0,0,0,0,0,0,237.950003545731,573.568419456482,141.42135623731,100.0,1.0,100.0,vehicle.lincoln.mkz2017,False
284,8,RouteScenario_8,Completed,80,0,0,0.349999994039536,0,15,0,0,0,0,0,0,0,0,0,0,0,0,0,233.550003480166,567.665536403656,141.42135623731,100.0,1.0,100.0,vehicle.lincoln.mkz2017,False
285,9,RouteScenario_9,Completed,80,0,0,0.349999994039536,0,15,0,0,0,0,0,0,0,0,0,0,0,0,0,106.250001583248,263.081270456314,141.421361632106,100.0,1.0,100.0,vehicle.lincoln.mkz2017,False
286,10,RouteScenario_10,Completed,80,0,0,0.349999994039536,0,15,0,0,0,0,0,0,0,0,0,0,0,0,0,359.150005351752,896.57873749733,141.42135623731,100.0,1.0,100.0,vehicle.lincoln.mkz2017,False
287,11,RouteScenario_11,Completed,80,0,0,0.349999994039536,0,15,0,0,0,0,0,0,0,0,0,0,0,0,0,182.200002714992,461.465347528458,141.421353539911,100.0,1.0,100.0,vehicle.lincoln.mkz2017,False
288,12,RouteScenario_12,Completed,80,0,0,0.349999994039536,0,15,0,0,0,0,0,0,0,0,0,0,0,0,0,326.100004859269,791.099303722382,141.421357586009,100.0,1.0,100.0,vehicle.lincoln.mkz2017,False
289,13,RouteScenario_13,Completed,80,0,0,0.349999994039536,0,15,0,0,0,0,0,0,0,0,0,0,0,0,0,498.800007432699,1235.60464382172,141.42135488861,100.0,1.0,100.0,vehicle.lincoln.mkz2017,False
290,14,RouteScenario_14,Failed - Agent timed out,80,0,0,0.349999994039536,0,15,0,0,0,0,0,0,0,0,0,0,1,0,0,602.050008971244,1450.92969226837,141.42135488861,95.6441161537784,1.0,95.6441161537784,vehicle.lincoln.mkz2017,False
291,15,RouteScenario_15,Completed,80,0,0,0.349999994039536,0,15,0,0,0,0,0,0,0,0,0,0,0,0,0,141.050002101809,368.858886003494,141.42135623731,100.0,1.0,100.0,vehicle.lincoln.mkz2017,False
292,16,RouteScenario_16,Completed,80,0,0,0.349999994039536,0,15,0,0,0,0,0,0,0,0,0,0,0,0,0,284.3000042364,691.943171977997,141.42135623731,100.0,1.0,100.0,vehicle.lincoln.mkz2017,False
293,17,RouteScenario_17,Completed,80,0,0,0.349999994039536,0,15,0,0,0,0,0,0,0,0,0,0,0,0,0,226.300003372133,575.290784597397,141.42135623731,100.0,1.0,100.0,vehicle.lincoln.mkz2017,False
294,18,RouteScenario_18,Completed,80,0,0,0.349999994039536,0,15,0,0,0,0,0,0,0,0,0,0,0,0,0,303.350004520267,759.796944141388,141.421355900135,100.0,1.0,100.0,vehicle.lincoln.mkz2017,False
295,19,RouteScenario_19,Completed,80,0,0,0.349999994039536,0,15,0,0,0,0,0,0,0,0,0,0,0,0,0,519.950007747859,1289.09710502625,141.421357586009,100.0,1.0,100.0,vehicle.lincoln.mkz2017,False
296,20,RouteScenario_20,Completed,80,0,0,0.349999994039536,0,15,0,0,0,0,0,0,0,0,0,0,0,0,0,212.300003163516,529.137224674225,141.421357586009,100.0,1.0,100.0,vehicle.lincoln.mkz2017,False
297,21,RouteScenario_21,Failed,80,0,0,0.349999994039536,0,15,0,0,0,0,0,0,1,0,0,0,0,0,0,164.750002454966,410.987347364426,141.42135488861,39.5558085855785,0.6,65.9263476426309,vehicle.lincoln.mkz2017,collisions_vehicle
298,22,RouteScenario_22,Completed,80,0,0,0.349999994039536,0,15,0,0,0,0,0,0,0,0,0,0,0,0,0,616.750009190291,1532.69822263718,141.421357586009,100.0,1.0,100.0,vehicle.lincoln.mkz2017,False
299,0,RouteScenario_0,Completed,80,30,50,0.400000005960465,0,75,0,0,0,0,0,0,0,0,0,0,0,0,0,181.150002699345,442.323629617691,141.421350842513,100.0,1.0,100.0,vehicle.lincoln.mkz2017,False
300,1,RouteScenario_1,Completed,80,30,50,0.400000005960465,0,75,0,0,0,0,0,0,0,0,0,0,0,0,0,89.8000013381243,219.170706987381,141.421356574484,100.0,1.0,100.0,vehicle.lincoln.mkz2017,False
301,2,RouteScenario_2,Completed,80,30,50,0.400000005960465,0,75,0,0,0,0,0,0,0,0,0,0,0,0,0,89.6500013358891,219.964977025986,141.421356574484,100.0,1.0,100.0,vehicle.lincoln.mkz2017,False
302,3,RouteScenario_3,Completed,80,30,50,0.400000005960465,0,75,0,0,0,0,0,0,0,0,0,0,0,0,0,225.650003362447,544.297849655151,141.421350842513,100.0,1.0,100.0,vehicle.lincoln.mkz2017,False
303,4,RouteScenario_4,Completed,80,30,50,0.400000005960465,0,75,0,0,0,0,0,0,0,0,0,0,0,0,0,182.000002712011,438.863466978073,141.42135623731,100.0,1.0,100.0,vehicle.lincoln.mkz2017,False
304,5,RouteScenario_5,Failed - Agent timed out,80,30,50,0.400000005960465,0,75,0,0,0,0,0,0,0,0,0,0,1,0,0,892.050013292581,2095.43064570427,141.42135623731,61.485075529625,1.0,61.485075529625,vehicle.lincoln.mkz2017,False
305,6,RouteScenario_6,Completed,80,30,50,0.400000005960465,0,75,0,0,0,0,0,0,0,0,0,0,0,0,0,181.950002711266,439.613452672958,141.42135623731,100.0,1.0,100.0,vehicle.lincoln.mkz2017,False
306,7,RouteScenario_7,Completed,80,30,50,0.400000005960465,0,75,0,0,0,0,0,0,0,0,0,0,0,0,0,247.050003681332,587.306149959564,141.42135623731,100.0,1.0,100.0,vehicle.lincoln.mkz2017,False
307,8,RouteScenario_8,Completed,80,30,50,0.400000005960465,0,75,0,0,0,0,0,0,0,0,0,0,0,0,0,247.050003681332,586.504219055176,141.42135623731,100.0,1.0,100.0,vehicle.lincoln.mkz2017,False
308,9,RouteScenario_9,Completed,80,30,50,0.400000005960465,0,75,0,0,0,0,0,0,0,0,0,0,0,0,0,155.00000230968,373.796021461487,141.421361632106,100.0,1.0,100.0,vehicle.lincoln.mkz2017,False
309,10,RouteScenario_10,Failed - Agent got blocked,80,30,50,0.400000005960465,0,75,0,0,0,0,0,0,0,0,0,0,0,0,1,272.150004055351,658.671054601669,141.42135623731,29.8027690267634,1.0,29.8027690267634,vehicle.lincoln.mkz2017,False
310,11,RouteScenario_11,Completed,80,30,50,0.400000005960465,0,75,0,0,0,0,0,0,0,0,0,0,0,0,0,181.150002699345,449.715479850769,141.421353539911,100.0,1.0,100.0,vehicle.lincoln.mkz2017,False
311,12,RouteScenario_12,Completed,80,30,50,0.400000005960465,0,75,0,0,0,0,0,0,0,0,0,0,0,0,0,375.250005591661,893.161539554596,141.421357586009,100.0,1.0,100.0,vehicle.lincoln.mkz2017,False
312,13,RouteScenario_13,Failed,80,30,50,0.400000005960465,0,75,0,0,0,0,0,0,1,0,0,0,0,0,0,168.950002517551,427.304329633713,141.42135488861,24.983374548705,0.6,41.638957581175,vehicle.lincoln.mkz2017,collisions_vehicle
313,14,RouteScenario_14,Failed - Agent timed out,80,30,50,0.400000005960465,0,75,0,0,0,0,0,0,0,0,0,0,1,0,0,602.050008971244,1399.02857923508,141.42135488861,96.8485081614372,1.0,96.8485081614372,vehicle.lincoln.mkz2017,False
314,15,RouteScenario_15,Completed,80,30,50,0.400000005960465,0,75,0,0,0,0,0,0,0,0,0,0,0,0,0,137.100002042949,343.253198385239,141.42135623731,100.0,1.0,100.0,vehicle.lincoln.mkz2017,False
315,16,RouteScenario_16,Completed,80,30,50,0.400000005960465,0,75,0,0,0,0,0,0,0,0,0,0,0,0,0,201.250002998859,473.483468294144,141.42135623731,100.0,1.0,100.0,vehicle.lincoln.mkz2017,False
316,17,RouteScenario_17,Completed,80,30,50,0.400000005960465,0,75,0,0,0,0,0,0,0,0,0,0,0,0,0,180.550002690405,451.727572441101,141.42135623731,100.0,1.0,100.0,vehicle.lincoln.mkz2017,False
317,18,RouteScenario_18,Completed,80,30,50,0.400000005960465,0,75,0,0,0,0,0,0,0,0,0,0,0,0,0,258.050003845245,627.565736532211,141.421355900135,100.0,1.0,100.0,vehicle.lincoln.mkz2017,False
318,19,RouteScenario_19,Failed - Agent timed out,80,30,50,0.400000005960465,0,75,0,0,0,0,0,0,0,0,0,0,1,0,0,779.05001160875,1960.29170393944,141.421357586009,41.989260033816,1.0,41.989260033816,vehicle.lincoln.mkz2017,False
319,20,RouteScenario_20,Completed,80,30,50,0.400000005960465,0,75,0,0,0,0,0,0,0,0,0,0,0,0,0,254.05000378564,623.22685956955,141.421357586009,100.0,1.0,100.0,vehicle.lincoln.mkz2017,False
320,21,RouteScenario_21,Completed,80,30,50,0.400000005960465,0,75,0,0,0,0,0,0,0,0,0,0,0,0,0,225.350003357977,539.362012624741,141.42135488861,100.0,1.0,100.0,vehicle.lincoln.mkz2017,False
321,22,RouteScenario_22,Failed - Agent timed out,80,30,50,0.400000005960465,0,75,0,0,0,0,0,0,0,0,0,0,1,0,0,779.05001160875,2006.83763861656,141.421357586009,41.989260033816,1.0,41.989260033816,vehicle.lincoln.mkz2017,False
