,Unnamed: 0,route_id,status,basename,collisions_layout,collisions_pedestrian,collisions_vehicle,outside_route_lanes,red_light,route_dev,route_timeout,stop_infraction,vehicle_blocked,duration_game,duration_system,route_length,total_steps,score_composed,score_penalty,score_route,infraction
0,0,RouteScenario_0,Completed,results_TCP,0,0,0,0,0,0,0,0,0,95.35000142082572,296.2844111919403,207.01921297077124,1906,100.0,1.0,100.0,False
1,1,RouteScenario_1,Failed,results_TCP,0,0,0,0,1,0,0,0,0,38.60000057518482,97.77714133262634,82.7731237397857,771,0.2922535056354798,0.7,0.4175050080506854,red_light
2,2,RouteScenario_2,Failed - Agent timed out,results_TCP,0,0,0,0,0,0,1,0,0,198.05000295117495,667.5883281230927,4.00000021027517,3960,86.28688123841795,1.0,86.28688123841795,route_timeout
3,3,RouteScenario_3,Failed - Agent timed out,results_TCP,0,0,0,0,0,0,1,0,0,101.05000150576234,350.3436949253082,85.01128944107964,2020,97.504928053139,1.0,97.504928053139,route_timeout
4,4,RouteScenario_4,Failed - Agent timed out,results_TCP,0,0,0,0,0,0,1,0,0,242.05000360682607,812.4028141498566,222.385490044924,4840,98.98822262393568,1.0,98.98822262393568,route_timeout
5,5,RouteScenario_5,Completed,results_TCP,0,0,0,0,0,0,0,0,0,137.50000204890966,485.06355571746826,215.67133460039676,2749,100.0,1.0,100.0,False
6,6,RouteScenario_6,Failed - Agent timed out,results_TCP,0,0,0,0,0,0,1,0,0,69.05000102892518,250.6177179813385,81.9999806667819,1380,97.53445608328752,1.0,97.53445608328752,route_timeout
7,7,RouteScenario_7,Completed,results_TCP,0,0,0,0,0,0,0,0,0,107.25000159814954,417.5142502784729,89.66100072719145,2144,100.0,1.0,100.0,False
8,8,RouteScenario_8,Completed,results_TCP,0,0,0,0,0,0,0,0,0,26.90000040084124,112.10712099075316,84.29327349453786,537,100.0,1.0,100.0,False
9,9,RouteScenario_9,Completed,results_TCP,0,0,0,0,0,0,0,0,0,111.40000165998936,509.2901813983917,161.24031255030107,2227,100.0,1.0,100.0,False
10,10,RouteScenario_10,Failed - Agent timed out,results_TCP,0,0,0,0,0,0,1,0,0,147.05000219121575,588.0534613132477,178.9391330373126,2940,98.31287360840916,1.0,98.31287360840916,route_timeout
11,11,RouteScenario_11,Failed - Agent timed out,results_TCP,0,0,0,0,0,0,1,0,0,113.05000168457627,432.1363112926483,101.61206212778252,2260,98.53154988978852,1.0,98.53154988978852,route_timeout
12,12,RouteScenario_12,Failed - Agent timed out,results_TCP,0,0,0,0,0,0,1,0,0,122.05000181868672,490.6072518825531,148.57995264526733,2440,97.27330961657368,1.0,97.27330961657368,route_timeout
13,13,RouteScenario_13,Failed - Agent got blocked,results_TCP,0,0,0,0,0,0,0,0,1,190.05000283196568,725.5216262340546,212.21998513514657,3800,9.889885351241723,1.0,9.889885351241723,vehicle_blocked
14,14,RouteScenario_14,Failed - Agent timed out,results_TCP,0,0,0,0,0,0,1,0,0,221.05000329390168,920.6775009632112,185.7261592234176,4420,98.89003169245215,1.0,98.89003169245215,route_timeout
15,15,RouteScenario_15,Failed - Agent timed out,results_TCP,0,0,0,0,0,0,1,0,0,141.0500021018088,566.3874270915985,135.3497162420629,2820,96.70174395066348,1.0,96.70174395066348,route_timeout
16,16,RouteScenario_16,Failed - Agent timed out,results_TCP,0,0,0,0,0,0,1,0,0,125.0500018633902,558.010092496872,84.74849002285849,2500,3.402231514424797,1.0,3.402231514424797,route_timeout
17,17,RouteScenario_17,Failed,results_TCP,1,0,0,0,0,0,0,0,0,114.550001706928,447.1399631500244,134.9649352416446,2290,56.54903161581102,0.65,86.99851017817079,collisions_layout
18,18,RouteScenario_18,Completed,results_TCP,0,0,0,0,0,0,0,0,0,36.80000054836273,148.67386150360107,63.51635132231508,735,100.0,1.0,100.0,False
19,19,RouteScenario_19,Failed - Agent timed out,results_TCP,0,0,0,0,0,0,1,0,0,242.05000360682607,899.2450852394104,250.78999932384824,4840,98.9918751578556,1.0,98.9918751578556,route_timeout
20,20,RouteScenario_20,Completed,results_TCP,0,0,0,0,0,0,0,0,0,148.35000221058726,526.1952028274536,251.33524385962852,2966,100.0,1.0,100.0,False
21,21,RouteScenario_21,Completed,results_TCP,0,0,0,0,0,0,0,0,0,111.3500016592443,398.7103135585785,240.84659042508255,2226,100.0,1.0,100.0,False
22,22,RouteScenario_22,Failed - Agent timed out,results_TCP,0,0,0,0,0,0,1,0,0,93.05000138655303,368.1188666820526,91.21650580385666,1860,98.18444266219882,1.0,98.18444266219882,route_timeout
23,23,RouteScenario_23,Completed,results_TCP,0,0,0,0,0,0,0,0,0,38.95000058040023,158.10730457305908,167.38486120028512,778,100.0,1.0,100.0,False
24,24,RouteScenario_24,Failed - Agent timed out,results_TCP,0,0,0,0,0,0,1,0,0,63.05000093951821,257.1445198059082,75.509947236394,1260,95.92546303708664,1.0,95.92546303708664,route_timeout
25,25,RouteScenario_25,Failed - Agent timed out,results_TCP,0,0,0,0,0,0,1,0,0,118.05000175908208,432.2614493370056,127.5593661832002,2360,92.45889930115467,1.0,92.45889930115467,route_timeout
26,26,RouteScenario_26,Failed - Agent timed out,results_TCP,0,0,0,0,0,0,1,0,0,112.05000166967513,436.7617452144623,135.98085964910393,2240,98.5196029793079,1.0,98.5196029793079,route_timeout
27,27,RouteScenario_27,Failed,results_TCP,0,0,0,0,1,0,0,0,0,27.950000416487452,111.98751640319824,160.59174114741538,558,26.378778183691114,0.7,37.68396883384445,red_light
28,28,RouteScenario_28,Completed,results_TCP,0,0,0,0,0,0,0,0,0,119.85000178590415,520.5654244422913,174.25697675114515,2396,100.0,1.0,100.0,False
29,29,RouteScenario_29,Completed,results_TCP,0,0,0,0,0,0,0,0,0,22.45000033453107,96.34146475791933,103.99867141155153,448,100.0,1.0,100.0,False
30,30,RouteScenario_30,Completed,results_TCP,0,0,0,0,0,0,0,0,0,187.15000278875232,802.4270958900452,84.2791168394927,3742,100.0,1.0,100.0,False
31,31,RouteScenario_31,Failed - Agent timed out,results_TCP,0,0,0,0,0,0,1,0,0,170.05000253394246,710.3994481563568,67.53636251445108,3400,69.29767217829949,1.0,69.29767217829949,route_timeout
32,32,RouteScenario_32,Failed - Agent timed out,results_TCP,0,0,0,0,0,0,1,0,0,138.0500020571053,515.2884764671326,167.99996240809642,2760,98.20486135518928,1.0,98.20486135518928,route_timeout
33,33,RouteScenario_33,Failed - Agent timed out,results_TCP,0,0,0,0,0,0,1,0,0,197.0500029362738,786.9693653583527,193.7218500399844,3940,98.75136719884652,1.0,98.75136719884652,route_timeout
34,34,RouteScenario_34,Completed,results_TCP,0,0,0,0,0,0,0,0,0,80.90000120550394,304.6717495918274,141.12593610356925,1617,100.0,1.0,100.0,False
35,35,RouteScenario_35,Failed,results_TCP,0,0,0,0,1,0,0,0,0,91.10000135749578,351.4336676597595,109.3971503213479,1821,36.77147958589168,0.7,52.5306851227024,red_light
36,36,RouteScenario_36,Completed,results_TCP,0,0,0,0,0,0,0,0,0,135.15000201389194,494.65629959106445,148.92514730795034,2702,100.0,1.0,100.0,False
37,37,RouteScenario_37,Failed - Agent timed out,results_TCP,0,0,0,0,0,0,1,0,0,196.05000292137265,750.9607038497925,158.68891930218643,3920,98.74822074442712,1.0,98.74822074442712,route_timeout
38,38,RouteScenario_38,Completed,results_TCP,0,0,0,0,0,0,0,0,0,26.150000389665365,95.38363933563232,76.90635351557887,522,100.0,1.0,100.0,False
39,39,RouteScenario_39,Failed - Agent timed out,results_TCP,0,0,0,0,0,0,1,0,0,153.05000228062272,596.0145380496979,186.62042559656945,3060,96.01593689553904,1.0,96.01593689553904,route_timeout
40,40,RouteScenario_40,Completed,results_TCP,0,0,0,0,0,0,0,0,0,133.55000199005008,510.822074174881,178.23508386477212,2670,100.0,1.0,100.0,False
41,41,RouteScenario_41,Completed,results_TCP,0,0,0,0,0,0,0,0,0,53.35000079497695,243.58570194244385,78.0000161598569,1066,100.0,1.0,100.0,False
42,42,RouteScenario_42,Failed - Agent timed out,results_TCP,0,0,0,0,0,0,1,0,0,209.05000311508772,960.4498596191406,118.8098843933318,4180,27.79636080741197,1.0,27.79636080741197,route_timeout
43,43,RouteScenario_43,Failed - Agent timed out,results_TCP,0,0,0,0,0,0,1,0,0,147.05000219121575,567.7567539215088,179.964561912339,2940,94.05720268841068,1.0,94.05720268841068,route_timeout
44,44,RouteScenario_44,Completed,results_TCP,0,0,0,1,0,0,0,0,0,137.75000205263495,511.7793431282044,169.5013052937602,2754,95.66330816932704,0.9566330816932704,100.0,outside_route_lanes
45,45,RouteScenario_45,Failed - Agent timed out,results_TCP,0,0,0,0,0,0,1,0,0,152.05000226572156,566.9589912891388,132.53723393111662,3040,98.91391045774397,1.0,98.91391045774397,route_timeout
46,46,RouteScenario_46,Failed - Agent timed out,results_TCP,0,0,0,0,0,0,1,0,0,136.05000202730298,501.7825117111206,165.70690746680884,2720,97.57162049962513,1.0,97.57162049962513,route_timeout
47,47,RouteScenario_47,Failed - Agent timed out,results_TCP,0,0,0,0,0,0,1,0,0,238.05000354722145,1008.686955690384,242.2096374248703,4760,97.14236312352784,1.0,97.14236312352784,route_timeout
48,48,RouteScenario_48,Failed - Agent timed out,results_TCP,0,0,0,0,0,0,1,0,0,233.0500034727156,916.0423030853271,243.72050897647105,4660,0.0,1.0,0.0,route_timeout
49,49,RouteScenario_49,Completed,results_TCP,0,0,0,0,0,0,0,0,0,118.00000175833702,489.9427332878113,172.47023603808037,2359,100.0,1.0,100.0,False
50,50,RouteScenario_50,Failed - Agent timed out,results_TCP,0,0,0,0,0,0,1,0,0,118.05000175908208,485.59323382377625,117.5310984930196,2360,98.58744900143164,1.0,98.58744900143164,route_timeout
51,51,RouteScenario_51,Completed,results_TCP,0,0,0,0,0,0,0,0,0,64.2500009573996,266.88713216781616,236.0266182942848,1284,100.0,1.0,100.0,False
52,52,RouteScenario_52,Failed - Agent timed out,results_TCP,0,0,0,0,0,0,1,0,0,126.05000187829135,482.4353399276733,91.7189155740634,2520,98.68505569313108,1.0,98.68505569313108,route_timeout
53,53,RouteScenario_53,Completed,results_TCP,0,0,0,0,0,0,0,0,0,105.05000156536698,412.6017026901245,98.37931889628884,2100,100.0,1.0,100.0,False
54,54,RouteScenario_54,Completed,results_TCP,0,0,0,0,0,0,0,0,0,47.40000070631504,206.16618156433103,97.61171908771536,947,100.0,1.0,100.0,False
55,55,RouteScenario_55,Failed,results_TCP,0,0,1,0,0,0,0,0,0,2.350000035017729,8.027352809906006,170.68055255753555,46,0.0,0.6,0.0,collisions_vehicle
56,56,RouteScenario_56,Completed,results_TCP,0,0,0,0,0,0,0,0,0,35.25000052526593,139.0903148651123,88.80355356292397,704,100.0,1.0,100.0,False
57,57,RouteScenario_57,Failed,results_TCP,0,0,1,0,0,0,0,0,0,32.80000048875809,139.68243074417114,85.49173440828262,655,17.28830260060301,0.6,28.813837667671688,collisions_vehicle
58,58,RouteScenario_58,Completed,results_TCP,0,0,0,0,0,0,0,0,0,117.60000175237656,453.8370461463928,110.76065795970584,2351,100.0,1.0,100.0,False
59,59,RouteScenario_59,Failed - Agent timed out,results_TCP,0,0,0,0,0,0,1,0,0,145.05000216141343,594.9319660663605,177.8571279682478,2900,98.8616830538816,1.0,98.8616830538816,route_timeout
60,60,RouteScenario_60,Completed,results_TCP,0,0,0,0,0,0,0,0,0,144.05000214651227,607.7004997730255,62.717139549735016,2880,100.0,1.0,100.0,False
61,61,RouteScenario_61,Failed,results_TCP,0,0,1,0,0,0,0,0,0,54.40000081062317,195.42833304405207,181.206637504591,1087,45.55799428377549,0.6,75.92999047295916,collisions_vehicle
62,62,RouteScenario_62,Failed,results_TCP,0,0,1,0,0,0,0,0,0,49.40000073611736,200.15667366981504,192.1228271723634,987,28.569840052748912,0.6,47.616400087914855,collisions_vehicle
63,63,RouteScenario_63,Completed,results_TCP,0,0,0,0,0,0,0,0,0,187.9000027999282,723.4119238853455,235.9040388418787,3757,100.0,1.0,100.0,False
64,64,RouteScenario_64,Completed,results_TCP,0,0,0,0,0,0,0,0,0,135.35000201687217,525.4545061588287,156.17705486881516,2706,100.0,1.0,100.0,False
65,65,RouteScenario_65,Completed,results_TCP,0,0,0,0,0,0,0,0,0,155.7000023201108,576.7720923423767,203.43585952739693,3113,100.0,1.0,100.0,False
66,66,RouteScenario_66,Completed,results_TCP,0,0,0,0,0,0,0,0,0,44.25000065937638,162.7172827720642,111.219846834658,884,100.0,1.0,100.0,False
67,67,RouteScenario_67,Completed,results_TCP,0,0,0,0,0,0,0,0,0,66.15000098571181,262.8086829185486,234.62130707177892,1322,100.0,1.0,100.0,False
68,68,RouteScenario_68,Failed - Agent timed out,results_TCP,0,0,0,0,0,0,1,0,0,176.05000262334943,791.8844587802887,123.1801075207984,3520,85.10254548152645,1.0,85.10254548152645,route_timeout
69,69,RouteScenario_69,Completed,results_TCP,0,0,0,0,0,0,0,0,0,55.8000008314848,231.96993017196652,50.35727855555831,1115,100.0,1.0,100.0,False
70,70,RouteScenario_70,Failed - Agent timed out,results_TCP,0,0,0,0,0,0,1,0,0,114.05000169947743,511.3473210334778,138.3080047843275,2280,97.80794334600569,1.0,97.80794334600569,route_timeout
71,71,RouteScenario_71,Completed,results_TCP,0,0,0,0,0,0,0,0,0,228.4000034034252,865.9515981674194,226.40089809172488,4567,100.0,1.0,100.0,False
72,72,RouteScenario_72,Failed - Agent timed out,results_TCP,0,0,0,0,0,0,1,0,0,122.05000181868672,473.8221459388733,152.83714049296856,2440,98.63701399964796,1.0,98.63701399964796,route_timeout
73,73,RouteScenario_73,Completed,results_TCP,0,0,0,0,0,0,0,0,0,111.85000166669488,431.2150869369507,173.2256221408636,2236,100.0,1.0,100.0,False
74,74,RouteScenario_74,Completed,results_TCP,0,0,0,0,0,0,0,0,0,94.80000141263008,409.7762756347656,135.01133770819789,1895,100.0,1.0,100.0,False
75,75,RouteScenario_75,Failed,results_TCP,0,0,0,0,1,0,0,0,0,97.70000145584343,385.89677596092224,188.14687270246912,1953,28.00644014449706,0.7,40.00920020642437,red_light
76,76,RouteScenario_76,Failed - Agent timed out,results_TCP,0,0,0,0,0,0,1,0,0,234.0500034876168,924.9937608242036,44.18144665181526,4680,98.9540580287876,1.0,98.9540580287876,route_timeout
77,77,RouteScenario_77,Failed - Agent timed out,results_TCP,0,0,0,0,0,0,1,0,0,185.05000275745988,732.6431691646576,30.31612559092024,3700,17.38323163362062,1.0,17.38323163362062,route_timeout
78,78,RouteScenario_78,Failed - Agent timed out,results_TCP,0,0,0,0,0,0,1,0,0,74.05000110343099,285.3095660209656,82.52403395916362,1480,95.39362544691988,1.0,95.39362544691988,route_timeout
79,79,RouteScenario_79,Completed,results_TCP,0,0,0,0,0,0,0,0,0,47.050000701099634,187.80930542945865,220.05331647310825,940,100.0,1.0,100.0,False
80,80,RouteScenario_80,Completed,results_TCP,0,0,0,0,0,0,0,0,0,72.80000108480453,289.1977632045746,135.56536383854268,1455,100.0,1.0,100.0,False
81,81,RouteScenario_81,Failed,results_TCP,0,0,0,0,1,0,0,0,0,178.65000266209245,809.6578884124756,227.06584469435467,3572,60.67987859848918,0.7,86.68554085498455,red_light
82,82,RouteScenario_82,Failed - Agent timed out,results_TCP,0,0,0,0,0,0,1,0,0,78.05000116303563,261.60990858078003,92.66999869677429,1560,95.6421333966366,1.0,95.6421333966366,route_timeout
83,83,RouteScenario_83,Failed - Agent timed out,results_TCP,0,0,0,0,0,0,1,0,0,126.05000187829135,505.768224477768,153.7799770326952,2520,98.03004885044172,1.0,98.03004885044172,route_timeout
84,84,RouteScenario_84,Completed,results_TCP,0,0,0,0,0,0,0,0,0,82.70000123232603,342.619588136673,136.68384612986242,1653,100.0,1.0,100.0,False
85,85,RouteScenario_85,Failed - Agent timed out,results_TCP,0,0,0,0,0,0,1,0,0,47.050000701099634,169.77675366401672,56.77745733053168,940,94.4240108495868,1.0,94.4240108495868,route_timeout
86,86,RouteScenario_86,Failed - Agent timed out,results_TCP,0,0,0,0,0,0,1,0,0,144.05000214651227,585.3459088802338,140.29320998810496,2880,81.60695033339611,1.0,81.60695033339611,route_timeout
87,87,RouteScenario_87,Failed,results_TCP,1,0,0,0,0,0,0,0,0,19.450000289827585,68.34061741828918,130.61080761316128,388,13.990694172681506,0.65,21.52414488104847,collisions_layout
88,88,RouteScenario_88,Failed - Agent timed out,results_TCP,0,0,0,0,0,0,1,0,0,226.0500033684075,908.0544319152832,109.97205490190288,4520,97.18791847378674,1.0,97.18791847378674,route_timeout
89,89,RouteScenario_89,Completed,results_TCP,0,0,0,0,0,0,0,0,0,119.55000178143382,512.9447913169861,190.57421685215644,2390,100.0,1.0,100.0,False
90,90,RouteScenario_90,Failed - Agent timed out,results_TCP,0,0,0,0,0,0,1,0,0,210.0500031299889,779.3764274120331,212.0514713791468,4200,98.54780324029366,1.0,98.54780324029366,route_timeout
91,91,RouteScenario_91,Failed - Agent timed out,results_TCP,0,0,0,0,0,0,1,0,0,55.05000082030893,201.6383600234985,50.13066670904022,1100,96.8550729366911,1.0,96.8550729366911,route_timeout
92,92,RouteScenario_92,Failed - Agent timed out,results_TCP,0,0,0,0,0,0,1,0,0,187.0500027872622,727.7781834602356,9.903743135627703,3740,98.4442162677959,1.0,98.4442162677959,route_timeout
93,93,RouteScenario_93,Failed,results_TCP,0,0,1,0,0,0,0,0,0,0.1000000014901161,0.393284797668457,147.88777250643483,1,0.0,0.6,0.0,collisions_vehicle
94,94,RouteScenario_94,Failed - Agent timed out,results_TCP,0,0,0,0,0,0,1,0,0,149.05000222101808,590.968671798706,132.45084750914103,2980,98.89076641371044,1.0,98.89076641371044,route_timeout
95,95,RouteScenario_95,Completed,results_TCP,0,0,0,0,0,0,0,0,0,37.35000055655837,148.79405188560486,175.46213915057518,746,100.0,1.0,100.0,False
96,96,RouteScenario_96,Failed - Agent timed out,results_TCP,0,0,0,0,0,0,1,0,0,163.05000242963433,651.9597508907318,146.50222051911055,3260,95.6065145354293,1.0,95.6065145354293,route_timeout
97,97,RouteScenario_97,Failed - Agent timed out,results_TCP,0,0,0,0,0,0,1,0,0,82.05000122264028,286.62315106391907,97.78918153678758,1640,97.93215183307728,1.0,97.93215183307728,route_timeout
98,98,RouteScenario_98,Completed,results_TCP,0,0,0,0,0,0,0,0,0,163.65000243857503,628.5288655757904,84.7644301521923,3272,100.0,1.0,100.0,False
99,99,RouteScenario_99,Failed - Agent timed out,results_TCP,0,0,0,0,0,0,1,0,0,114.05000169947743,382.8547813892365,138.25085451995548,2280,98.54406625827583,1.0,98.54406625827583,route_timeout
100,100,RouteScenario_100,Completed,results_TCP,0,0,0,0,0,0,0,0,0,91.95000137016176,382.6926066875458,238.10978756392848,1838,100.0,1.0,100.0,False
101,101,RouteScenario_101,Failed - Agent timed out,results_TCP,0,0,0,0,0,0,1,0,0,187.0500027872622,810.1527409553528,223.3329029008772,3740,98.68428625713396,1.0,98.68428625713396,route_timeout
102,102,RouteScenario_102,Completed,results_TCP,0,0,0,0,0,0,0,0,0,105.85000157728793,456.5595271587372,167.56487086493937,2116,100.0,1.0,100.0,False
103,103,RouteScenario_103,Failed - Agent timed out,results_TCP,0,0,0,0,0,0,1,0,0,203.0500030256808,856.6889095306396,194.9718798637444,4060,68.56353507386672,1.0,68.56353507386672,route_timeout
104,104,RouteScenario_104,Completed,results_TCP,0,0,0,0,0,0,0,0,0,42.200000628829,183.72913908958435,115.88590957775584,843,100.0,1.0,100.0,False
105,105,RouteScenario_105,Failed,results_TCP,1,0,0,0,0,0,0,0,0,110.1500016413629,434.4474539756775,43.096043644042815,2202,39.36563179965368,0.65,60.56251046100566,collisions_layout
106,106,RouteScenario_106,Failed,results_TCP,0,0,0,0,1,0,0,0,0,0.050000000745058,0.3158512115478515,58.63827134877027,0,0.0,0.7,0.0,red_light
107,107,RouteScenario_107,Failed - Agent timed out,results_TCP,0,0,0,0,0,0,1,0,0,88.05000131204724,365.1688342094421,77.26589929384768,1760,67.184641091769,1.0,67.184641091769,route_timeout
108,108,RouteScenario_108,Failed - Agent timed out,results_TCP,0,0,0,0,0,0,1,0,0,186.05000277236104,750.9607939720154,162.78504929646405,3720,98.23679794981368,1.0,98.23679794981368,route_timeout
109,109,RouteScenario_109,Completed,results_TCP,0,0,0,0,0,0,0,0,0,126.8500018902123,561.1270637512207,198.33133495156537,2536,100.0,1.0,100.0,False
110,110,RouteScenario_110,Failed,results_TCP,0,0,0,0,1,0,0,0,0,140.35000209137797,579.2152569293976,114.14997116258075,2806,16.390696836705825,0.7,23.41528119529404,red_light
111,111,RouteScenario_111,Failed - Agent timed out,results_TCP,0,0,0,0,0,0,1,0,0,102.0500015206635,406.6293790340424,89.85816825817592,2040,96.15008342249784,1.0,96.15008342249784,route_timeout
112,112,RouteScenario_112,Completed,results_TCP,0,0,0,0,0,0,0,0,0,39.90000059455633,146.11159491539,117.1820118020656,797,100.0,1.0,100.0,False
113,113,RouteScenario_113,Failed - Agent timed out,results_TCP,0,0,0,0,0,0,1,0,0,124.05000184848905,402.06470346450806,124.7108900544878,2480,98.65956443853844,1.0,98.65956443853844,route_timeout
114,114,RouteScenario_114,Failed,results_TCP,0,0,0,0,1,0,0,0,0,35.00000052154064,132.20882105827332,97.85226981529962,699,0.7017323718749153,0.7,1.0024748169641648,red_light
115,115,RouteScenario_115,Completed,results_TCP,0,0,0,0,0,0,0,0,0,74.20000110566616,286.2857229709625,152.4820958031289,1483,100.0,1.0,100.0,False
116,116,RouteScenario_116,Failed,results_TCP,0,0,0,0,1,0,0,0,0,13.800000205636024,56.875532388687134,273.33199613203595,275,0.7180071007116993,0.7,1.0257244295881418,red_light
117,117,RouteScenario_117,Failed - Agent timed out,results_TCP,0,0,0,0,0,0,1,0,0,243.05000362172723,919.33766913414,174.53322915148334,4860,98.99572817184564,1.0,98.99572817184564,route_timeout
118,118,RouteScenario_118,Completed,results_TCP,0,0,0,0,0,0,0,0,0,111.45000166073442,449.7521619796753,56.30132988530262,2228,100.0,1.0,100.0,False
119,119,RouteScenario_119,Failed - Agent timed out,results_TCP,0,0,0,0,0,0,1,0,0,199.0500029660761,886.3122670650482,187.8028807307963,3980,74.4007749370333,1.0,74.4007749370333,route_timeout
120,120,RouteScenario_120,Completed,results_TCP,0,0,0,0,0,0,0,0,0,29.050000432878733,116.7511432170868,67.64448743494455,580,100.0,1.0,100.0,False
121,121,RouteScenario_121,Failed - Agent timed out,results_TCP,0,0,0,0,0,0,1,0,0,212.05000315979123,889.5049641132355,247.34437197628097,4240,97.53777502278766,1.0,97.53777502278766,route_timeout
122,122,RouteScenario_122,Completed,results_TCP,0,0,0,0,0,0,0,0,0,41.100000612437725,188.72314548492432,185.99463978365304,821,100.0,1.0,100.0,False
123,123,RouteScenario_123,Completed,results_TCP,0,0,0,0,0,0,0,0,0,41.50000061839819,147.98795676231384,50.992664209856144,829,100.0,1.0,100.0,False
124,124,RouteScenario_124,Failed,results_TCP,0,0,0,0,1,0,0,0,0,173.85000259056687,777.2188172340393,80.77520493729264,3476,21.706519586172828,0.7,31.00931369453261,red_light
125,125,RouteScenario_125,Completed,results_TCP,0,0,0,0,0,0,0,0,0,104.70000156015158,416.0796844959259,154.22773630668453,2093,100.0,1.0,100.0,False
126,126,RouteScenario_126,Failed - Agent timed out,results_TCP,0,0,0,0,0,0,1,0,0,88.05000131204724,348.1892430782318,81.18335428520193,1760,96.88424732039968,1.0,96.88424732039968,route_timeout
127,127,RouteScenario_127,Completed,results_TCP,0,0,0,0,0,0,0,0,0,120.50000179558992,392.94915676116943,126.51974353648706,2409,100.0,1.0,100.0,False
128,128,RouteScenario_128,Completed,results_TCP,0,0,0,0,0,0,0,0,0,155.90000232309103,547.9047291278839,275.5098342056596,3117,100.0,1.0,100.0,False
129,129,RouteScenario_129,Failed - Agent timed out,results_TCP,0,0,0,0,0,0,1,0,0,166.05000247433782,687.8531904220581,161.0705508614438,3320,98.51706946026783,1.0,98.51706946026783,route_timeout
130,130,RouteScenario_130,Completed,results_TCP,0,0,0,0,0,0,0,0,0,51.400000765919685,197.55210041999817,92.67208641879182,1027,100.0,1.0,100.0,False
131,131,RouteScenario_131,Failed - Agent timed out,results_TCP,0,0,0,0,0,0,1,0,0,130.050001937896,454.4881401062012,155.64995003145023,2600,98.08216790377251,1.0,98.08216790377251,route_timeout
132,132,RouteScenario_132,Completed,results_TCP,0,0,0,0,0,0,0,0,0,101.75000151619317,434.3558790683746,168.14150198346732,2034,100.0,1.0,100.0,False
133,133,RouteScenario_133,Completed,results_TCP,0,0,0,0,0,0,0,0,0,209.50000312179327,806.4953227043152,135.6931039120751,4189,100.0,1.0,100.0,False
134,134,RouteScenario_134,Completed,results_TCP,0,0,0,0,0,0,0,0,0,80.70000120252371,340.9474573135376,121.9713958242025,1613,100.0,1.0,100.0,False
135,135,RouteScenario_135,Failed,results_TCP,0,0,0,0,1,0,0,0,0,28.45000042393804,107.39029622077942,90.0830794673052,568,28.472034406357853,0.7,40.67433486622551,red_light
136,136,RouteScenario_136,Failed - Agent timed out,results_TCP,0,0,0,0,0,0,1,0,0,204.05000304058197,790.6359257698059,71.692100036983,4080,67.798790560737,1.0,67.798790560737,route_timeout
137,137,RouteScenario_137,Completed,results_TCP,0,0,0,0,0,0,0,0,0,168.40000250935557,624.9126915931702,195.33833164299287,3367,100.0,1.0,100.0,False
138,138,RouteScenario_138,Completed,results_TCP,0,0,0,0,0,0,0,0,0,142.7000021263957,558.5638463497162,96.40022461549356,2853,100.0,1.0,100.0,False
139,139,RouteScenario_139,Completed,results_TCP,0,0,0,0,0,0,0,0,0,112.6500016786158,440.68214654922485,151.55090419619987,2252,100.0,1.0,100.0,False
140,140,RouteScenario_140,Failed - Agent timed out,results_TCP,0,0,0,0,0,0,1,0,0,160.05000238493085,645.8768362998962,141.90401885803934,3200,98.96942421376984,1.0,98.96942421376984,route_timeout
141,141,RouteScenario_141,Failed - Agent timed out,results_TCP,0,0,0,0,0,0,1,0,0,129.05000192299485,517.4421436786652,159.02180304401404,2580,98.71864427457284,1.0,98.71864427457284,route_timeout
142,142,RouteScenario_142,Completed,results_TCP,0,0,0,0,0,0,0,0,0,61.30000091344118,243.3559446334839,69.93839879481226,1225,100.0,1.0,100.0,False
143,143,RouteScenario_143,Failed - Agent timed out,results_TCP,0,0,0,0,0,0,1,0,0,230.05000342801213,930.170816898346,222.93380901648845,4600,80.71025732410207,1.0,80.71025732410207,route_timeout
144,144,RouteScenario_144,Completed,results_TCP,0,0,0,0,0,0,0,0,0,116.30000173300505,464.9984195232392,237.9464389452768,2325,100.0,1.0,100.0,False
145,145,RouteScenario_145,Completed,results_TCP,0,0,0,0,0,0,0,0,0,78.2000011652708,311.5273537635803,200.10978739194945,1563,100.0,1.0,100.0,False
146,146,RouteScenario_146,Failed - Agent timed out,results_TCP,0,0,0,0,0,0,1,0,0,144.05000214651227,633.7347257137299,139.8224897592828,2880,19.57536149277356,1.0,19.57536149277356,route_timeout
147,147,RouteScenario_147,Failed - Agent timed out,results_TCP,0,0,0,0,0,0,1,0,0,146.0500021763146,562.1501405239105,129.7494968599369,2920,43.72083909850479,1.0,43.72083909850479,route_timeout
148,148,RouteScenario_148,Completed,results_TCP,0,0,0,0,0,0,0,0,0,15.900000236928465,62.02676582336426,59.98171397690685,317,100.0,1.0,100.0,False
149,149,RouteScenario_149,Failed,results_TCP,1,0,0,0,0,0,0,0,0,19.80000029504299,78.79589247703552,164.30197183978018,395,9.119803316915869,0.65,14.030466641409026,collisions_layout
150,150,RouteScenario_150,Completed,results_TCP,0,0,0,0,0,0,0,0,0,42.100000627338886,185.33696365356445,85.66889046054116,841,100.0,1.0,100.0,False
151,151,RouteScenario_151,Failed - Agent timed out,results_TCP,0,0,0,0,0,0,1,0,0,148.05000220611691,649.4250273704529,62.57769689198829,2960,98.3301459175778,1.0,98.3301459175778,route_timeout
152,152,RouteScenario_152,Completed,results_TCP,0,0,0,0,0,0,0,0,0,111.75000166520476,386.1027803421021,209.05023799532756,2234,100.0,1.0,100.0,False
153,153,RouteScenario_153,Failed - Agent timed out,results_TCP,0,0,0,0,0,0,1,0,0,119.05000177398324,459.4467964172363,109.91696340852243,2380,98.60144375128289,1.0,98.60144375128289,route_timeout
154,154,RouteScenario_154,Failed - Agent timed out,results_TCP,0,0,0,0,0,0,1,0,0,128.0500019080937,489.45818758010864,112.25633952510816,2560,98.05740120177649,1.0,98.05740120177649,route_timeout
155,155,RouteScenario_155,Completed,results_TCP,0,0,0,0,0,0,0,0,0,114.7000017091632,442.25479078292847,113.50148540809884,2293,100.0,1.0,100.0,False
156,156,RouteScenario_156,Failed - Agent timed out,results_TCP,0,0,0,0,0,0,1,0,0,215.05000320449471,792.8816568851471,245.14782311563644,4300,98.02592793562016,1.0,98.02592793562016,route_timeout
157,157,RouteScenario_157,Completed,results_TCP,0,0,0,0,0,0,0,0,0,147.75000220164657,551.4498829841614,250.12245508861588,2954,100.0,1.0,100.0,False
158,158,RouteScenario_158,Completed,results_TCP,0,0,0,0,0,0,0,0,0,108.0000016093254,411.0165033340454,54.506131352703086,2159,100.0,1.0,100.0,False
159,159,RouteScenario_159,Failed - Agent timed out,results_TCP,0,0,0,0,0,0,1,0,0,125.0500018633902,464.6464743614197,132.2912577005324,2500,98.66845135169544,1.0,98.66845135169544,route_timeout
160,160,RouteScenario_160,Completed,results_TCP,0,0,0,0,0,0,0,0,0,66.85000099614263,283.64426445961,152.37286603245602,1336,100.0,1.0,100.0,False
161,161,RouteScenario_161,Failed,results_TCP,0,0,1,1,0,0,0,0,0,56.300000838935375,219.5835587978363,170.35434195336265,1125,29.35905488725972,0.5948291749515132,49.3571198649644,outside_route_lanes
162,162,RouteScenario_162,Completed,results_TCP,0,0,0,0,0,0,0,0,0,145.05000216141343,558.2470917701721,135.50261038028492,2900,100.0,1.0,100.0,False
163,163,RouteScenario_163,Failed,results_TCP,0,0,0,0,1,0,0,0,0,130.00000193715096,499.1997902393341,184.08247304405248,2599,68.87297266979265,0.7,98.38996095684664,red_light
164,164,RouteScenario_164,Completed,results_TCP,0,0,0,0,0,0,0,0,0,165.9500024728477,695.4539399147034,185.4022201237888,3318,100.0,1.0,100.0,False
165,165,RouteScenario_165,Failed - Agent timed out,results_TCP,0,0,0,0,0,0,1,0,0,213.0500031746924,790.0123996734619,262.73995804947594,4260,98.46659854220636,1.0,98.46659854220636,route_timeout
166,166,RouteScenario_166,Failed - Agent timed out,results_TCP,0,0,0,0,0,0,1,0,0,106.05000158026814,413.2989695072174,128.95913185645716,2120,97.64275447337164,1.0,97.64275447337164,route_timeout
167,167,RouteScenario_167,Completed,results_TCP,0,0,0,0,0,0,0,0,0,51.05000076070428,186.49533534049988,157.49129412890363,1020,100.0,1.0,100.0,False
168,168,RouteScenario_168,Completed,results_TCP,0,0,0,0,0,0,0,0,0,108.35000161454082,450.0556864738464,105.84117500426734,2166,100.0,1.0,100.0,False
169,169,RouteScenario_169,Failed - Agent timed out,results_TCP,0,0,0,0,0,0,1,0,0,119.05000177398324,420.4742052555084,106.08523701555264,2380,88.27662431012295,1.0,88.27662431012295,route_timeout
170,170,RouteScenario_170,Completed,results_TCP,0,0,0,0,0,0,0,0,0,28.10000041872263,109.0755705833435,133.9996692194524,561,100.0,1.0,100.0,False
171,171,RouteScenario_171,Completed,results_TCP,0,0,0,0,0,0,0,0,0,53.75000080093741,209.1273853778839,188.62217081727417,1074,100.0,1.0,100.0,False
172,172,RouteScenario_172,Failed - Agent timed out,results_TCP,0,0,0,0,0,0,1,0,0,64.05000095441937,240.99061393737796,56.72804923831599,1280,97.29414409202003,1.0,97.29414409202003,route_timeout
173,173,RouteScenario_173,Completed,results_TCP,0,0,0,0,0,0,0,0,0,15.500000230968,70.6418809890747,55.99933212657137,309,100.0,1.0,100.0,False
174,174,RouteScenario_174,Failed - Agent timed out,results_TCP,0,0,0,0,0,0,1,0,0,95.05000141635536,449.8405883312225,77.74474012433396,1900,97.2251638977506,1.0,97.2251638977506,route_timeout
175,175,RouteScenario_175,Failed,results_TCP,0,0,0,0,1,0,0,0,0,0.050000000745058,0.2542037963867187,201.47522325688308,0,0.0,0.7,0.0,red_light
176,176,RouteScenario_176,Failed - Agent timed out,results_TCP,0,0,0,0,0,0,1,0,0,177.0500026382506,702.5366113185883,57.91582883374336,3540,98.54830635481264,1.0,98.54830635481264,route_timeout
177,177,RouteScenario_177,Completed,results_TCP,0,0,0,0,0,0,0,0,0,140.50000209361315,609.9470858573914,233.5059863989048,2809,100.0,1.0,100.0,False
178,178,RouteScenario_178,Completed,results_TCP,0,0,0,0,0,0,0,0,0,79.45000118389726,304.1278657913208,136.38078640210082,1588,100.0,1.0,100.0,False
179,179,RouteScenario_179,Completed,results_TCP,0,0,0,0,0,0,0,0,0,169.45000252500176,715.7946226596832,64.84443288939383,3388,100.0,1.0,100.0,False
180,180,RouteScenario_180,Completed,results_TCP,0,0,0,0,0,0,0,0,0,103.50000154227018,382.8453505039215,147.48200195171145,2069,100.0,1.0,100.0,False
181,181,RouteScenario_181,Failed - Agent got blocked,results_TCP,0,0,0,0,0,0,0,0,1,180.05000268295407,719.0931746959686,217.51892947055245,3600,0.1742981948761061,1.0,0.1742981948761061,vehicle_blocked
182,182,RouteScenario_182,Completed,results_TCP,0,0,0,0,0,0,0,0,0,102.90000153332949,396.07127022743225,190.81640697275637,2057,100.0,1.0,100.0,False
183,183,RouteScenario_183,Failed - Agent timed out,results_TCP,0,0,0,0,0,0,1,0,0,209.05000311508772,777.0329356193542,254.1060713159461,4180,98.04729221436868,1.0,98.04729221436868,route_timeout
184,184,RouteScenario_184,Failed - Agent timed out,results_TCP,0,0,0,0,0,0,1,0,0,168.05000250414014,621.8378405570984,165.2617979987117,3360,98.79958644037671,1.0,98.79958644037671,route_timeout
185,185,RouteScenario_185,Failed - Agent timed out,results_TCP,0,0,0,0,0,0,1,0,0,162.05000241473317,593.1545629501343,149.99601064107898,3240,90.11177823652976,1.0,90.11177823652976,route_timeout
186,186,RouteScenario_186,Failed - Agent timed out,results_TCP,0,0,0,0,0,0,1,0,0,60.05000089481473,239.1544663906097,71.50994652828354,1200,94.25518454383186,1.0,94.25518454383186,route_timeout
187,187,RouteScenario_187,Completed,results_TCP,0,0,0,0,0,0,0,0,0,93.90000139921904,332.9423065185547,135.46155381851938,1877,100.0,1.0,100.0,False
188,188,RouteScenario_188,Completed,results_TCP,0,0,0,0,0,0,0,0,0,64.95000096783042,286.8115608692169,156.79689825163248,1298,100.0,1.0,100.0,False
189,189,RouteScenario_189,Failed,results_TCP,0,0,1,0,0,0,0,0,0,32.9000004902482,126.50545144081116,83.13450328178256,657,23.172589702387743,0.6,38.62098283731291,collisions_vehicle
190,190,RouteScenario_190,Failed - Agent timed out,results_TCP,0,0,0,0,0,0,1,0,0,129.05000192299485,466.6029732227325,114.62667096986732,2580,98.71324752952351,1.0,98.71324752952351,route_timeout
191,191,RouteScenario_191,Failed,results_TCP,0,0,0,0,1,0,0,0,0,0.050000000745058,0.3580930233001709,63.43423489382118,0,0.0,0.7,0.0,red_light
192,192,RouteScenario_192,Completed,results_TCP,0,0,0,0,0,0,0,0,0,123.90000184625389,505.9592726230621,192.3656901274608,2477,100.0,1.0,100.0,False
193,193,RouteScenario_193,Completed,results_TCP,0,0,0,0,0,0,0,0,0,130.45000194385648,573.8995225429535,209.0900054293799,2608,100.0,1.0,100.0,False
194,194,RouteScenario_194,Failed,results_TCP,1,0,0,0,0,0,0,0,0,73.30000109225512,299.491281747818,70.43334556254084,1465,38.01886452804352,0.65,58.49056081237465,collisions_layout
195,195,RouteScenario_195,Failed - Agent timed out,results_TCP,0,0,0,0,0,0,1,0,0,215.05000320449471,855.3350193500519,257.85431282278745,4300,98.8586063446503,1.0,98.8586063446503,route_timeout
196,196,RouteScenario_196,Completed,results_TCP,0,0,0,0,0,0,0,0,0,64.35000095888972,228.8231575489044,163.9999400746265,1286,100.0,1.0,100.0,False
197,197,RouteScenario_197,Failed - Agent timed out,results_TCP,0,0,0,0,0,0,1,0,0,236.0500035174191,982.4655160903932,269.2091664486068,4720,98.96297071699668,1.0,98.96297071699668,route_timeout
198,198,RouteScenario_198,Failed - Agent timed out,results_TCP,0,0,0,0,0,0,1,0,0,140.05000208690765,554.3999447822571,171.19559751444055,2800,96.4676364764873,1.0,96.4676364764873,route_timeout
199,199,RouteScenario_199,Failed - Agent timed out,results_TCP,0,0,0,0,0,0,1,0,0,81.05000120773911,350.8294038772583,98.00128842523004,1620,97.91925337078868,1.0,97.91925337078868,route_timeout
200,200,RouteScenario_200,Completed,results_TCP,0,0,0,0,0,0,0,0,0,195.1500029079616,852.9259099960327,271.3472965796286,3902,100.0,1.0,100.0,False
201,201,RouteScenario_201,Completed,results_TCP,0,0,0,0,0,0,0,0,0,98.90000147372484,444.47131514549255,126.89068320142172,1977,100.0,1.0,100.0,False
202,202,RouteScenario_202,Completed,results_TCP,0,0,0,0,0,0,0,0,0,94.80000141263008,379.27009177207947,65.17453134346205,1895,100.0,1.0,100.0,False
203,203,RouteScenario_203,Completed,results_TCP,0,0,0,0,0,0,0,0,0,68.75000102445483,301.8411691188812,191.8171785347349,1374,100.0,1.0,100.0,False
204,204,RouteScenario_204,Failed,results_TCP,0,0,0,0,1,0,0,0,0,55.70000082999468,214.5064435005188,135.53081141470167,1113,16.4639644654817,0.7,23.51994923640243,red_light
205,205,RouteScenario_205,Failed - Agent timed out,results_TCP,0,0,0,0,0,0,1,0,0,212.05000315979123,791.8334336280823,159.83405030843176,4240,76.08978006579424,1.0,76.08978006579424,route_timeout
206,206,RouteScenario_206,Completed,results_TCP,0,0,0,0,0,0,0,0,0,24.2000003606081,105.84713578224182,120.04475960989669,483,100.0,1.0,100.0,False
207,207,RouteScenario_207,Failed - Agent timed out,results_TCP,0,0,0,0,0,0,1,0,0,82.05000122264028,341.600860118866,83.45133697663786,1640,5.264346045635233,1.0,5.264346045635233,route_timeout
208,208,RouteScenario_208,Failed,results_TCP,0,0,0,0,1,0,0,0,0,2.500000037252903,9.916041374206545,147.97621366078394,49,0.0,0.7,0.0,red_light
209,209,RouteScenario_209,Completed,results_TCP,0,0,0,0,0,0,0,0,0,45.450000677257776,162.82701778411865,149.18479208755417,908,100.0,1.0,100.0,False
210,210,RouteScenario_210,Completed,results_TCP,0,0,0,0,0,0,0,0,0,112.00000166893004,445.8972368240357,141.7120253036426,2239,100.0,1.0,100.0,False
211,211,RouteScenario_211,Completed,results_TCP,0,0,0,0,0,0,0,0,0,154.00000229477882,584.1078958511353,134.68550795661574,3079,100.0,1.0,100.0,False
212,212,RouteScenario_212,Completed,results_TCP,0,0,0,0,0,0,0,0,0,131.05000195279715,582.3350441455841,217.9950009430536,2620,100.0,1.0,100.0,False
213,213,RouteScenario_213,Failed - Agent timed out,results_TCP,0,0,0,0,0,0,1,0,0,119.05000177398324,508.2724709510803,140.85397776372758,2380,97.82877999058944,1.0,97.82877999058944,route_timeout
214,214,RouteScenario_214,Completed,results_TCP,0,0,0,0,0,0,0,0,0,77.20000115036964,278.6903340816498,141.17222919562278,1543,100.0,1.0,100.0,False
215,215,RouteScenario_215,Failed - Agent timed out,results_TCP,0,0,0,0,0,0,1,0,0,50.05000074580312,188.6853823661804,57.690003107429895,1000,66.43586287675481,1.0,66.43586287675481,route_timeout
216,216,RouteScenario_216,Failed,results_TCP,0,0,1,1,0,0,0,0,0,54.500000812113285,220.33321380615237,211.56213862926955,1089,18.6189837477479,0.5542558460472667,33.592760239754114,outside_route_lanes
217,217,RouteScenario_217,Failed - Agent timed out,results_TCP,0,0,0,0,0,0,1,0,0,114.05000169947743,432.32306456565857,130.30642004913034,2280,77.2949238085431,1.0,77.2949238085431,route_timeout
218,218,RouteScenario_218,Completed,results_TCP,0,0,0,0,0,0,0,0,0,113.5000016912818,486.7089378833771,216.3700031067862,2269,100.0,1.0,100.0,False
219,219,RouteScenario_219,Completed,results_TCP,0,0,0,0,0,0,0,0,0,48.50000072270632,234.2146966457367,97.7799995055068,969,100.0,1.0,100.0,False
220,220,RouteScenario_220,Completed,results_TCP,0,0,0,0,0,0,0,0,0,95.90000142902136,383.1800897121429,153.947210454538,1917,100.0,1.0,100.0,False
221,221,RouteScenario_221,Completed,results_TCP,0,0,0,0,0,0,0,0,0,119.40000177919865,456.2894387245178,119.900140564025,2387,100.0,1.0,100.0,False
222,222,RouteScenario_222,Completed,results_TCP,0,0,0,0,0,0,0,0,0,106.30000158399343,426.4298477172852,238.7324055173933,2125,100.0,1.0,100.0,False
223,223,RouteScenario_223,Failed - Agent timed out,results_TCP,0,0,0,0,0,0,1,0,0,235.05000350251797,1028.081788778305,151.87153975210185,4700,41.307702503421126,1.0,41.307702503421126,route_timeout
224,224,RouteScenario_224,Completed,results_TCP,0,0,0,0,0,0,0,0,0,157.5000023469329,524.5601420402527,247.73842490293512,3149,100.0,1.0,100.0,False
225,225,RouteScenario_225,Failed,results_TCP,0,0,0,0,1,0,0,0,0,112.95000168308616,435.28590631484985,278.8517179140669,2258,0.2815500139181267,0.7,0.4022143055973238,red_light
226,226,RouteScenario_226,Completed,results_TCP,0,0,0,0,0,0,0,0,0,152.70000227540731,642.4218852519989,13.066559092344626,3053,100.0,1.0,100.0,False
227,227,RouteScenario_227,Completed,results_TCP,0,0,0,0,0,0,0,0,0,64.15000095590949,261.7502121925354,133.6516813305543,1282,100.0,1.0,100.0,False
228,228,RouteScenario_228,Completed,results_TCP,0,0,0,0,0,0,0,0,0,144.75000215694308,559.1420612335205,115.96521403280724,2894,100.0,1.0,100.0,False
229,229,RouteScenario_229,Completed,results_TCP,0,0,0,0,0,0,0,0,0,54.90000081807375,202.70045590400696,185.93342229434964,1097,100.0,1.0,100.0,False
230,230,RouteScenario_230,Failed - Agent timed out,results_TCP,0,0,0,0,0,0,1,0,0,204.05000304058197,847.8649113178253,251.15731424878263,4080,94.83671071846544,1.0,94.83671071846544,route_timeout
231,231,RouteScenario_231,Failed - Agent timed out,results_TCP,0,0,0,0,0,0,1,0,0,81.05000120773911,335.1520726680756,97.41958226021404,1620,95.8394086295832,1.0,95.8394086295832,route_timeout
232,232,RouteScenario_232,Failed - Agent timed out,results_TCP,0,0,0,0,0,0,1,0,0,57.050000850111246,221.5259382724762,54.10762331426994,1140,95.18135602811002,1.0,95.18135602811002,route_timeout
233,233,RouteScenario_233,Failed,results_TCP,0,0,0,0,1,0,0,0,0,59.30000088363886,203.61902809143064,121.65021018505978,1185,56.82960960570732,0.7,81.18515657958189,red_light
234,234,RouteScenario_234,Completed,results_TCP,0,0,0,0,0,0,0,0,0,126.75000188872218,493.37005257606506,218.0465004233209,2534,100.0,1.0,100.0,False
235,235,RouteScenario_235,Completed,results_TCP,0,0,0,0,0,0,0,0,0,58.95000087842345,230.366886138916,136.80629150040426,1178,100.0,1.0,100.0,False
236,236,RouteScenario_236,Completed,results_TCP,0,0,0,0,0,0,0,0,0,63.80000095069408,254.46128368377688,177.63438654998097,1275,100.0,1.0,100.0,False
237,237,RouteScenario_237,Failed - Agent timed out,results_TCP,0,0,0,0,0,0,1,0,0,100.05000149086118,399.0502464771271,66.90389832381031,2000,98.3259083563482,1.0,98.3259083563482,route_timeout
238,238,RouteScenario_238,Completed,results_TCP,0,0,0,0,0,0,0,0,0,163.05000242963433,681.4309227466583,273.3407856255807,3260,100.0,1.0,100.0,False
239,239,RouteScenario_239,Completed,results_TCP,0,0,0,0,0,0,0,0,0,94.0500014014542,334.3360178470612,98.3758070779555,1880,100.0,1.0,100.0,False
240,240,RouteScenario_240,Completed,results_TCP,0,0,0,0,0,0,0,0,0,79.55000118538737,345.03808093070984,215.69296777720123,1590,100.0,1.0,100.0,False
241,241,RouteScenario_241,Completed,results_TCP,0,0,0,0,0,0,0,0,0,186.5500027798116,726.2831237316132,127.99489155404224,3730,100.0,1.0,100.0,False
242,242,RouteScenario_242,Failed - Agent timed out,results_TCP,0,0,0,0,0,0,1,0,0,94.0500014014542,330.9283480644226,113.54286258512876,1880,98.21807228847456,1.0,98.21807228847456,route_timeout
243,243,RouteScenario_243,Failed - Agent timed out,results_TCP,0,0,0,0,0,0,1,0,0,81.05000120773911,272.8195531368256,77.70679167100221,1620,97.90244387343368,1.0,97.90244387343368,route_timeout
244,244,RouteScenario_244,Failed - Agent timed out,results_TCP,0,0,0,0,0,0,1,0,0,228.0500033982098,895.8392105102539,128.00041635409687,4560,98.64634197972356,1.0,98.64634197972356,route_timeout
245,245,RouteScenario_245,Failed - Agent timed out,results_TCP,0,0,0,0,0,0,1,0,0,236.0500035174191,985.5130426883698,63.61396366476734,4720,98.29015966954016,1.0,98.29015966954016,route_timeout
246,246,RouteScenario_246,Completed,results_TCP,0,0,0,0,0,0,0,0,0,101.35000151023269,368.73729372024536,210.35719774473657,2026,100.0,1.0,100.0,False
247,247,RouteScenario_247,Failed - Agent timed out,results_TCP,0,0,0,0,0,0,1,0,0,238.05000354722145,982.0605127811432,218.17279493959552,4760,98.29318517346394,1.0,98.29318517346394,route_timeout
248,248,RouteScenario_248,Completed,results_TCP,0,0,0,0,0,0,0,0,0,82.00000122189522,321.837388753891,114.13830922825704,1639,100.0,1.0,100.0,False
249,249,RouteScenario_249,Completed,results_TCP,0,0,0,0,0,0,0,0,0,45.000000670552254,155.3614478111267,91.5848828385856,899,100.0,1.0,100.0,False
250,250,RouteScenario_250,Completed,results_TCP,0,0,0,0,0,0,0,0,0,128.00000190734863,507.5407657623291,153.806218665598,2559,100.0,1.0,100.0,False
251,251,RouteScenario_251,Completed,results_TCP,0,0,0,0,0,0,0,0,0,118.30000176280736,550.3091588020325,230.50704928789344,2365,100.0,1.0,100.0,False
252,252,RouteScenario_252,Completed,results_TCP,0,0,0,0,0,0,0,0,0,65.60000097751617,256.7605619430542,155.21271208235316,1311,100.0,1.0,100.0,False
253,253,RouteScenario_253,Failed - Agent timed out,results_TCP,0,0,0,0,0,0,1,0,0,59.05000087991357,219.8895025253296,68.45236296257079,1180,92.82088173152958,1.0,92.82088173152958,route_timeout
254,254,RouteScenario_254,Completed,results_TCP,0,0,0,0,0,0,0,0,0,103.10000153630972,364.6613171100617,289.7189203220309,2061,100.0,1.0,100.0,False
255,255,RouteScenario_255,Failed - Agent timed out,results_TCP,0,0,0,0,0,0,1,0,0,212.05000315979123,867.6321680545807,255.72384592595856,4240,98.0776693106395,1.0,98.0776693106395,route_timeout
256,256,RouteScenario_256,Failed - Agent timed out,results_TCP,0,0,0,0,0,0,1,0,0,55.05000082030893,190.3888819217682,62.44134756354121,1100,96.83319335900794,1.0,96.83319335900794,route_timeout
257,257,RouteScenario_257,Failed - Agent timed out,results_TCP,0,0,0,0,0,0,1,0,0,89.0500013269484,333.9906928539276,107.60914881202362,1780,98.11671081525996,1.0,98.11671081525996,route_timeout
258,258,RouteScenario_258,Completed,results_TCP,0,0,0,0,0,0,0,0,0,166.3000024780631,603.4831805229187,160.69567727484127,3325,100.0,1.0,100.0,False
259,259,RouteScenario_259,Failed - Agent timed out,results_TCP,0,0,0,0,0,0,1,0,0,71.0500010587275,264.1935827732086,84.00000790754952,1420,98.7968916589896,1.0,98.7968916589896,route_timeout
260,260,RouteScenario_260,Completed,results_TCP,0,0,0,0,0,0,0,0,0,80.05000119283795,347.13916873931885,187.1840081355105,1600,100.0,1.0,100.0,False
261,261,RouteScenario_261,Failed,results_TCP,0,0,0,0,1,0,0,0,0,0.050000000745058,0.2752888202667236,198.1508534574193,0,0.0,0.7,0.0,red_light
262,262,RouteScenario_262,Completed,results_TCP,0,0,0,0,0,0,0,0,0,68.75000102445483,252.316841840744,149.37026287944542,1374,100.0,1.0,100.0,False
263,263,RouteScenario_263,Failed,results_TCP,0,0,0,0,1,0,0,0,0,36.450000543147326,133.38824343681335,78.14909887959358,728,20.83248982447928,0.7,29.76069974925612,red_light
264,264,RouteScenario_264,Completed,results_TCP,0,0,0,0,0,0,0,0,0,37.15000055357814,148.0597460269928,169.63795273239205,742,100.0,1.0,100.0,False
265,265,RouteScenario_265,Failed - Agent timed out,results_TCP,0,0,0,0,0,0,1,0,0,189.05000281706447,725.8827488422394,201.75301977211643,3780,90.05691870303752,1.0,90.05691870303752,route_timeout
266,266,RouteScenario_266,Completed,results_TCP,0,0,0,0,0,0,0,0,0,61.30000091344118,267.408509016037,84.73965023148577,1225,100.0,1.0,100.0,False
267,267,RouteScenario_267,Failed,results_TCP,0,0,0,0,1,0,0,0,0,142.7000021263957,612.3999528884888,199.61393678283733,2853,68.71838281665333,0.7,98.16911830950475,red_light
268,268,RouteScenario_268,Completed,results_TCP,0,0,0,0,0,0,0,0,0,169.85000253096223,683.0383377075195,231.035249317076,3396,100.0,1.0,100.0,False
269,269,RouteScenario_269,Completed,results_TCP,0,0,0,0,0,0,0,0,0,149.850002232939,625.8795990943909,224.4508093747655,2996,100.0,1.0,100.0,False
270,270,RouteScenario_270,Completed,results_TCP,0,0,0,0,0,0,0,0,0,129.0000019222498,512.2800030708313,175.09000599072704,2579,100.0,1.0,100.0,False
271,271,RouteScenario_271,Failed - Agent timed out,results_TCP,0,0,0,0,0,0,1,0,0,90.05000134184957,412.1084156036377,105.7259278791228,1800,98.12915969746646,1.0,98.12915969746646,route_timeout
272,272,RouteScenario_272,Completed,results_TCP,0,0,0,0,0,0,0,0,0,136.95000204071405,487.06463289260864,242.25000000600124,2738,100.0,1.0,100.0,False
273,273,RouteScenario_273,Failed - Agent timed out,results_TCP,0,0,0,0,0,0,1,0,0,67.05000099912286,266.29976058006287,60.41715755173839,1340,94.88871252970874,1.0,94.88871252970874,route_timeout
274,274,RouteScenario_274,Failed - Agent timed out,results_TCP,0,0,0,0,0,0,1,0,0,103.05000153556466,428.8467833995819,124.26716564462544,2060,95.17989961785172,1.0,95.17989961785172,route_timeout
275,275,RouteScenario_275,Completed,results_TCP,0,0,0,0,0,0,0,0,0,204.6000030487776,873.5608422756195,246.3376246675904,4091,100.0,1.0,100.0,False
276,276,RouteScenario_276,Completed,results_TCP,0,0,0,0,0,0,0,0,0,79.4000011831522,279.243613243103,181.734017212836,1587,100.0,1.0,100.0,False
277,277,RouteScenario_277,Completed,results_TCP,0,0,0,0,0,0,0,0,0,161.5500024072826,669.0041265487671,61.75445811744025,3230,100.0,1.0,100.0,False
278,278,RouteScenario_278,Failed - Agent timed out,results_TCP,0,0,0,0,0,0,1,0,0,115.0500017143786,456.5497975349426,139.14688912305118,2300,92.52382756321882,1.0,92.52382756321882,route_timeout
279,279,RouteScenario_279,Failed - Agent timed out,results_TCP,0,0,0,0,0,0,1,0,0,78.05000116303563,355.23189330101013,92.62465890700264,1560,98.90635968549805,1.0,98.90635968549805,route_timeout
280,280,RouteScenario_280,Completed,results_TCP,0,0,0,0,0,0,0,0,0,90.70000135153532,338.4281907081604,183.97032391451452,1813,100.0,1.0,100.0,False
281,281,RouteScenario_281,Completed,results_TCP,0,0,0,0,0,0,0,0,0,149.80000223219395,527.9502696990967,202.18308424118496,2995,100.0,1.0,100.0,False
282,282,RouteScenario_282,Completed,results_TCP,0,0,0,0,0,0,0,0,0,98.7000014707446,425.26220989227295,152.86000559795005,1973,100.0,1.0,100.0,False
283,283,RouteScenario_283,Failed - Agent timed out,results_TCP,0,0,0,0,0,0,1,0,0,59.05000087991357,220.2912952899933,69.96409608455757,1180,97.09018498079612,1.0,97.09018498079612,route_timeout
284,284,RouteScenario_284,Completed,results_TCP,0,0,0,0,0,0,0,0,0,121.9500018171966,462.3467001914978,160.56496478786465,2438,100.0,1.0,100.0,False
285,285,RouteScenario_285,Failed,results_TCP,0,0,0,0,1,0,0,0,0,0.050000000745058,0.2953276634216308,144.41420865579255,0,0.0,0.7,0.0,red_light
286,286,RouteScenario_286,Completed,results_TCP,0,0,0,0,0,0,0,0,0,33.05000049248338,122.2072696685791,141.2596863076324,660,100.0,1.0,100.0,False
287,287,RouteScenario_287,Completed,results_TCP,0,0,0,0,0,0,0,0,0,176.2000026255846,690.814083814621,250.70334896953392,3523,100.0,1.0,100.0,False
288,288,RouteScenario_288,Failed - Agent timed out,results_TCP,0,0,0,0,0,0,1,0,0,78.05000116303563,283.8478755950928,94.00071938021614,1560,96.74292356262237,1.0,96.74292356262237,route_timeout
289,289,RouteScenario_289,Failed - Agent timed out,results_TCP,0,0,0,0,0,0,1,0,0,66.0500009842217,192.1667082309723,78.52384916000362,1320,93.4806898042852,1.0,93.4806898042852,route_timeout
290,290,RouteScenario_290,Completed,results_TCP,0,0,0,0,0,0,0,0,0,14.70000021904707,57.37929749488831,59.41275985558396,293,100.0,1.0,100.0,False
291,291,RouteScenario_291,Failed,results_TCP,0,0,1,0,0,0,0,0,0,109.50000163167716,389.6048321723938,220.34605456385611,2189,46.63593273804226,0.6,77.72655456340378,collisions_vehicle
292,292,RouteScenario_292,Failed - Agent timed out,results_TCP,0,0,0,0,0,0,1,0,0,212.05000315979123,825.9106197357178,91.16367443389557,4240,76.84413548813778,1.0,76.84413548813778,route_timeout
293,293,RouteScenario_293,Failed - Agent timed out,results_TCP,0,0,0,0,0,0,1,0,0,105.05000156536698,406.0485739707947,126.5800249155539,2100,87.30720239079055,1.0,87.30720239079055,route_timeout
294,294,RouteScenario_294,Failed - Agent timed out,results_TCP,0,0,0,0,0,0,1,0,0,96.05000143125652,356.05640864372253,115.78998008039962,1920,98.25125939035942,1.0,98.25125939035942,route_timeout
295,295,RouteScenario_295,Failed - Agent timed out,results_TCP,0,0,0,0,0,0,1,0,0,199.0500029660761,629.870290517807,199.0611845425313,3980,19.0586103793552,1.0,19.0586103793552,route_timeout
296,296,RouteScenario_296,Completed,results_TCP,0,0,0,0,0,0,0,0,0,206.1500030718744,788.200763463974,39.51298327846472,4122,100.0,1.0,100.0,False
297,297,RouteScenario_297,Failed - Agent timed out,results_TCP,0,0,0,0,0,0,1,0,0,135.05000201240182,462.87553787231445,134.82516645917676,2700,98.77143327950505,1.0,98.77143327950505,route_timeout
298,298,RouteScenario_298,Failed - Agent timed out,results_TCP,0,0,0,0,0,0,1,0,0,166.05000247433782,676.2984511852264,176.04473564672733,3320,98.51028637311876,1.0,98.51028637311876,route_timeout
299,299,RouteScenario_299,Completed,results_TCP,0,0,0,0,0,0,0,0,0,82.05000122264028,303.086617231369,97.46146430176618,1640,100.0,1.0,100.0,False
