,route_id,status,town,basename,cloudiness,fog_density,fog_distance,fog_falloff,precipitation,precipitation_deposits,sun_altitude_angle,sun_azimuth_angle,wetness,wind_intensity,collisions_layout,collisions_pedestrian,collisions_vehicle,outside_route_lanes,red_light,route_dev,route_timeout,stop_infraction,vehicle_blocked,duration_game,duration_system,ego_vehicle,ego_vehicle_color,ego_vehicle_number_of_wheels,ego_vehicle_object_type,ego_vehicle_role_name,ego_vehicle_sticky_control,number_of_drivers,number_of_walkers,percentage_speed_limit,route_length,total_steps,score_composed,score_penalty,score_route,ego_vehicle_driver_id,infraction
0,RouteScenario_0,Completed,Town01,data,20,0,0,0,0,50,15,270,0,0.349999994039536,0,0,0,0,0,0,0,0,0,106.900001592934,375.513843774796,vehicle.bmw.isetta,"(215,20,132)",4,,hero,True,145,101,104,207.019212970771,2135,100,1,100,,False
1,RouteScenario_1,Failed,Town01,data,90,0,0,0,15,50,-80,270,0,0.349999994039536,0,0,0,0,1,0,0,0,0,7.65000011399388,25.7559378147125,vehicle.chevrolet.impala,"(155,244,183)",4,,hero,True,154,144,75,82.7731237397857,150,0.29225350563548,0.7,0.417505008050685,,red_light
2,RouteScenario_2,Completed,Town01,data,80,0,0,0,60,100,15,0,0,1,0,0,0,0,0,0,0,0,0,131.300001956522,427.203954458237,vehicle.mercedes-benz.coupe,"(169,241,51)",4,,hero,True,125,97,107,4.00000021027517,2623,100,1,100,,False
3,RouteScenario_3,Failed - Agent timed out,Town01,data,80,0,0,0,0,0,75,45,0,0.349999994039536,0,0,0,0,0,0,1,0,0,101.050001505762,386.90883898735,vehicle.bmw.isetta,"(0,252,170)",4,,hero,True,111,124,103,85.0112894410797,2018,95.8415467552317,1,95.8415467552317,,route_timeout
4,RouteScenario_4,Failed,Town01,data,90,0,0,0,15,50,75,315,0,0.349999994039536,0,0,1,0,0,0,0,0,0,16.2000002413988,69.3111708164215,vehicle.tesla.cybertruck,,4,,hero,True,183,149,56,222.385490044924,321,13.9864095291945,0.6,23.3106825486576,,collisions_vehicle
5,RouteScenario_5,Failed,Town01,data,90,0,0,0,0,50,-80,225,0,0.349999994039536,0,0,0,0,1,0,0,0,0,42.5000006332994,147.330669164658,vehicle.audi.tt,"(133,243,35)",4,,hero,True,91,123,61,215.671334600397,847,14.1947645535385,0.7,20.2782350764836,,red_light
6,RouteScenario_6,Failed - Agent timed out,Town01,data,20,0,0,0,0,50,-80,225,0,0.349999994039536,0,0,0,0,0,0,1,0,0,69.0500010289252,205.652478456497,vehicle.yamaha.yzf,"(249,171,97)",2,,hero,True,111,60,89,81.9999806667819,1378,95.068912166575,1,95.068912166575,0,route_timeout
7,RouteScenario_7,Failed,Town01,data,80,0,0,0,0,0,75,45,0,0.349999994039536,0,0,1,0,0,0,0,0,0,18.7500002793968,67.3778500556946,vehicle.nissan.patrol,"(37,13,63)",4,,hero,True,161,72,84,89.6610007271915,372,14.8216096739633,0.6,24.7026827899389,,collisions_vehicle
8,RouteScenario_8,Completed,Town01,data,20,0,0,0,0,50,-80,225,0,0.349999994039536,0,0,0,0,0,0,0,0,0,30.7500004582107,103.555439710617,vehicle.mustang.mustang,"(31,11,217)",4,,hero,True,159,64,63,84.2932734945379,612,100,1,100,,False
9,RouteScenario_9,Failed,Town01,data,90,0,0,0,60,100,-80,225,0,1,1,0,0,1,0,0,0,0,0,13.4000001996756,56.8937032222748,vehicle.carlamotors.carlacola,"(86,104,29)",4,,hero,True,180,121,80,161.240312550301,265,8.68086712816671,0.402574886274994,21.5633598222938,,outside_route_lanes
10,RouteScenario_10,Failed - Agent timed out,Town01,data,90,0,0,0,0,50,15,0,0,0.349999994039536,0,0,0,0,0,0,1,0,0,147.050002191216,507.469270467758,vehicle.tesla.cybertruck,,4,,hero,True,99,103,108,178.939133037313,2938,44.2573639301496,1,44.2573639301496,,route_timeout
11,RouteScenario_11,Failed - Agent timed out,Town01,data,90,0,0,0,0,50,75,180,0,0.349999994039536,0,0,0,0,0,0,1,0,0,113.050001684576,417.304783821106,vehicle.nissan.patrol,"(67,158,198)",4,,hero,True,175,96,104,101.612062127783,2258,98.5315498897885,1,98.5315498897885,,route_timeout
12,RouteScenario_12,Failed - Agent timed out,Town01,data,90,0,0,0,60,100,75,90,0,1,0,0,0,0,0,0,1,0,0,122.050001818687,393.883804321289,vehicle.bmw.isetta,"(214,23,84)",4,,hero,True,137,63,52,148.579952645267,2438,98.6366548082868,1,98.6366548082868,,route_timeout
13,RouteScenario_13,Completed,Town01,data,15,0,0,0,0,0,75,0,0,0.349999994039536,0,0,0,0,0,0,0,0,0,139.950002085418,466.82702422142,vehicle.citroen.c3,"(96,42,66)",4,,hero,True,81,94,101,212.219985135147,2796,100,1,100,,False
14,RouteScenario_14,Completed,Town01,data,15,0,0,0,0,0,15,45,0,0.349999994039536,0,0,0,0,0,0,0,0,0,147.650002200156,509.142239093781,vehicle.toyota.prius,"(177,58,79)",4,,hero,True,115,136,91,185.726159223418,2950,100,1,100,,False
15,RouteScenario_15,Failed,Town01,data,90,0,0,0,0,50,-80,225,0,0.349999994039536,0,0,0,0,1,0,0,0,0,49.7500007413328,171.10040473938,vehicle.tesla.model3,"(234,222,190)",4,,hero,True,190,104,91,135.349716242063,992,16.1319447080261,0.7,23.0456352971801,,red_light
16,RouteScenario_16,Failed,Town01,data,80,0,0,0,0,0,-80,45,0,0.349999994039536,0,0,1,1,0,0,0,0,0,50.9500007592142,183.478321313858,vehicle.tesla.cybertruck,,4,,hero,True,117,66,87,84.7484900228585,1016,32.0803608133526,0.475778658003462,67.427069864742,,outside_route_lanes
17,RouteScenario_17,Failed,Town01,data,80,0,0,0,30,50,75,0,0,0.400000005960465,1,0,0,0,0,0,0,0,0,208.550003107637,785.072037220001,vehicle.tesla.model3,"(242,172,175)",4,,hero,True,95,99,108,134.964935241645,4168,56.2610419146212,0.65,86.5554490994173,,collisions_layout
18,RouteScenario_18,Completed,Town01,data,90,0,0,0,0,50,15,0,0,0.349999994039536,0,0,0,0,0,0,0,0,0,34.9000005200505,125.522263288498,vehicle.mustang.mustang,"(113,31,197)",4,,hero,True,81,65,62,63.5163513223151,695,100,1,100,,False
19,RouteScenario_19,Failed - Agent timed out,Town01,data,15,0,0,0,0,0,-80,0,0,0.349999994039536,0,0,0,0,0,0,1,0,0,242.050003606826,860.44248342514,vehicle.seat.leon,"(148,229,250)",4,,hero,True,180,108,75,250.789999323848,4838,98.2089089217951,1,98.2089089217951,,route_timeout
20,RouteScenario_20,Failed,Town01,data,80,0,0,0,0,0,15,270,0,0.349999994039536,0,0,1,0,0,0,0,0,0,84.6000012606382,273.088705778122,vehicle.jeep.wrangler_rubicon,"(14,231,103)",4,,hero,True,95,103,104,251.335243859629,1689,51.303008392682,0.6,85.5050139878033,,collisions_vehicle
21,RouteScenario_21,Failed,Town01,data,20,0,0,0,0,50,15,270,0,0.349999994039536,1,0,0,0,0,0,0,0,0,16.3000002428889,57.1541972160339,vehicle.tesla.cybertruck,,4,,hero,True,146,140,87,240.846590425083,323,11.0510456879582,0.65,17.0016087507049,,collisions_layout
22,RouteScenario_22,Failed - Agent timed out,Town01,data,90,0,0,0,15,50,-80,270,0,0.349999994039536,0,0,0,0,0,0,1,0,0,93.050001386553,363.635592222214,vehicle.toyota.prius,"(195,17,46)",4,,hero,True,165,135,73,91.2165058038567,1858,98.1844426621988,1,98.1844426621988,,route_timeout
23,RouteScenario_23,Completed,Town01,data,90,0,0,0,60,100,-80,225,0,1,0,0,0,0,0,0,0,0,0,41.1000006124377,142.38014292717,vehicle.lincoln.mkz2017,"(10,0,93)",4,,hero,True,117,98,87,167.384861200285,819,100,1,100,,False
24,RouteScenario_24,Failed - Agent timed out,Town01,data,90,0,0,0,0,50,-80,225,0,0.349999994039536,0,0,0,0,0,0,1,0,0,63.0500009395182,200.099714279175,vehicle.tesla.cybertruck,,4,,hero,True,141,96,65,75.509947236394,1258,63.3291879769901,1,63.3291879769901,,route_timeout
25,RouteScenario_25,Failed - Agent timed out,Town01,data,80,0,0,0,30,50,15,270,0,0.400000005960465,0,0,0,0,0,0,1,0,0,118.050001759082,424.834048032761,vehicle.tesla.model3,"(41,77,180)",4,,hero,True,132,62,59,127.5593661832,2358,91.7534639074563,1,91.7534639074563,,route_timeout
26,RouteScenario_26,Failed - Agent timed out,Town01,data,90,0,0,0,60,100,75,90,0,1,0,0,0,0,0,0,1,0,0,112.050001669675,368.715773582458,vehicle.diamondback.century,"(197,234,24)",2,,hero,True,92,96,89,135.980859649104,2238,34.1223325792015,1,34.1223325792015,4,route_timeout
27,RouteScenario_27,Failed - Agent timed out,Town01,data,15,0,0,0,0,0,75,0,0,0.349999994039536,0,0,0,0,0,0,1,0,0,211.05000314489,864.44847869873,vehicle.diamondback.century,"(172,63,151)",2,,hero,True,179,141,94,160.591741147415,4218,17.0800954544792,1,17.0800954544792,4,route_timeout
28,RouteScenario_28,Failed - Agent timed out,Town01,data,15,0,0,0,0,0,-80,0,0,0.349999994039536,0,0,0,0,0,0,1,0,0,196.050002921373,781.8623046875,vehicle.bh.crossbike,"(117,47,215)",2,,hero,True,144,86,86,174.256976751145,3918,98.7502084088984,1,98.7502084088984,2,route_timeout
29,RouteScenario_29,Completed,Town01,data,15,0,0,0,0,0,-80,0,0,0.349999994039536,0,0,0,0,0,0,0,0,0,22.6500003375113,66.3049852848053,vehicle.lincoln.mkz2017,"(187,36,73)",4,,hero,True,106,54,103,103.998671411552,450,100,1,100,,False
30,RouteScenario_30,Failed,Town01,data,80,0,0,0,30,50,75,0,0,0.400000005960465,0,0,0,0,1,0,0,0,0,72.4500010795891,233.219200611114,vehicle.tesla.model3,"(176,132,66)",4,,hero,True,83,73,57,84.2791168394927,1446,0.29561250804501,0.7,0.422303582921443,,red_light
31,RouteScenario_31,Failed,Town01,data,90,0,0,0,60,100,75,90,0,1,0,0,1,0,0,0,0,0,0,80.5000011995435,327.867760896683,vehicle.audi.etron,"(114,161,124)",4,,hero,True,110,130,110,67.5363625144511,1607,39.968096382429,0.6,66.6134939707151,,collisions_vehicle
32,RouteScenario_32,Failed - Agent timed out,Town01,data,20,0,0,0,0,50,75,45,0,0.349999994039536,0,0,0,0,0,0,1,0,0,138.050002057105,424.102338552475,vehicle.audi.etron,"(216,152,181)",4,,hero,True,90,76,109,167.999962408096,2758,98.8032409034595,1,98.8032409034595,,route_timeout
33,RouteScenario_33,Failed,Town01,data,15,0,0,0,0,0,15,45,0,0.349999994039536,0,0,0,0,1,0,0,0,0,107.000001594424,451.088747978211,vehicle.yamaha.yzf,"(141,57,78)",2,,hero,True,181,122,100,193.721850039984,2137,15.0766692917661,0.7,21.5380989882372,0,red_light
34,RouteScenario_34,Completed,Town01,data,90,0,0,0,0,50,75,180,0,0.349999994039536,0,0,0,0,0,0,0,0,0,80.7000012025237,279.831669330597,vehicle.bmw.grandtourer,"(254,118,207)",4,,hero,True,115,116,80,141.125936103569,1611,100,1,100,,False
35,RouteScenario_35,Failed - Agent timed out,Town01,data,80,0,0,0,30,50,15,270,0,0.400000005960465,0,0,0,0,0,0,1,0,0,228.05000339821,769.657478809357,vehicle.volkswagen.t2,"(100,43,18)",4,,hero,True,89,134,68,109.397150321348,4558,6.46975340445994,1,6.46975340445994,,route_timeout
36,RouteScenario_36,Failed - Agent timed out,Town01,data,90,0,0,0,0,50,15,0,0,0.349999994039536,0,0,0,0,0,0,1,0,0,194.05000289157,710.633245944977,vehicle.bmw.isetta,"(205,239,71)",4,,hero,True,151,122,57,148.92514730795,3878,88.8033969251832,1,88.8033969251832,,route_timeout
37,RouteScenario_37,Failed - Agent timed out,Town01,data,20,0,0,0,0,50,-80,225,0,0.349999994039536,0,0,0,0,0,0,1,0,0,196.050002921373,711.883810281754,vehicle.bmw.isetta,"(215,20,132)",4,,hero,True,145,102,104,158.688919302186,3918,98.7482207444271,1,98.7482207444271,,route_timeout
38,RouteScenario_38,Failed,Town01,data,20,0,0,0,0,50,15,270,0,0.349999994039536,0,1,0,0,0,0,0,0,0,65.5500009767711,233.888841867447,vehicle.mini.cooperst,"(104,244,226)",4,,hero,True,190,106,89,76.9063535155789,1308,35.6845136351991,0.5,71.3690272703981,,collisions_pedestrian
39,RouteScenario_39,Failed,Town01,data,80,0,0,0,0,0,-80,45,0,0.349999994039536,0,0,1,0,0,0,0,0,0,39.650000590831,135.988549947739,vehicle.jeep.wrangler_rubicon,"(32,97,113)",4,,hero,True,110,132,70,186.620425596569,790,52.7580408588279,0.6,87.9300680980465,,collisions_vehicle
40,RouteScenario_40,Failed - Agent timed out,Town01,data,80,0,0,0,30,50,75,0,0,0.400000005960465,0,0,0,0,0,0,1,0,0,206.050003070384,792.024391889572,vehicle.dodge_charger.police,"(104,147,227)",4,,hero,True,91,111,85,178.235083864772,4118,98.8097961667258,1,98.8097961667258,,route_timeout
41,RouteScenario_41,Failed,Town01,data,80,0,0,0,30,50,-80,225,0,0.400000005960465,0,0,1,0,0,0,0,0,0,9.45000014081597,38.8727762699127,vehicle.carlamotors.carlacola,"(41,200,141)",4,,hero,True,145,138,52,78.0000161598569,186,26.5551135657237,0.6,44.2585226095395,,collisions_vehicle
42,RouteScenario_42,Failed,Town01,data,20,0,0,0,0,50,-80,225,0,0.349999994039536,1,0,0,0,0,0,0,0,0,159.600002378225,600.954253911972,vehicle.bmw.grandtourer,"(166,59,249)",4,,hero,True,155,115,72,118.809884393332,3189,48.0583549136777,0.65,73.9359306364273,,collisions_layout
43,RouteScenario_43,Failed - Agent timed out,Town01,data,20,0,0,0,0,50,15,270,0,0.349999994039536,0,0,0,0,0,0,1,0,0,147.050002191216,462.376682043076,vehicle.kawasaki.ninja,"(37,13,63)",2,,hero,True,161,71,102,179.964561912339,2938,93.4977816451975,1,93.4977816451975,0,route_timeout
44,RouteScenario_44,Completed,Town01,data,80,0,0,0,30,50,-80,225,0,0.400000005960465,0,0,0,0,0,0,0,0,0,100.600001499057,330.230360269547,vehicle.mustang.mustang,"(31,11,217)",4,,hero,True,159,64,63,169.50130529376,2009,100,1,100,,False
45,RouteScenario_45,Failed,Town01,data,15,0,0,0,0,0,-80,0,0,0.349999994039536,0,1,0,0,0,0,0,0,0,36.150000538677,139.897648334503,vehicle.nissan.patrol,"(226,89,6)",4,,hero,True,140,123,57,132.537233931117,720,17.2545104265953,0.5,34.5090208531907,,collisions_pedestrian
46,RouteScenario_46,Failed - Agent timed out,Town01,data,90,0,0,0,0,50,75,180,0,0.349999994039536,0,0,0,0,0,0,1,0,0,136.050002027303,512.489482164383,vehicle.audi.etron,"(122,246,180)",4,,hero,True,158,82,67,165.706907466809,2718,96.9645256245314,1,96.9645256245314,,route_timeout
47,RouteScenario_47,Failed,Town01,data,20,0,0,0,0,50,75,45,0,0.349999994039536,0,0,1,0,0,0,0,0,0,22.0500003285706,86.6492390632629,vehicle.dodge_charger.police,"(81,122,114)",4,,hero,True,161,105,94,242.20963742487,438,9.84542194679321,0.6,16.4090365779887,,collisions_vehicle
48,RouteScenario_48,Failed - Agent got blocked,Town01,data,80,0,0,0,30,50,-80,225,0,0.400000005960465,0,0,0,0,0,0,0,0,1,180.050002682954,654.984238147736,vehicle.tesla.model3,"(0,19,253)",4,,hero,True,121,87,83,243.720508976471,3598,0,1,0,,vehicle_blocked
49,RouteScenario_49,Failed - Agent timed out,Town01,data,90,0,0,0,60,100,75,90,0,1,0,0,0,0,0,0,1,0,0,192.050002861768,665.215604305267,vehicle.audi.etron,"(177,58,79)",4,,hero,True,115,138,66,172.47023603808,3838,98.7183116845368,1,98.7183116845368,,route_timeout
50,RouteScenario_50,Failed - Agent timed out,Town01,data,15,0,0,0,0,0,15,45,0,0.349999994039536,0,0,0,0,0,0,1,0,0,118.050001759082,396.012276172638,vehicle.diamondback.century,"(222,190,91)",2,,hero,True,106,91,107,117.53109849302,2358,0,1,0,4,route_timeout
51,RouteScenario_51,Failed,Town01,data,15,0,0,0,0,0,15,45,0,0.349999994039536,1,0,0,0,0,0,0,0,0,18.9000002816319,52.2773251533508,vehicle.tesla.cybertruck,,4,,hero,True,116,62,87,236.026618294285,375,11.8452513443105,0.65,18.2234636066315,,collisions_layout
52,RouteScenario_52,Failed - Agent timed out,Town01,data,80,0,0,0,0,0,15,270,0,0.349999994039536,0,0,0,1,0,0,1,0,0,126.050001878291,487.261557340622,vehicle.chevrolet.impala,"(175,63,245)",4,,hero,True,93,126,103,91.7189155740634,2518,97.2272336362439,0.985227529673587,98.6850556931311,,route_timeout
53,RouteScenario_53,Completed,Town01,data,80,0,0,0,30,50,75,0,0,0.400000005960465,0,0,0,0,0,0,0,0,0,163.950002443045,547.817092418671,vehicle.bmw.grandtourer,"(101,113,31)",4,,hero,True,129,55,101,98.3793188962888,3276,100,1,100,,False
54,RouteScenario_54,Completed,Town01,data,90,0,0,0,60,100,-80,225,0,1,0,0,0,0,0,0,0,0,0,55.4000008255243,225.548108100891,vehicle.harley-davidson.low_rider,"(58,32,14)",2,,hero,True,195,111,62,97.6117190877154,1105,100,1,100,0,False
55,RouteScenario_55,Failed - Agent timed out,Town01,data,80,0,0,0,0,0,15,270,0,0.349999994039536,0,0,0,0,0,0,1,0,0,163.050002429634,515.114994049072,vehicle.harley-davidson.low_rider,"(77,53,249)",2,,hero,True,98,109,74,170.680552557536,3258,98.9914335547942,1,98.9914335547942,0,route_timeout
56,RouteScenario_56,Failed,Town01,data,80,0,0,0,30,50,-80,225,0,0.400000005960465,0,0,1,0,0,0,0,0,0,2.35000003501773,7.66175889968872,vehicle.jeep.wrangler_rubicon,"(240,33,43)",4,,hero,True,146,145,95,88.803553562924,44,0,0.6,0,,collisions_vehicle
57,RouteScenario_57,Completed,Town01,data,80,0,0,0,0,0,-80,45,0,0.349999994039536,0,0,0,0,0,0,0,0,0,119.350001778454,437.819472789764,vehicle.toyota.prius,"(17,46,39)",4,,hero,True,175,99,83,85.4917344082826,2384,100,1,100,,False
58,RouteScenario_58,Failed - Agent timed out,Town01,data,80,0,0,0,0,0,75,45,0,0.349999994039536,0,0,0,0,0,0,1,0,0,169.050002519041,719.806995153427,vehicle.nissan.micra,"(65,122,146)",4,,hero,True,172,136,53,110.760657959706,3378,98.5442823949232,1,98.5442823949232,,route_timeout
59,RouteScenario_59,Failed,Town01,data,90,0,0,0,0,50,-80,225,0,0.349999994039536,0,0,1,0,0,0,0,0,0,11.6500001735985,33.3289287090302,vehicle.nissan.patrol,"(238,197,234)",4,,hero,True,86,66,52,177.857127968248,230,14.7553299766103,0.6,24.5922166276838,,collisions_vehicle
60,RouteScenario_60,Failed,Town01,data,80,0,0,0,0,0,15,270,0,0.349999994039536,1,0,0,0,0,0,0,0,0,13.1000001952052,43.0267457962036,vehicle.tesla.cybertruck,,4,,hero,True,180,94,101,62.717139549735,259,21.8121833028494,0.65,33.5572050813068,,collisions_layout
61,RouteScenario_61,Completed,Town01,data,80,0,0,0,30,50,15,270,0,0.400000005960465,0,0,0,0,0,0,0,0,0,76.6000011414289,223.983945608139,vehicle.lincoln.mkz2017,"(47,215,156)",4,,hero,True,94,70,63,181.206637504591,1529,100,1,100,,False
62,RouteScenario_62,Failed,Town01,data,15,0,0,0,0,0,-80,0,0,0.349999994039536,0,0,1,0,0,0,0,0,0,86.3000012859702,282.153405427933,vehicle.citroen.c3,"(15,254,166)",4,,hero,True,172,76,93,192.122827172363,1723,26.9854965532935,0.6,44.9758275888226,,collisions_vehicle
63,RouteScenario_63,Failed,Town01,data,90,0,0,0,0,50,75,180,0,0.349999994039536,0,0,1,0,0,0,0,0,0,193.150002878159,743.886572599411,vehicle.mustang.mustang,"(63,3,150)",4,,hero,True,127,123,93,235.904038841879,3860,56.0832153404932,0.6,93.4720255674887,,collisions_vehicle
64,RouteScenario_64,Failed,Town01,data,90,0,0,0,15,50,-80,270,0,0.349999994039536,0,0,1,0,0,0,0,0,0,17.8000002652407,72.0776207447052,vehicle.tesla.cybertruck,,4,,hero,True,154,64,80,156.177054868815,353,9.68371016495576,0.6,16.1395169415929,,collisions_vehicle
65,RouteScenario_65,Failed,Town01,data,90,0,0,0,15,50,75,315,0,0.349999994039536,0,0,0,0,1,0,0,0,0,111.200001657009,432.738784074783,vehicle.lincoln.mkz2017,"(227,189,29)",4,,hero,True,128,95,55,203.435859527397,2221,26.0063826009747,0.7,37.1519751442496,,red_light
66,RouteScenario_66,Failed - Agent timed out,Town01,data,80,0,0,0,0,0,15,270,0,0.349999994039536,0,0,0,0,0,0,1,0,0,104.050001550466,349.685864925385,vehicle.tesla.model3,"(47,254,118)",4,,hero,True,149,129,98,111.219846834658,2078,98.4012914913267,1,98.4012914913267,,route_timeout
67,RouteScenario_67,Failed - Agent timed out,Town01,data,90,0,0,0,60,100,-80,225,0,1,0,0,0,0,0,0,1,0,0,227.050003383309,833.05471944809,vehicle.gazelle.omafiets,"(11,61,138)",2,,hero,True,193,122,75,234.621307071779,4538,16.8871577923514,1,16.8871577923514,0,route_timeout
68,RouteScenario_68,Failed,Town01,data,15,0,0,0,0,0,-80,0,0,0.349999994039536,0,0,1,0,0,0,0,0,0,137.80000205338,520.006968736649,vehicle.bmw.grandtourer,"(18,36,134)",4,,hero,True,119,107,88,123.180107520798,2753,46.8183798155472,0.6,78.0306330259119,,collisions_vehicle
69,RouteScenario_69,Failed - Agent timed out,Town01,data,90,0,0,0,60,100,-80,225,0,1,0,0,0,0,0,0,1,0,0,56.0500008352101,205.468558073044,vehicle.diamondback.century,"(71,153,181)",2,,hero,True,160,99,87,50.3572785555583,1118,27.9642224010497,1,27.9642224010497,4,route_timeout
70,RouteScenario_70,Completed,Town01,data,15,0,0,0,0,0,-80,0,0,0.349999994039536,0,0,0,0,0,0,0,0,0,98.8500014729798,349.915230989456,vehicle.audi.a2,"(34,41,202)",4,,hero,True,80,87,75,138.308004784328,1974,100,1,100,,False
71,RouteScenario_71,Failed,Town01,data,80,0,0,0,0,0,75,45,0,0.349999994039536,0,0,1,0,0,0,0,0,0,30.15000044927,108.257456302643,vehicle.jeep.wrangler_rubicon,"(169,196,86)",4,,hero,True,122,96,79,226.400898091725,600,23.3161929403639,0.6,38.8603215672732,,collisions_vehicle
72,RouteScenario_72,Failed - Agent timed out,Town01,data,15,0,0,0,0,0,75,0,0,0.349999994039536,0,0,0,0,0,0,1,0,0,122.050001818687,471.022694349289,vehicle.lincoln.mkz2017,"(100,224,104)",4,,hero,True,155,118,96,152.837140492969,2438,75.48668555301,1,75.48668555301,,route_timeout
73,RouteScenario_73,Failed - Agent timed out,Town01,data,80,0,0,0,0,0,-80,45,0,0.349999994039536,0,0,0,0,0,0,1,0,0,224.050003338605,874.826433181763,vehicle.toyota.prius,"(145,180,210)",4,,hero,True,138,58,95,173.225622140864,4478,98.6141118386193,1,98.6141118386193,,route_timeout
74,RouteScenario_74,Completed,Town01,data,90,0,0,0,60,100,-80,225,0,1,0,0,0,0,0,0,0,0,0,99.4500014819205,348.973769903183,vehicle.harley-davidson.low_rider,"(1,148,3)",2,,hero,True,97,63,60,135.011337708198,1986,100,1,100,0,False
75,RouteScenario_75,Failed,Town01,data,80,0,0,0,30,50,-80,225,0,0.400000005960465,0,0,0,0,1,0,0,0,0,36.3500005416572,106.899874925613,vehicle.seat.leon,"(233,166,130)",4,,hero,True,83,102,70,188.146872702469,724,28.0064401444971,0.7,40.0092002064244,,red_light
76,RouteScenario_76,Failed - Agent timed out,Town01,data,20,0,0,0,0,50,75,45,0,0.349999994039536,0,0,0,0,0,0,1,0,0,234.050003487617,948.367744922638,vehicle.bmw.isetta,"(215,20,132)",4,,hero,True,145,99,104,44.1814466518153,4678,98.2567633813127,1,98.2567633813127,,route_timeout
77,RouteScenario_77,Completed,Town01,data,90,0,0,0,0,50,15,0,0,0.349999994039536,0,0,0,0,0,0,0,0,0,129.700001932681,494.745236635208,vehicle.mini.cooperst,"(104,244,226)",4,,hero,True,190,106,89,30.3161255909202,2591,100,1,100,,False
78,RouteScenario_78,Failed - Agent timed out,Town01,data,20,0,0,0,0,50,75,45,0,0.349999994039536,0,0,0,0,0,0,1,0,0,74.050001103431,291.73917555809,vehicle.tesla.model3,"(55,154,149)",4,,hero,True,170,67,82,82.5240339591636,1478,89.6356572555697,1,89.6356572555697,,route_timeout
79,RouteScenario_79,Completed,Town01,data,80,0,0,0,30,50,15,270,0,0.400000005960465,0,0,0,0,0,0,0,0,0,66.4000009894371,202.235815286636,vehicle.dodge_charger.police,"(104,147,227)",4,,hero,True,91,116,85,220.053316473108,1325,100,1,100,,False
80,RouteScenario_80,Failed,Town01,data,15,0,0,0,0,0,15,45,0,0.349999994039536,0,0,0,0,1,0,0,0,0,11.200000166893,35.5815312862396,vehicle.carlamotors.carlacola,"(41,200,141)",4,,hero,True,146,133,52,135.565363838543,221,17.3344491990095,0.7,24.7634988557279,,red_light
81,RouteScenario_81,Failed - Agent timed out,Town01,data,90,0,0,0,60,100,-80,225,0,1,0,0,0,0,0,0,1,0,0,201.050002995878,679.831417560577,vehicle.bmw.grandtourer,"(166,59,249)",4,,hero,True,154,117,72,227.065844694355,4018,98.7784346378965,1,98.7784346378965,,route_timeout
82,RouteScenario_82,Failed - Agent timed out,Town01,data,90,0,0,0,15,50,-80,270,0,0.349999994039536,0,0,0,0,0,0,1,0,0,78.0500011630356,253.060393571854,vehicle.kawasaki.ninja,"(37,13,63)",2,,hero,True,161,70,102,92.6699986967743,1558,94.5526667457958,1,94.5526667457958,0,route_timeout
83,RouteScenario_83,Failed,Town01,data,90,0,0,0,60,100,75,90,0,1,0,0,1,0,0,0,0,0,0,17.7500002644956,64.106568813324,vehicle.carlamotors.carlacola,"(61,200,46)",4,,hero,True,127,136,88,153.779977032695,352,30.3837519480298,0.6,50.6395865800497,,collisions_vehicle
84,RouteScenario_84,Completed,Town01,data,90,0,0,0,60,100,-80,225,0,1,0,0,0,0,0,0,0,0,0,86.4000012874603,306.776441097259,vehicle.mustang.mustang,"(240,86,104)",4,,hero,True,178,64,72,136.683846129862,1725,100,1,100,,False
85,RouteScenario_85,Failed - Agent timed out,Town01,data,15,0,0,0,0,0,75,0,0,0.349999994039536,0,0,0,0,0,0,1,0,0,47.0500007010996,194.405432462692,vehicle.toyota.prius,"(159,182,198)",4,,hero,True,187,117,105,56.7774573305317,938,94.4240108495868,1,94.4240108495868,,route_timeout
86,RouteScenario_86,Failed - Agent timed out,Town01,data,90,0,0,0,15,50,15,270,0,0.349999994039536,0,0,0,0,0,0,1,0,0,144.050002146512,498.609998703003,vehicle.audi.etron,"(6,234,40)",4,,hero,True,122,122,66,140.293209988105,2878,97.7008693398301,1,97.7008693398301,,route_timeout
87,RouteScenario_87,Failed - Agent timed out,Town01,data,90,0,0,0,0,50,15,0,0,0.349999994039536,0,0,0,0,0,0,1,0,0,236.050003517419,786.17288517952,vehicle.audi.tt,"(205,214,23)",4,,hero,True,101,99,76,130.610807613161,4718,98.9624783205575,1,98.9624783205575,,route_timeout
88,RouteScenario_88,Completed,Town01,data,90,0,0,0,60,100,75,90,0,1,0,0,0,0,0,0,0,0,0,141.250002104789,479.892847061157,vehicle.citroen.c3,"(96,42,66)",4,,hero,True,80,97,101,109.972054901903,2822,100,1,100,,False
89,RouteScenario_89,Failed,Town01,data,90,0,0,0,60,100,-80,225,0,1,0,0,1,0,0,0,0,0,0,9.70000014454126,33.8458623886108,vehicle.toyota.prius,"(177,58,79)",4,,hero,True,115,141,91,190.574216852156,191,7.15625008236927,0.6,11.9270834706155,,collisions_vehicle
90,RouteScenario_90,Failed - Agent timed out,Town01,data,90,0,0,0,15,50,15,270,0,0.349999994039536,0,0,0,0,0,0,1,0,0,210.050003129989,733.254697561264,vehicle.tesla.model3,"(234,222,190)",4,,hero,True,190,104,91,212.051471379147,4198,98.5478032402937,1,98.5478032402937,,route_timeout
91,RouteScenario_91,Failed,Town01,data,90,0,0,0,15,50,75,315,0,0.349999994039536,0,0,1,1,0,0,0,0,0,8.80000013113022,25.786116361618,vehicle.tesla.cybertruck,,4,,hero,True,117,65,87,50.1306667090402,173,38.3000065248375,0.534202572771127,71.6956609290736,,outside_route_lanes
92,RouteScenario_92,Failed - Agent timed out,Town01,data,90,0,0,0,60,100,75,90,0,1,0,0,0,0,0,0,1,0,0,187.050002787262,737.517452001572,vehicle.mustang.mustang,"(122,24,157)",4,,hero,True,102,140,80,9.9037431356277,3738,97.8023192961841,1,97.8023192961841,,route_timeout
93,RouteScenario_93,Failed - Agent timed out,Town01,data,20,0,0,0,0,50,15,270,0,0.349999994039536,0,0,0,0,0,0,1,0,0,153.050002280623,497.972561359406,vehicle.chevrolet.impala,"(43,101,113)",4,,hero,True,87,90,54,147.887772506435,3058,98.9221620428449,1,98.9221620428449,,route_timeout
94,RouteScenario_94,Failed - Agent timed out,Town01,data,15,0,0,0,0,0,-80,0,0,0.349999994039536,0,0,0,0,0,0,1,0,0,149.050002221018,477.153097629547,vehicle.kawasaki.ninja,"(85,220,98)",2,,hero,True,125,66,66,132.450847509141,2978,98.3361496205657,1,98.3361496205657,0,route_timeout
95,RouteScenario_95,Failed - Agent timed out,Town01,data,15,0,0,0,0,0,75,0,0,0.349999994039536,0,0,0,0,0,0,1,0,0,152.050002265722,543.385291576386,vehicle.yamaha.yzf,"(101,234,193)",2,,hero,True,126,107,59,175.462139150575,3038,98.3747655942404,1,98.3747655942404,0,route_timeout
96,RouteScenario_96,Completed,Town01,data,80,0,0,0,30,50,-80,225,0,0.400000005960465,0,0,0,0,0,0,0,0,0,140.700002096593,422.239608049393,vehicle.tesla.model3,"(255,103,112)",4,,hero,True,81,88,103,146.502220519111,2811,100,1,100,,False
97,RouteScenario_97,Failed - Agent timed out,Town01,data,20,0,0,0,0,50,15,270,0,0.349999994039536,0,0,0,0,0,0,1,0,0,82.0500012226403,326.910736322403,vehicle.bh.crossbike,"(148,213,246)",2,,hero,True,188,130,98,97.7891815367876,1638,95.8643036661545,1,95.8643036661545,2,route_timeout
98,RouteScenario_98,Failed - Agent timed out,Town01,data,15,0,0,0,0,0,75,0,0,0.349999994039536,0,0,0,0,0,0,1,0,0,213.050003174692,916.714052677154,vehicle.gazelle.omafiets,"(155,208,196)",2,,hero,True,183,92,81,84.7644301521923,4258,49.1322107773525,1,49.1322107773525,0,route_timeout
99,RouteScenario_99,Failed - Agent timed out,Town01,data,20,0,0,0,0,50,15,270,0,0.349999994039536,0,0,0,0,0,0,1,0,0,114.050001699477,377.467337608337,vehicle.chevrolet.impala,"(180,210,18)",4,,hero,True,158,95,59,138.250854519956,2278,98.5440662582758,1,98.5440662582758,,route_timeout
100,RouteScenario_100,Failed - Agent timed out,Town01,data,90,0,0,0,60,100,75,90,0,1,0,0,0,0,0,0,1,0,0,194.05000289157,719.321142196655,vehicle.diamondback.century,"(24,51,241)",2,,hero,True,179,69,74,238.109787563928,3878,3.83953076841404,1,3.83953076841404,4,route_timeout
101,RouteScenario_101,Failed - Agent timed out,Town01,data,90,0,0,0,15,50,-80,270,0,0.349999994039536,0,0,0,0,0,0,1,0,0,187.050002787262,725.587867498398,vehicle.mercedes-benz.coupe,"(62,96,19)",4,,hero,True,180,92,97,223.332902900877,3738,98.2457150095119,1,98.2457150095119,,route_timeout
102,RouteScenario_102,Failed,Town01,data,15,0,0,0,0,0,15,45,0,0.349999994039536,0,0,1,0,0,0,0,0,0,61.3000009134412,202.009322404861,vehicle.tesla.model3,"(166,129,40)",4,,hero,True,125,62,51,167.564870864939,1223,32.039033453699,0.6,53.3983890894983,,collisions_vehicle
103,RouteScenario_103,Failed - Agent timed out,Town01,data,80,0,0,0,0,0,75,45,0,0.349999994039536,0,0,0,0,0,0,1,0,0,203.050003025681,698.135353803635,vehicle.yamaha.yzf,"(3,150,188)",2,,hero,True,168,58,107,194.971879863744,4058,69.367254063941,1,69.367254063941,0,route_timeout
104,RouteScenario_104,Failed - Agent timed out,Town01,data,20,0,0,0,0,50,-80,225,0,0.349999994039536,0,0,0,1,0,0,1,0,0,129.050001922995,484.006283044815,vehicle.tesla.cybertruck,,4,,hero,True,93,109,68,115.885909577756,2578,52.2306951873646,0.82515944568949,63.2977001720212,,route_timeout
105,RouteScenario_105,Failed,Town01,data,90,0,0,0,60,100,75,90,0,1,0,0,1,0,0,0,0,0,0,53.2500007934868,208.978990316391,vehicle.bmw.isetta,"(39,37,67)",4,,hero,True,133,81,51,43.0960436440428,1062,18.1151311217154,0.6,30.191885202859,,collisions_vehicle
106,RouteScenario_106,Failed,Town01,data,90,0,0,0,15,50,-80,270,0,0.349999994039536,0,0,0,0,1,0,0,0,0,0.050000000745058,0.120535850524902,vehicle.audi.a2,"(213,164,225)",4,,hero,True,106,0,76,58.6382713487703,0,0,0.7,0,,red_light
107,RouteScenario_107,Failed - Agent timed out,Town01,data,20,0,0,0,0,50,-80,225,0,0.349999994039536,0,0,0,0,0,0,1,0,0,88.0500013120473,310.311188459396,vehicle.diamondback.century,"(174,72,181)",2,,hero,True,139,115,65,77.2658992938477,1758,4.8695301836734,1,4.8695301836734,4,route_timeout
108,RouteScenario_108,Failed - Agent timed out,Town01,data,15,0,0,0,0,0,15,45,0,0.349999994039536,0,0,0,0,0,0,1,0,0,186.050002772361,583.668663740158,vehicle.audi.a2,"(131,203,202)",4,,hero,True,136,67,52,162.785049296464,3718,47.0227918615602,1,47.0227918615602,,route_timeout
109,RouteScenario_109,Completed,Town01,data,90,0,0,0,0,50,-80,225,0,0.349999994039536,0,0,0,0,0,0,0,0,0,171.250002551824,642.658613443375,vehicle.lincoln.mkz2017,"(83,34,212)",4,,hero,True,190,85,105,198.331334951565,3422,100,1,100,,False
110,RouteScenario_110,Failed,Town01,data,90,0,0,0,0,50,75,180,0,0.349999994039536,0,0,0,0,1,0,0,0,0,137.850002054125,469.083174705505,vehicle.toyota.prius,"(68,107,53)",4,,hero,True,132,117,68,114.149971162581,2754,16.3906968367058,0.7,23.415281195294,,red_light
111,RouteScenario_111,Failed - Agent timed out,Town01,data,90,0,0,0,60,100,75,90,0,1,0,0,0,0,0,0,1,0,0,102.050001520664,390.092447519302,vehicle.harley-davidson.low_rider,"(242,212,111)",2,,hero,True,141,100,69,89.8581682581759,2038,93.6874474931518,1,93.6874474931518,0,route_timeout
112,RouteScenario_112,Completed,Town01,data,80,0,0,0,0,0,75,45,0,0.349999994039536,0,0,0,0,0,0,0,0,0,36.4500005431473,116.669852972031,vehicle.audi.a2,"(34,41,202)",4,,hero,True,80,87,106,117.182011802066,726,100,1,100,,False
113,RouteScenario_113,Completed,Town01,data,20,0,0,0,0,50,-80,225,0,0.349999994039536,0,0,0,0,0,0,0,0,0,52.2000007778406,173.372508049011,vehicle.dodge_charger.police,"(215,222,75)",4,,hero,True,137,142,60,124.710890054488,1041,100,1,100,,False
114,RouteScenario_114,Failed - Agent timed out,Town01,data,80,0,0,0,0,0,-80,45,0,0.349999994039536,0,0,0,0,0,0,1,0,0,124.050001848489,346.054215431213,vehicle.diamondback.century,"(104,25,198)",2,,hero,True,84,74,62,97.8522698152996,2478,0,1,0,4,route_timeout
115,RouteScenario_115,Failed - Agent timed out,Town01,data,90,0,0,0,0,50,15,0,0,0.349999994039536,0,0,0,0,0,0,1,0,0,166.050002474338,570.273489952087,vehicle.diamondback.century,"(27,220,232)",2,,hero,True,142,78,76,152.482095803129,3318,14.4442821720666,1,14.4442821720666,4,route_timeout
116,RouteScenario_116,Completed,Town01,data,90,0,0,0,0,50,75,180,0,0.349999994039536,0,0,0,0,0,0,0,0,0,164.250002447516,559.714297056198,vehicle.bmw.isetta,"(113,232,98)",4,,hero,True,123,113,88,273.331996132036,3282,100,1,100,,False
117,RouteScenario_117,Failed - Agent timed out,Town01,data,80,0,0,0,0,0,75,45,0,0.349999994039536,0,0,0,1,0,0,1,0,0,243.050003621727,1001.02758646011,vehicle.bh.crossbike,"(225,39,218)",2,,hero,True,150,130,108,174.533229151483,4858,81.0418178022502,0.957927914034135,84.6011653016329,2,route_timeout
118,RouteScenario_118,Failed,Town01,data,15,0,0,0,0,0,-80,0,0,0.349999994039536,0,0,1,1,0,0,0,0,0,23.4500003494322,95.0615704059601,vehicle.tesla.cybertruck,,4,,hero,True,145,110,107,56.3013298853026,466,15.9172161934577,0.584980206571768,27.20983721268,,outside_route_lanes
119,RouteScenario_119,Failed - Agent timed out,Town01,data,90,0,0,0,0,50,-80,225,0,0.349999994039536,0,0,0,0,0,0,1,0,0,199.050002966076,665.950298786163,vehicle.toyota.prius,"(219,25,62)",4,,hero,True,129,118,84,187.802880730796,3978,73.9899947165192,1,73.9899947165192,,route_timeout
120,RouteScenario_120,Failed - Agent timed out,Town01,data,90,0,0,0,15,50,-80,270,0,0.349999994039536,0,0,0,0,0,0,1,0,0,79.0500011779368,287.333601474762,vehicle.mercedes-benz.coupe,"(167,119,191)",4,,hero,True,160,105,69,67.6444874349446,1578,97.8667075132946,1,97.8667075132946,,route_timeout
121,RouteScenario_121,Failed - Agent timed out,Town01,data,80,0,0,0,0,0,-80,45,0,0.349999994039536,0,0,0,1,0,0,1,0,0,212.050003159791,873.381753206253,vehicle.bh.crossbike,"(254,109,120)",2,,hero,True,173,67,98,247.344371976281,4238,5.1919664933199,0.7873172342779,6.59450380008738,2,route_timeout
122,RouteScenario_122,Failed,Town01,data,80,0,0,0,30,50,15,270,0,0.400000005960465,0,0,1,0,0,0,0,0,0,6.2000000923872,23.4004001617432,vehicle.tesla.cybertruck,,4,,hero,True,164,142,79,185.994639783653,121,7.53377250469336,0.6,12.5562875078223,,collisions_vehicle
123,RouteScenario_123,Failed - Agent timed out,Town01,data,80,0,0,0,0,0,15,270,0,0.349999994039536,0,0,0,0,0,0,1,0,0,51.0500007607043,183.878653526306,vehicle.dodge_charger.police,"(127,175,225)",4,,hero,True,165,123,52,50.9926642098561,1018,95.8811400425796,1,95.8811400425796,,route_timeout
124,RouteScenario_124,Failed,Town01,data,90,0,0,0,0,50,15,0,0,0.349999994039536,1,0,0,0,0,0,0,0,0,200.100002981722,683.056191205978,vehicle.mercedes-benz.coupe,"(115,133,176)",4,,hero,True,164,68,92,80.7752049372926,3999,26.9431606747377,0.65,41.4510164226733,,collisions_layout
125,RouteScenario_125,Completed,Town01,data,90,0,0,0,0,50,75,180,0,0.349999994039536,0,0,0,1,0,0,0,0,0,107.050001595169,387.320516586304,vehicle.bmw.isetta,"(21, 158, 255)",4,,hero,True,97,114,76,154.227736306685,2138,98.3666699768037,0.983666699768037,100,,outside_route_lanes
126,RouteScenario_126,Failed - Agent timed out,Town01,data,80,0,0,0,60,100,15,0,0,1,0,0,0,0,0,0,1,0,0,88.0500013120473,353.74564909935,vehicle.seat.leon,"(86,40,218)",4,,hero,True,198,138,93,81.1833542852019,1758,95.9314234458556,1,95.9314234458556,,route_timeout
127,RouteScenario_127,Failed,Town01,data,90,0,0,0,15,50,-80,270,0,0.349999994039536,0,0,1,0,0,0,0,0,0,2.5000000372529,8.84731340408325,vehicle.tesla.cybertruck,,4,,hero,True,199,131,107,126.519743536487,47,0.634860060340365,0.6,1.05810010056727,,collisions_vehicle
128,RouteScenario_128,Failed,Town01,data,80,0,0,0,0,0,15,270,0,0.349999994039536,1,0,0,0,0,0,0,0,0,4.25000006332994,13.8094420433044,vehicle.tesla.cybertruck,,4,,hero,True,186,80,109,275.50983420566,82,2.0554514477449,0.65,3.16223299653062,,collisions_layout
129,RouteScenario_129,Failed,Town01,data,90,0,0,0,0,50,75,180,0,0.349999994039536,0,0,0,0,1,0,0,0,0,12.0000001788139,37.4326474666595,vehicle.carlamotors.carlacola,"(4,26,79)",4,,hero,True,124,89,97,161.070550861444,237,16.1479394162304,0.7,23.0684848803292,,red_light
130,RouteScenario_130,Completed,Town01,data,80,0,0,0,60,100,15,0,0,1,0,0,0,0,0,0,0,0,0,43.4500006474555,144.700232744217,vehicle.mustang.mustang,"(245,131,96)",4,,hero,True,88,106,50,92.6720864187918,866,100,1,100,,False
131,RouteScenario_131,Failed,Town01,data,80,0,0,0,60,100,15,0,0,1,1,0,0,0,0,0,0,0,0,4.95000007376075,15.2337284088135,vehicle.tesla.cybertruck,,4,,hero,True,113,102,69,155.64995003145,96,4.70854349013098,0.65,7.24391306173997,,collisions_layout
132,RouteScenario_132,Failed - Agent timed out,Town01,data,90,0,0,0,0,50,75,180,0,0.349999994039536,0,0,0,0,0,0,1,0,0,164.050002444535,552.042472600937,vehicle.kawasaki.ninja,"(196,184,237)",2,,hero,True,84,105,100,168.141501983467,3278,98.9965499460421,1,98.9965499460421,0,route_timeout
133,RouteScenario_133,Failed - Agent timed out,Town01,data,80,0,0,0,0,0,15,270,0,0.349999994039536,0,0,0,0,0,0,1,0,0,227.050003383309,822.289032459259,vehicle.lincoln.mkz2017,"(123,140,94)",4,,hero,True,199,129,97,135.693103912075,4538,64.1445256746318,1,64.1445256746318,,route_timeout
134,RouteScenario_134,Failed - Agent timed out,Town01,data,80,0,0,0,30,50,-80,225,0,0.400000005960465,0,0,0,0,0,0,1,0,0,133.050001982599,506.762929439545,vehicle.bmw.isetta,"(215,20,132)",4,,hero,True,145,102,104,121.971395824203,2658,96.1007758767271,1,96.1007758767271,,route_timeout
135,RouteScenario_135,Failed - Agent timed out,Town01,data,15,0,0,0,0,0,75,0,0,0.349999994039536,0,0,0,0,0,0,1,0,0,150.050002235919,507.153461456299,vehicle.chevrolet.impala,"(75,158,50)",4,,hero,True,173,61,95,90.0830794673052,2998,98.8993683746214,1,98.8993683746214,,route_timeout
136,RouteScenario_136,Failed,Town01,data,15,0,0,0,0,0,75,0,0,0.349999994039536,0,0,1,0,0,0,0,0,0,17.250000257045,74.7515313625336,vehicle.audi.tt,"(7,47,204)",4,,hero,True,169,139,66,71.692100036983,342,12.6244441956765,0.6,21.0407403261275,,collisions_vehicle
137,RouteScenario_137,Failed - Agent timed out,Town01,data,80,0,0,0,60,100,15,0,0,1,0,0,0,0,0,0,1,0,0,198.050002951175,786.887322664261,vehicle.diamondback.century,"(46,41,163)",2,,hero,True,192,99,84,195.338331642993,3958,18.5581757427565,1,18.5581757427565,4,route_timeout
138,RouteScenario_138,Failed - Agent timed out,Town01,data,80,0,0,0,0,0,75,45,0,0.349999994039536,0,0,0,0,0,0,1,0,0,196.050002921373,665.731733560562,vehicle.diamondback.century,"(46,197,162)",2,,hero,True,153,77,68,96.4002246154936,3918,5.62082124385522,1,5.62082124385522,4,route_timeout
139,RouteScenario_139,Failed,Town01,data,80,0,0,0,30,50,15,270,0,0.400000005960465,0,0,1,0,0,0,0,0,0,0.100000001490116,0.350502252578735,vehicle.carlamotors.carlacola,"(200,141,120)",4,,hero,True,188,0,109,151.5509041962,1,0,0.6,0,,collisions_vehicle
140,RouteScenario_140,Failed - Agent timed out,Town01,data,90,0,0,0,15,50,-80,270,0,0.349999994039536,0,0,0,0,0,0,1,0,0,160.050002384931,462.884152173996,vehicle.yamaha.yzf,"(249,171,97)",2,,hero,True,110,60,89,141.904018858039,3198,98.4541363206547,1,98.4541363206547,0,route_timeout
141,RouteScenario_141,Failed - Agent timed out,Town01,data,90,0,0,0,15,50,-80,270,0,0.349999994039536,0,0,0,0,0,0,1,0,0,129.050001922995,437.972461223602,vehicle.nissan.patrol,"(37,13,63)",4,,hero,True,161,75,84,159.021803044014,2578,97.4372885491457,1,97.4372885491457,,route_timeout
142,RouteScenario_142,Failed - Agent timed out,Town01,data,15,0,0,0,0,0,75,0,0,0.349999994039536,0,0,0,0,0,0,1,0,0,79.0500011779368,275.567534685135,vehicle.mustang.mustang,"(31,11,217)",4,,hero,True,159,66,63,69.9383987948123,1578,96.7917159553151,1,96.7917159553151,,route_timeout
143,RouteScenario_143,Failed,Town01,data,90,0,0,0,60,100,75,90,0,1,0,1,0,0,0,0,0,0,0,7.70000011473894,31.0227346420288,vehicle.carlamotors.carlacola,"(86,104,29)",4,,hero,True,180,120,80,222.933809016488,151,4.45508898366505,0.5,8.9101779673301,,collisions_pedestrian
144,RouteScenario_144,Failed - Agent timed out,Town01,data,20,0,0,0,0,50,75,45,0,0.349999994039536,0,0,0,0,0,0,1,0,0,244.050003636628,918.61572933197,vehicle.harley-davidson.low_rider,"(147,183,67)",2,,hero,True,171,84,80,237.946438945277,4878,96.0002266175302,1,96.0002266175302,0,route_timeout
145,RouteScenario_145,Failed,Town01,data,90,0,0,0,15,50,75,315,0,0.349999994039536,0,0,1,0,0,0,0,0,0,2.65000003948808,9.26110076904297,vehicle.nissan.patrol,"(0,19,253)",4,,hero,True,121,86,85,200.109787391949,50,0.336288240504641,0.6,0.560480400841068,,collisions_vehicle
146,RouteScenario_146,Failed - Agent timed out,Town01,data,90,0,0,0,0,50,15,0,0,0.349999994039536,0,0,0,0,0,0,1,0,0,144.050002146512,517.502937316895,vehicle.gazelle.omafiets,"(93,51,243)",2,,hero,True,188,149,69,139.822489759283,2878,17.8540992280888,1,17.8540992280888,0,route_timeout
147,RouteScenario_147,Failed - Agent timed out,Town01,data,90,0,0,0,60,100,75,90,0,1,0,0,0,0,0,0,1,0,0,146.050002176315,541.899816513062,vehicle.dodge_charger.police,"(188,47,173)",4,,hero,True,179,112,71,129.749496859937,2918,52.7336155607349,1,52.7336155607349,,route_timeout
148,RouteScenario_148,Failed - Agent timed out,Town01,data,80,0,0,0,0,0,75,45,0,0.349999994039536,0,0,0,0,0,0,1,0,0,52.0500007756054,183.580523014069,vehicle.audi.tt,"(138,83,76)",4,,hero,True,154,82,52,59.9817139769069,1038,94.9237628608606,1,94.9237628608606,,route_timeout
149,RouteScenario_149,Completed,Town01,data,90,0,0,0,15,50,15,270,0,0.349999994039536,0,0,0,0,0,0,0,0,0,121.750001814216,426.900834560394,vehicle.yamaha.yzf,"(246,242,172)",2,,hero,True,186,134,56,164.30197183978,2432,100,1,100,0,False
150,RouteScenario_150,Completed,Town01,data,90,0,0,0,60,100,-80,225,0,1,0,0,0,0,0,0,0,0,0,40.7000006064773,160.294494152069,vehicle.chevrolet.impala,"(44,33,43)",4,,hero,True,105,124,74,85.6688904605412,811,100,1,100,,False
151,RouteScenario_151,Failed,Town01,data,15,0,0,0,0,0,75,0,0,0.349999994039536,1,0,0,1,0,0,0,0,0,57.5000008568168,186.371333837509,vehicle.audi.tt,"(197,4,50)",4,,hero,True,130,108,64,62.5776968919883,1147,39.2998611523472,0.638248344745279,61.5745602411731,,outside_route_lanes
152,RouteScenario_152,Failed,Town01,data,90,0,0,0,0,50,-80,225,0,0.349999994039536,0,0,0,0,1,0,0,0,0,8.65000012889504,25.6191809177399,vehicle.carlamotors.carlacola,"(14,231,103)",4,,hero,True,94,100,54,209.050237995328,170,7.71631173494298,0.7,11.02330247849,,red_light
153,RouteScenario_153,Failed - Agent timed out,Town01,data,80,0,0,0,30,50,75,0,0,0.400000005960465,0,0,0,0,0,0,1,0,0,119.050001773983,506.588840723038,vehicle.tesla.model3,"(75,207,216)",4,,hero,True,192,103,88,109.916963408522,2378,38.7187469487471,1,38.7187469487471,,route_timeout
154,RouteScenario_154,Failed - Agent timed out,Town01,data,80,0,0,0,30,50,15,270,0,0.400000005960465,0,0,0,0,0,0,1,0,0,128.050001908094,439.364629030228,vehicle.dodge_charger.police,"(18,75,131)",4,,hero,True,157,130,102,112.256339525108,2558,76.5334051789518,1,76.5334051789518,,route_timeout
155,RouteScenario_155,Failed,Town01,data,90,0,0,0,0,50,75,180,0,0.349999994039536,1,0,0,0,0,0,0,0,0,63.9000009521842,209.756169319153,vehicle.chevrolet.impala,"(39,218,105)",4,,hero,True,117,104,100,113.501485408099,1275,14.350889793994,0.65,22.07829199076,,collisions_layout
156,RouteScenario_156,Failed - Agent timed out,Town01,data,90,0,0,0,15,50,15,270,0,0.349999994039536,0,0,0,0,0,0,1,0,0,215.050003204495,646.308933496475,vehicle.nissan.micra,"(154,130,170)",4,,hero,True,88,103,97,245.147823115636,4298,97.56221034971,1,97.56221034971,,route_timeout
157,RouteScenario_157,Failed - Agent timed out,Town01,data,15,0,0,0,0,0,75,0,0,0.349999994039536,0,0,0,0,0,0,1,0,0,201.050002995878,722.115762233734,vehicle.audi.etron,"(251,41,77)",4,,hero,True,183,90,76,250.122455088616,4018,98.7775975803933,1,98.7775975803933,,route_timeout
158,RouteScenario_158,Failed,Town01,data,15,0,0,0,0,0,75,0,0,0.349999994039536,0,0,1,1,0,0,0,0,0,5.65000008419156,24.6560256481171,vehicle.tesla.cybertruck,,4,,hero,True,197,125,89,54.5061313527031,110,5.23998491084469,0.417047450617116,12.564481339212,,outside_route_lanes
159,RouteScenario_159,Failed - Agent timed out,Town01,data,90,0,0,0,15,50,15,270,0,0.349999994039536,0,0,0,0,0,0,1,0,0,125.05000186339,421.583037853241,vehicle.mini.cooperst,"(38,22,20)",4,,hero,True,142,77,100,132.291257700532,2498,98.0026770275432,1,98.0026770275432,,route_timeout
160,RouteScenario_160,Completed,Town01,data,80,0,0,0,0,0,-80,45,0,0.349999994039536,0,0,0,0,0,0,0,0,0,87.9500013105571,361.43866443634,vehicle.audi.etron,"(218,216,43)",4,,hero,True,199,64,57,152.372866032456,1756,100,1,100,,False
161,RouteScenario_161,Failed - Agent timed out,Town01,data,15,0,0,0,0,0,15,45,0,0.349999994039536,0,0,0,0,0,0,1,0,0,192.050002861768,545.426194906235,vehicle.gazelle.omafiets,"(40,180,36)",2,,hero,True,95,88,96,170.354341953363,3838,29.4427824492881,1,29.4427824492881,0,route_timeout
162,RouteScenario_162,Completed,Town01,data,80,0,0,0,30,50,75,0,0,0.400000005960465,0,0,0,0,0,0,0,0,0,118.750001769513,505.772748708725,vehicle.audi.a2,"(150,188,12)",4,,hero,True,199,113,97,135.502610380285,2372,100,1,100,,False
163,RouteScenario_163,Failed,Town01,data,80,0,0,0,0,0,75,45,0,0.349999994039536,0,0,0,0,1,0,0,0,0,188.550002809614,692.264919281006,vehicle.seat.leon,"(167,94,41)",4,,hero,True,93,109,68,184.082473044052,3768,68.8729726697927,0.7,98.3899609568466,,red_light
164,RouteScenario_164,Failed,Town01,data,20,0,0,0,0,50,-80,225,0,0.349999994039536,0,0,0,0,1,0,0,0,0,144.350002150983,439.83056473732,vehicle.mini.cooperst,"(189,29,192)",4,,hero,True,132,58,78,185.402220123789,2884,50.2496930776184,0.7,71.7852758251691,,red_light
165,RouteScenario_165,Failed - Agent got blocked,Town01,data,20,0,0,0,0,50,15,270,0,0.349999994039536,0,0,0,0,0,0,0,0,1,180.050002682954,733.513931751251,vehicle.volkswagen.t2,"(104,150,0)",4,,hero,True,186,124,80,262.739958049476,3598,0,1,0,,vehicle_blocked
166,RouteScenario_166,Failed - Agent timed out,Town01,data,90,0,0,0,0,50,15,0,0,0.349999994039536,0,0,0,0,0,0,1,0,0,106.050001580268,360.08878326416,vehicle.volkswagen.t2,"(83,34,212)",4,,hero,True,190,79,107,128.959131856457,2118,0,1,0,,route_timeout
167,RouteScenario_167,Completed,Town01,data,80,0,0,0,60,100,15,0,0,1,0,0,0,0,0,0,0,0,0,53.3500007949769,168.774959564209,vehicle.harley-davidson.low_rider,"(70,80,63)",2,,hero,True,168,62,78,157.491294128904,1064,100,1,100,0,False
168,RouteScenario_168,Failed - Agent timed out,Town01,data,80,0,0,0,0,0,-80,45,0,0.349999994039536,0,0,0,0,0,0,1,0,0,115.050001714379,393.616847991943,vehicle.audi.etron,"(253,26,110)",4,,hero,True,83,89,69,105.841175004267,2298,96.5940863709252,1,96.5940863709252,,route_timeout
169,RouteScenario_169,Failed - Agent timed out,Town01,data,20,0,0,0,0,50,15,270,0,0.349999994039536,0,0,0,0,0,0,1,0,0,119.050001773983,410.952268600464,vehicle.yamaha.yzf,"(1,138,149)",2,,hero,True,173,145,52,106.085237015553,2378,47.8794167108881,1,47.8794167108881,0,route_timeout
170,RouteScenario_170,Completed,Town01,data,90,0,0,0,0,50,15,0,0,0.349999994039536,0,0,0,0,0,0,0,0,0,28.9500004313886,95.9715101718903,vehicle.audi.etron,"(147,97,53)",4,,hero,True,135,103,64,133.999669219452,576,100,1,100,,False
171,RouteScenario_171,Completed,Town01,data,90,0,0,0,0,50,75,180,0,0.349999994039536,0,0,0,0,0,0,0,0,0,111.300001658499,393.568604469299,vehicle.citroen.c3,"(251,199,112)",4,,hero,True,180,72,74,188.622170817274,2223,100,1,100,,False
172,RouteScenario_172,Failed - Agent timed out,Town01,data,80,0,0,0,30,50,75,0,0,0.400000005960465,0,0,0,0,0,0,1,0,0,64.0500009544194,218.105543613434,vehicle.bh.crossbike,"(25,198,17)",2,,hero,True,109,116,78,56.728049238316,1278,72.9414409202005,1,72.9414409202005,2,route_timeout
173,RouteScenario_173,Failed - Agent timed out,Town01,data,80,0,0,0,0,0,15,270,0,0.349999994039536,0,0,0,0,0,0,1,0,0,48.0500007160008,141.539038419724,vehicle.dodge_charger.police,"(136,21,22)",4,,hero,True,86,67,63,55.9993321265714,958,92.6087026522202,1,92.6087026522202,,route_timeout
174,RouteScenario_174,Failed - Agent timed out,Town01,data,80,0,0,0,0,0,-80,45,0,0.349999994039536,0,0,0,0,0,0,1,0,0,95.0500014163554,400.287960767746,vehicle.audi.a2,"(148,3,71)",4,,hero,True,88,130,72,77.744740124334,1898,97.2251638977506,1,97.2251638977506,,route_timeout
175,RouteScenario_175,Failed - Agent timed out,Town01,data,20,0,0,0,0,50,15,270,0,0.349999994039536,0,0,0,1,0,0,1,0,0,185.05000275746,661.762028455734,vehicle.diamondback.century,"(166,130,14)",2,,hero,True,146,62,84,201.475223256883,3698,8.09942595484405,0.797208531990093,10.1597331561734,4,route_timeout
176,RouteScenario_176,Completed,Town01,data,80,0,0,0,30,50,75,0,0,0.400000005960465,0,0,0,0,0,0,0,0,0,147.200002193451,549.165265798569,vehicle.audi.tt,"(156,37,4)",4,,hero,True,138,100,65,57.9158288337434,2941,100,1,100,,False
177,RouteScenario_177,Completed,Town01,data,90,0,0,0,60,100,-80,225,0,1,0,0,0,0,0,0,0,0,0,140.550002094358,523.166679382324,vehicle.citroen.c3,"(54,146,103)",4,,hero,True,170,83,70,233.505986398905,2808,100,1,100,,False
178,RouteScenario_178,Failed - Agent timed out,Town01,data,90,0,0,0,15,50,75,315,0,0.349999994039536,0,0,0,0,0,0,1,0,0,146.050002176315,483.552043199539,vehicle.diamondback.century,"(236,133,139)",2,,hero,True,109,63,99,136.380786402101,2918,6.27434958603334,1,6.27434958603334,4,route_timeout
179,RouteScenario_179,Completed,Town01,data,80,0,0,0,0,0,-80,45,0,0.349999994039536,0,0,0,0,0,0,0,0,0,116.700001738966,442.393562316895,vehicle.audi.tt,"(62,196,139)",4,,hero,True,94,122,104,64.8444328893938,2331,100,1,100,,False
180,RouteScenario_180,Failed - Agent timed out,Town01,data,80,0,0,0,30,50,75,0,0,0.400000005960465,0,0,0,0,0,0,1,0,0,177.050002638251,692.147181272507,vehicle.nissan.micra,"(70,7,167)",4,,hero,True,126,110,87,147.482001951711,3538,98.349827531132,1,98.349827531132,,route_timeout
181,RouteScenario_181,Failed,Town01,data,90,0,0,0,15,50,-80,270,0,0.349999994039536,0,0,0,0,1,0,0,0,0,9.85000014677644,30.8413319587707,vehicle.jeep.wrangler_rubicon,"(109,120,67)",4,,hero,True,184,73,99,217.518929470552,194,0.366026238328972,0.7,0.522894626184246,,red_light
182,RouteScenario_182,Failed - Agent timed out,Town01,data,80,0,0,0,0,0,75,45,0,0.349999994039536,0,0,0,0,0,0,1,0,0,218.050003249198,863.206278800964,vehicle.nissan.micra,"(253,246,160)",4,,hero,True,170,136,91,190.816406972756,4358,54.4098556591939,1,54.4098556591939,,route_timeout
183,RouteScenario_183,Failed - Agent timed out,Town01,data,90,0,0,0,0,50,75,180,0,0.349999994039536,0,0,0,0,0,0,1,0,0,209.050003115088,664.935277700424,vehicle.dodge_charger.police,"(225,115,133)",4,,hero,True,124,120,65,254.106071315946,4178,97.5556546862758,1,97.5556546862758,,route_timeout
184,RouteScenario_184,Failed - Agent timed out,Town01,data,90,0,0,0,15,50,-80,270,0,0.349999994039536,0,0,0,0,0,0,1,0,0,168.05000250414,662.681167840958,vehicle.audi.tt,"(176,216,69)",4,,hero,True,194,152,102,165.261797998712,3358,94.269061814435,1,94.269061814435,,route_timeout
185,RouteScenario_185,Failed,Town01,data,15,0,0,0,0,0,75,0,0,0.349999994039536,0,0,0,0,1,0,0,0,0,127.250001896173,443.942022323608,vehicle.chevrolet.impala,"(236,21,62)",4,,hero,True,132,89,84,149.996010641079,2542,45.2339797856816,0.7,64.6199711224024,,red_light
186,RouteScenario_186,Failed,Town01,data,90,0,0,0,60,100,-80,225,0,1,0,1,0,0,0,0,0,0,0,6.15000009164214,22.006635427475,vehicle.nissan.patrol,"(20,129,174)",4,,hero,True,183,128,89,71.5099465282835,120,10.1381874853432,0.5,20.2763749706865,,collisions_pedestrian
187,RouteScenario_187,Failed,Town01,data,15,0,0,0,0,0,75,0,0,0.349999994039536,0,0,1,0,0,0,0,0,0,28.3500004224479,84.6101865768433,vehicle.bmw.isetta,"(13,18,254)",4,,hero,True,91,86,96,135.461553818519,564,14.4202299154844,0.6,24.0337165258073,,collisions_vehicle
188,RouteScenario_188,Completed,Town01,data,90,0,0,0,15,50,-80,270,0,0.349999994039536,0,0,0,0,0,0,0,0,0,77.50000115484,330.041066169739,vehicle.audi.tt,"(130,148,106)",4,,hero,True,177,104,97,156.796898251632,1547,100,1,100,,False
189,RouteScenario_189,Completed,Town01,data,90,0,0,0,15,50,75,315,0,0.349999994039536,0,0,0,0,0,0,0,0,0,31.1000004634261,103.720484495163,vehicle.audi.etron,"(169,4,26)",4,,hero,True,152,67,60,83.1345032817826,619,100,1,100,,False
190,RouteScenario_190,Completed,Town01,data,90,0,0,0,0,50,15,0,0,0.349999994039536,0,0,0,0,0,0,0,0,0,115.350001718849,420.800612211227,vehicle.dodge_charger.police,"(4,245,131)",4,,hero,True,175,116,58,114.626670969867,2304,100,1,100,,False
191,RouteScenario_191,Failed,Town01,data,80,0,0,0,0,0,-80,45,0,0.349999994039536,0,0,0,0,1,0,0,0,0,0.050000000745058,0.196507692337036,vehicle.jeep.wrangler_rubicon,"(221,72,3)",4,,hero,True,176,0,62,63.4342348938212,0,0,0.7,0,,red_light
192,RouteScenario_192,Completed,Town01,data,90,0,0,0,60,100,75,90,0,1,0,0,0,0,0,0,0,0,0,125.800001874566,425.628163576126,vehicle.nissan.micra,"(99,181,254)",4,,hero,True,81,129,83,192.365690127461,2513,100,1,100,,False
193,RouteScenario_193,Completed,Town01,data,90,0,0,0,0,50,-80,225,0,0.349999994039536,0,0,0,0,0,0,0,0,0,131.550001960248,442.96989607811,vehicle.bmw.grandtourer,"(157,15,252)",4,,hero,True,81,126,70,209.09000542938,2628,100,1,100,,False
194,RouteScenario_194,Failed - Agent timed out,Town01,data,90,0,0,0,15,50,15,270,0,0.349999994039536,0,0,0,0,0,0,1,0,0,178.050002653152,654.367917299271,vehicle.bh.crossbike,"(203,197,223)",2,,hero,True,179,121,66,70.4333455625408,3558,63.6991136903002,1,63.6991136903002,2,route_timeout
195,RouteScenario_195,Failed - Agent timed out,Town01,data,80,0,0,0,60,100,15,0,0,1,0,0,0,0,0,0,1,0,0,215.050003204495,803.618330478668,vehicle.toyota.prius,"(69,21,41)",4,,hero,True,152,138,80,257.854312822787,4298,98.8586063446503,1,98.8586063446503,,route_timeout
196,RouteScenario_196,Completed,Town01,data,90,0,0,0,15,50,15,270,0,0.349999994039536,0,0,0,0,0,0,0,0,0,32.3000004813075,102.418949604034,vehicle.jeep.wrangler_rubicon,"(23,22,198)",4,,hero,True,103,90,91,163.999940074627,643,100,1,100,,False
197,RouteScenario_197,Failed - Agent timed out,Town01,data,20,0,0,0,0,50,15,270,0,0.349999994039536,0,0,0,0,0,0,1,0,0,236.050003517419,960.09950876236,vehicle.kawasaki.ninja,"(42,41,89)",2,,hero,True,184,77,101,269.209166448607,4718,95.506206440319,1,95.506206440319,0,route_timeout
198,RouteScenario_198,Failed - Agent timed out,Town01,data,90,0,0,0,0,50,75,180,0,0.349999994039536,0,0,0,0,0,0,1,0,0,140.050002086908,471.014411449432,vehicle.bmw.isetta,"(185,60,69)",4,,hero,True,120,146,103,171.195597514441,2798,98.822545866465,1,98.822545866465,,route_timeout
199,RouteScenario_199,Failed - Agent timed out,Town01,data,80,0,0,0,30,50,15,270,0,0.400000005960465,0,0,0,0,0,0,1,0,0,81.0500012077391,270.839480161667,vehicle.chevrolet.impala,"(86,183,39)",4,,hero,True,132,59,99,98.0012884252301,1618,97.9192533707887,1,97.9192533707887,,route_timeout
200,RouteScenario_200,Failed - Agent timed out,Town01,data,80,0,0,0,0,0,-80,45,0,0.349999994039536,0,0,0,0,0,0,1,0,0,231.050003442913,837.460555791855,vehicle.harley-davidson.low_rider,"(130,158,232)",2,,hero,True,132,70,78,271.347296579629,4618,98.940572453815,1,98.940572453815,0,route_timeout
201,RouteScenario_201,Failed,Town01,data,80,0,0,0,0,0,-80,45,0,0.349999994039536,0,0,1,0,0,0,0,0,0,2.95000004395842,13.0413150787354,vehicle.jeep.wrangler_rubicon,"(75,82,89)",4,,hero,True,179,145,85,126.890683201422,56,1.06309183916917,0.6,1.77181973194862,,collisions_vehicle
202,RouteScenario_202,Failed - Agent timed out,Town01,data,15,0,0,0,0,0,15,45,0,0.349999994039536,0,0,0,0,0,0,1,0,0,219.050003264099,712.905839681625,vehicle.bmw.isetta,"(88,76,9)",4,,hero,True,83,135,93,65.1745313434621,4378,98.5115210920794,1,98.5115210920794,,route_timeout
203,RouteScenario_203,Completed,Town01,data,20,0,0,0,0,50,-80,225,0,0.349999994039536,0,0,0,0,0,0,0,0,0,66.300000987947,228.585662603378,vehicle.mercedes-benz.coupe,"(170,126,70)",4,,hero,True,126,102,86,191.817178534735,1323,100,1,100,,False
204,RouteScenario_204,Failed,Town01,data,80,0,0,0,0,0,-80,45,0,0.349999994039536,0,0,0,0,1,0,0,0,0,96.6000014394522,318.652881145477,vehicle.kawasaki.ninja,"(35,129,141)",2,,hero,True,192,107,108,135.530811414702,1929,16.2194672148549,0.7,23.1706674497927,0,red_light
205,RouteScenario_205,Failed,Town01,data,90,0,0,0,60,100,-80,225,0,1,0,0,1,0,0,0,0,0,0,31.1500004641712,92.2766270637512,vehicle.nissan.micra,"(145,57,188)",4,,hero,True,124,66,76,159.834050308432,620,17.7855813515736,0.6,29.642635585956,,collisions_vehicle
206,RouteScenario_206,Completed,Town01,data,90,0,0,0,60,100,75,90,0,1,0,0,0,0,0,0,0,0,0,30.6000004559755,103.837446212769,vehicle.seat.leon,"(220,17,210)",4,,hero,True,114,93,68,120.044759609897,609,100,1,100,,False
207,RouteScenario_207,Failed - Agent timed out,Town01,data,90,0,0,0,0,50,75,180,0,0.349999994039536,0,0,0,0,0,0,1,0,0,82.0500012226403,248.85072016716,vehicle.audi.etron,"(86,78,106)",4,,hero,True,101,83,85,83.4513369766379,1638,5.26434604563523,1,5.26434604563523,,route_timeout
208,RouteScenario_208,Failed,Town01,data,90,0,0,0,15,50,-80,270,0,0.349999994039536,0,0,0,0,1,0,0,0,0,2.35000003501773,7.6043598651886,vehicle.citroen.c3,"(134,81,175)",4,,hero,True,160,108,103,147.976213660784,44,0,0.7,0,,red_light
209,RouteScenario_209,Completed,Town01,data,90,0,0,0,0,50,15,0,0,0.349999994039536,0,0,0,0,0,0,0,0,0,50.5500007532537,150.215766429901,vehicle.citroen.c3,"(50,78,75)",4,,hero,True,80,113,76,149.184792087554,1008,100,1,100,,False
210,RouteScenario_210,Completed,Town01,data,90,0,0,0,0,50,-80,225,0,0.349999994039536,0,0,0,0,0,0,0,0,0,74.5000011101365,271.254646062851,vehicle.mustang.mustang,"(86,192,43)",4,,hero,True,181,56,94,141.712025303643,1487,100,1,100,,False
211,RouteScenario_211,Completed,Town01,data,15,0,0,0,0,0,75,0,0,0.349999994039536,0,0,0,0,0,0,0,0,0,132.300001971424,567.726301908493,vehicle.bmw.grandtourer,"(86,13,85)",4,,hero,True,192,102,102,134.685507956616,2643,100,1,100,,False
212,RouteScenario_212,Completed,Town01,data,20,0,0,0,0,50,-80,225,0,0.349999994039536,0,0,0,0,0,0,0,0,0,131.450001958758,445.016049146652,vehicle.chevrolet.impala,"(44,207,171)",4,,hero,True,109,102,74,217.995000943054,2626,100,1,100,,False
213,RouteScenario_213,Failed - Agent timed out,Town01,data,80,0,0,0,0,0,-80,45,0,0.349999994039536,0,0,0,0,0,0,1,0,0,119.050001773983,464.426216602325,vehicle.diamondback.century,"(20,245,52)",2,,hero,True,114,141,105,140.853977763728,2378,9.18743469209706,1,9.18743469209706,4,route_timeout
214,RouteScenario_214,Failed - Agent timed out,Town01,data,80,0,0,0,0,0,75,45,0,0.349999994039536,0,0,0,0,0,0,1,0,0,173.050002578646,636.614117383957,vehicle.audi.etron,"(101,3,16)",4,,hero,True,189,95,92,141.172229195623,3458,82.0322823696442,1,82.0322823696442,,route_timeout
215,RouteScenario_215,Failed - Agent timed out,Town01,data,15,0,0,0,0,0,75,0,0,0.349999994039536,0,0,0,0,0,0,1,0,0,50.0500007458031,197.909477472305,vehicle.volkswagen.t2,"(74,118,147)",4,,hero,True,199,75,74,57.6900031074299,998,0,1,0,,route_timeout
216,RouteScenario_216,Failed - Agent timed out,Town01,data,15,0,0,0,0,0,-80,0,0,0.349999994039536,0,0,0,1,0,0,1,0,0,229.050003413111,673.175152301788,vehicle.harley-davidson.low_rider,"(221,142,183)",2,,hero,True,131,129,108,211.56213862927,4578,26.5314951300258,0.84194790923761,31.5120387365179,0,route_timeout
217,RouteScenario_217,Failed - Agent timed out,Town01,data,90,0,0,0,0,50,15,0,0,0.349999994039536,0,0,0,0,0,0,1,0,0,114.050001699477,397.140949964523,vehicle.lincoln.mkz2017,"(56,196,199)",4,,hero,True,139,105,81,130.30642004913,2278,76.5651621375174,1,76.5651621375174,,route_timeout
218,RouteScenario_218,Completed,Town01,data,90,0,0,0,0,50,-80,225,0,0.349999994039536,0,0,0,0,0,0,0,0,0,153.800002291799,502.520241737366,vehicle.kawasaki.ninja,"(112,204,159)",2,,hero,True,141,75,79,216.370003106786,3073,100,1,100,0,False
219,RouteScenario_219,Completed,Town01,data,15,0,0,0,0,0,-80,0,0,0.349999994039536,0,0,0,0,0,0,0,0,0,48.6500007249415,179.430335760117,vehicle.audi.a2,"(223,107,195)",4,,hero,True,176,61,101,97.7799995055068,970,100,1,100,,False
220,RouteScenario_220,Failed - Agent timed out,Town01,data,80,0,0,0,0,0,15,270,0,0.349999994039536,0,0,0,0,0,0,1,0,0,173.050002578646,644.862283468247,vehicle.yamaha.yzf,"(139,12,72)",2,,hero,True,159,130,95,153.947210454538,3458,65.7113531842487,1,65.7113531842487,0,route_timeout
221,RouteScenario_221,Completed,Town01,data,80,0,0,0,30,50,15,270,0,0.400000005960465,0,0,0,0,0,0,0,0,0,78.6000011712313,250.902090549469,vehicle.seat.leon,"(173,65,213)",4,,hero,True,111,93,79,119.900140564025,1569,100,1,100,,False
222,RouteScenario_222,Completed,Town01,data,80,0,0,0,0,0,75,45,0,0.349999994039536,0,0,0,0,0,0,0,0,0,183.650002736598,668.011791944504,vehicle.bmw.isetta,"(228,114,219)",4,,hero,True,110,81,85,238.732405517393,3670,100,1,100,,False
223,RouteScenario_223,Failed - Agent timed out,Town01,data,80,0,0,0,30,50,75,0,0,0.400000005960465,0,0,0,0,0,0,1,0,0,235.050003502518,878.773583173752,vehicle.bmw.isetta,"(24,173,96)",4,,hero,True,172,83,60,151.871539752102,4698,71.6399551951886,1,71.6399551951886,,route_timeout
224,RouteScenario_224,Failed,Town01,data,80,0,0,0,0,0,-80,45,0,0.349999994039536,1,0,0,0,0,0,0,0,0,11.9000001773238,37.7854843139648,vehicle.volkswagen.t2,"(217,146,173)",4,,hero,True,143,118,105,247.738424902935,235,2.13445751026338,0.65,3.28378078502059,,collisions_layout
225,RouteScenario_225,Failed,Town01,data,15,0,0,0,0,0,-80,0,0,0.349999994039536,0,0,0,0,1,0,0,0,0,4.15000006183982,14.7036199569702,vehicle.bmw.isetta,"(237,107,188)",4,,hero,True,170,61,109,278.851717914067,80,0,0.7,0,,red_light
226,RouteScenario_226,Completed,Town01,data,20,0,0,0,0,50,-80,225,0,0.349999994039536,0,0,0,0,0,0,0,0,0,152.650002274662,565.656042098999,vehicle.tesla.model3,"(158,194,33)",4,,hero,True,90,114,91,13.0665590923446,3050,100,1,100,,False
227,RouteScenario_227,Completed,Town01,data,20,0,0,0,0,50,-80,225,0,0.349999994039536,0,0,0,0,0,0,0,0,0,69.9500010423362,229.849540948868,vehicle.harley-davidson.low_rider,"(78,238,132)",2,,hero,True,94,113,82,133.651681330554,1396,100,1,100,0,False
228,RouteScenario_228,Completed,Town01,data,90,0,0,0,15,50,15,270,0,0.349999994039536,0,0,0,0,0,0,0,0,0,144.850002158433,491.328052282333,vehicle.mini.cooperst,"(248,32,245)",4,,hero,True,135,84,70,115.965214032807,2894,100,1,100,,False
229,RouteScenario_229,Failed,Town01,data,90,0,0,0,15,50,15,270,0,0.349999994039536,0,0,1,0,0,0,0,0,0,46.8500006981194,140.830848932266,vehicle.bmw.isetta,"(215,20,132)",4,,hero,True,145,100,104,185.93342229435,934,25.0222170641222,0.6,41.7036951068703,,collisions_vehicle
230,RouteScenario_230,Failed - Agent timed out,Town01,data,20,0,0,0,0,50,-80,225,0,0.349999994039536,0,0,0,0,0,0,1,0,0,204.050003040582,671.683133840561,vehicle.chevrolet.impala,"(75,158,50)",4,,hero,True,173,62,95,251.157314248783,4078,86.4387017452259,1,86.4387017452259,,route_timeout
231,RouteScenario_231,Failed - Agent timed out,Town01,data,80,0,0,0,30,50,15,270,0,0.400000005960465,0,0,0,0,0,0,1,0,0,81.0500012077391,322.333562374115,vehicle.audi.tt,"(7,47,204)",4,,hero,True,170,138,66,97.419582260214,1618,82.3174946114268,1,82.3174946114268,,route_timeout
232,RouteScenario_232,Failed - Agent timed out,Town01,data,90,0,0,0,0,50,15,0,0,0.349999994039536,0,0,0,0,0,0,1,0,0,57.0500008501112,200.413211107254,vehicle.diamondback.century,"(46,41,163)",2,,hero,True,192,104,84,54.1076233142699,1138,18.7090129400515,1,18.7090129400515,4,route_timeout
233,RouteScenario_233,Failed - Agent timed out,Town01,data,80,0,0,0,0,0,15,270,0,0.349999994039536,0,0,0,0,0,0,1,0,0,115.050001714379,362.920453548431,vehicle.diamondback.century,"(46,197,162)",2,,hero,True,152,74,68,121.65021018506,2298,0,1,0,4,route_timeout
234,RouteScenario_234,Failed,Town01,data,90,0,0,0,15,50,-80,270,0,0.349999994039536,0,0,1,0,0,0,0,0,0,6.25000009313226,20.4651367664337,vehicle.carlamotors.carlacola,"(200,141,120)",4,,hero,True,187,75,109,218.046500423321,122,3.64429485875022,0.6,6.07382476458371,,collisions_vehicle
235,RouteScenario_235,Completed,Town01,data,15,0,0,0,0,0,75,0,0,0.349999994039536,0,0,0,0,0,0,0,0,0,45.4500006772578,141.605342388153,vehicle.yamaha.yzf,"(249,171,97)",2,,hero,True,111,58,89,136.806291500404,906,100,1,100,0,False
236,RouteScenario_236,Failed,Town01,data,80,0,0,0,0,0,-80,45,0,0.349999994039536,1,0,0,0,0,0,0,0,0,35.2500005252659,106.273077726364,vehicle.nissan.patrol,"(37,13,63)",4,,hero,True,160,70,84,177.634386549981,702,25.5453284205904,0.65,39.3005052624468,,collisions_layout
237,RouteScenario_237,Failed - Agent timed out,Town01,data,15,0,0,0,0,0,15,45,0,0.349999994039536,0,0,0,0,0,0,1,0,0,100.050001490861,363.240755558014,vehicle.mustang.mustang,"(31,11,217)",4,,hero,True,159,65,63,66.9038983238103,1998,97.4888625345223,1,97.4888625345223,,route_timeout
238,RouteScenario_238,Failed,Town01,data,90,0,0,0,15,50,15,270,0,0.349999994039536,0,0,1,0,0,0,0,0,0,2.75000004097819,10.5572829246521,vehicle.carlamotors.carlacola,"(86,104,29)",4,,hero,True,180,121,80,273.340785625581,52,0.43766138354566,0.6,0.729435639242768,,collisions_vehicle
239,RouteScenario_239,Failed,Town01,data,80,0,0,0,30,50,75,0,0,0.400000005960465,1,0,0,0,0,0,0,0,0,25.9000003859401,78.4544115066528,vehicle.mercedes-benz.coupe,"(23,84,228)",4,,hero,True,88,78,99,98.3758070779555,515,23.1026973658664,0.65,35.5426113321022,,collisions_layout
240,RouteScenario_240,Failed - Agent timed out,Town01,data,15,0,0,0,0,0,-80,0,0,0.349999994039536,0,0,0,0,0,0,1,0,0,243.050003621727,890.402325630188,vehicle.chevrolet.impala,"(212,96,42)",4,,hero,True,187,125,102,215.692967777201,4858,98.742403991816,1,98.742403991816,,route_timeout
241,RouteScenario_241,Completed,Town01,data,80,0,0,0,0,0,-80,45,0,0.349999994039536,0,0,0,0,0,0,0,0,0,186.000002771616,576.094346284866,vehicle.audi.a2,"(205,213,161)",4,,hero,True,79,78,58,127.994891554042,3717,100,1,100,,False
242,RouteScenario_242,Failed - Agent timed out,Town01,data,90,0,0,0,60,100,75,90,0,1,0,0,0,0,0,0,1,0,0,94.0500014014542,314.878025054932,vehicle.mini.cooperst,"(253,234,222)",4,,hero,True,127,141,88,113.542862585129,1878,97.3271220277414,1,97.3271220277414,,route_timeout
243,RouteScenario_243,Failed - Agent timed out,Town01,data,20,0,0,0,0,50,15,270,0,0.349999994039536,0,0,0,0,0,0,1,0,0,81.0500012077391,207.840436697006,vehicle.nissan.micra,"(106,192,149)",4,,hero,True,81,67,84,77.7067916710022,1618,95.8048877468673,1,95.8048877468673,,route_timeout
244,RouteScenario_244,Failed - Agent timed out,Town01,data,90,0,0,0,60,100,75,90,0,1,0,0,0,0,0,0,1,0,0,228.05000339821,912.957778215409,vehicle.seat.leon,"(66,150,58)",4,,hero,True,141,123,75,128.000416354097,4558,98.6463419797236,1,98.6463419797236,,route_timeout
245,RouteScenario_245,Failed,Town01,data,90,0,0,0,0,50,75,180,0,0.349999994039536,0,0,1,0,0,0,0,0,0,5.55000008270144,15.7756662368774,vehicle.jeep.wrangler_rubicon,"(111,216,42)",4,,hero,True,126,75,87,63.6139636647673,108,2.71360920648252,0.6,4.5226820108042,,collisions_vehicle
246,RouteScenario_246,Failed,Town01,data,15,0,0,0,0,0,15,45,0,0.349999994039536,0,0,0,0,1,0,0,0,0,85.7500012777746,249.043588399887,vehicle.bh.crossbike,"(60,254,203)",2,,hero,True,112,72,93,210.357197744737,1712,14.9464878257964,0.7,21.3521254654234,2,red_light
247,RouteScenario_247,Failed - Agent timed out,Town01,data,80,0,0,0,0,0,-80,45,0,0.349999994039536,0,0,0,0,0,0,1,0,0,238.050003547221,909.44509601593,vehicle.lincoln.mkz2017,"(4,174,162)",4,,hero,True,184,87,109,218.172794939596,4758,98.6359204101926,1,98.6359204101926,,route_timeout
248,RouteScenario_248,Failed - Agent timed out,Town01,data,90,0,0,0,0,50,75,180,0,0.349999994039536,0,0,0,0,0,0,1,0,0,142.05000211671,565.786641597748,vehicle.toyota.prius,"(75,131,79)",4,,hero,True,187,93,52,114.138309228257,2838,93.4710393171017,1,93.4710393171017,,route_timeout
249,RouteScenario_249,Completed,Town01,data,15,0,0,0,0,0,75,0,0,0.349999994039536,0,0,0,0,0,0,0,0,0,53.0000007897615,167.178121566772,vehicle.chevrolet.impala,"(76,235,190)",4,,hero,True,144,87,60,91.5848828385856,1057,100,1,100,,False
250,RouteScenario_250,Failed,Town01,data,80,0,0,0,30,50,75,0,0,0.400000005960465,0,0,1,0,0,0,0,0,0,34.5500005148351,125.70284485817,vehicle.nissan.patrol,"(213,246,198)",4,,hero,True,157,117,84,153.806218665598,688,31.4126179434156,0.6,52.3543632390259,,collisions_vehicle
251,RouteScenario_251,Failed,Town01,data,20,0,0,0,0,50,-80,225,0,0.349999994039536,0,0,1,0,0,0,0,0,0,20.8500003106892,87.3676664829254,vehicle.chevrolet.impala,"(196,31,83)",4,,hero,True,162,150,74,230.507049287893,414,11.1477194611739,0.6,18.5795324352899,,collisions_vehicle
252,RouteScenario_252,Failed - Agent timed out,Town01,data,80,0,0,0,0,0,75,45,0,0.349999994039536,0,0,0,0,0,0,1,0,0,133.050001982599,488.750768899918,vehicle.mini.cooperst,"(177,99,196)",4,,hero,True,180,133,85,155.212712082353,2658,98.4928564414693,1,98.4928564414693,,route_timeout
253,RouteScenario_253,Failed - Agent timed out,Town01,data,20,0,0,0,0,50,75,45,0,0.349999994039536,0,0,0,0,0,0,1,0,0,59.0500008799136,222.484895467758,vehicle.audi.etron,"(198,150,62)",4,,hero,True,146,144,104,68.4523629625708,1178,72.104991151353,1,72.104991151353,,route_timeout
254,RouteScenario_254,Failed - Agent timed out,Town01,data,20,0,0,0,0,50,15,270,0,0.349999994039536,0,0,0,0,0,0,1,0,0,235.050003502518,808.402535200119,vehicle.toyota.prius,"(110,117,47)",4,,hero,True,179,135,110,289.718920322031,4698,98.9603438052402,1,98.9603438052402,,route_timeout
255,RouteScenario_255,Failed - Agent timed out,Town01,data,90,0,0,0,0,50,75,180,0,0.349999994039536,0,0,0,0,0,0,1,0,0,212.050003159791,698.331781387329,vehicle.bmw.grandtourer,"(62,183,15)",4,,hero,True,124,87,72,255.723845925959,4238,97.6932031727674,1,97.6932031727674,,route_timeout
256,RouteScenario_256,Failed - Agent timed out,Town01,data,90,0,0,0,0,50,15,0,0,0.349999994039536,0,0,0,0,0,0,1,0,0,55.0500008203089,191.744290828705,vehicle.audi.a2,"(118,187,36)",4,,hero,True,156,147,61,62.4413475635412,1098,92.0829833975198,1,92.0829833975198,,route_timeout
257,RouteScenario_257,Failed - Agent timed out,Town01,data,80,0,0,0,0,0,-80,45,0,0.349999994039536,0,0,0,0,0,0,1,0,0,89.0500013269484,271.45233631134,vehicle.nissan.micra,"(232,57,244)",4,,hero,True,124,124,59,107.609148812024,1778,97.1750662228899,1,97.1750662228899,,route_timeout
258,RouteScenario_258,Failed,Town01,data,80,0,0,0,60,100,15,0,0,1,1,0,0,0,0,0,0,0,0,18.6000002771616,54.512354850769,vehicle.tesla.cybertruck,,4,,hero,True,96,133,87,160.695677274841,369,7.5952079373476,0.65,11.6849352882271,,collisions_layout
259,RouteScenario_259,Failed - Agent timed out,Town01,data,15,0,0,0,0,0,15,45,0,0.349999994039536,0,0,0,0,0,0,1,0,0,71.0500010587275,225.223692893982,vehicle.dodge_charger.police,"(124,121,94)",4,,hero,True,116,87,64,84.0000079075495,1418,97.5937833179792,1,97.5937833179792,,route_timeout
260,RouteScenario_260,Failed,Town01,data,15,0,0,0,0,0,-80,0,0,0.349999994039536,1,0,0,0,0,0,0,0,0,41.2000006139278,118.957825422287,vehicle.mercedes-benz.coupe,"(23,67,10)",4,,hero,True,129,62,76,187.184008135511,821,50.982351729994,0.65,78.4343872769139,,collisions_layout
261,RouteScenario_261,Failed,Town01,data,90,0,0,0,60,100,-80,225,0,1,0,0,0,0,1,0,0,0,0,0.050000000745058,0.201242685317993,vehicle.toyota.prius,"(29,192,209)",4,,hero,True,81,0,90,198.150853457419,0,0,0.7,0,,red_light
262,RouteScenario_262,Failed - Agent timed out,Town01,data,80,0,0,0,0,0,15,270,0,0.349999994039536,0,0,0,0,0,0,1,0,0,120.050001788884,387.035428762436,vehicle.bmw.isetta,"(94,215,221)",4,,hero,True,102,80,109,149.370262879445,2398,98.6212045717431,1,98.6212045717431,,route_timeout
263,RouteScenario_263,Completed,Town01,data,80,0,0,0,30,50,15,270,0,0.400000005960465,0,0,0,0,0,0,0,0,0,174.650002602488,610.435172557831,vehicle.audi.a2,"(111,152,58)",4,,hero,True,177,116,79,78.1490988795936,3490,100,1,100,,False
264,RouteScenario_264,Failed - Agent timed out,Town01,data,90,0,0,0,0,50,15,0,0,0.349999994039536,0,0,0,0,0,0,1,0,0,144.050002146512,539.9931910038,vehicle.audi.tt,"(0,131,203)",4,,hero,True,147,141,92,169.637952732392,2878,98.852743854449,1,98.852743854449,,route_timeout
265,RouteScenario_265,Failed - Agent timed out,Town01,data,90,0,0,0,0,50,15,0,0,0.349999994039536,0,0,0,0,0,0,1,0,0,189.050002817064,760.668374300003,vehicle.seat.leon,"(174,60,127)",4,,hero,True,194,145,69,201.753019772116,3778,89.2622521688243,1,89.2622521688243,,route_timeout
266,RouteScenario_266,Failed - Agent timed out,Town01,data,80,0,0,0,0,0,75,45,0,0.349999994039536,0,0,0,0,0,0,1,0,0,100.050001490861,430.806715250015,vehicle.tesla.model3,"(200,5,34)",4,,hero,True,167,143,72,84.7396502314858,1998,96.6593197204877,1,96.6593197204877,,route_timeout
267,RouteScenario_267,Failed - Agent timed out,Town01,data,90,0,0,0,15,50,75,315,0,0.349999994039536,0,0,0,0,0,0,1,0,0,198.050002951175,740.538860082626,vehicle.lincoln.mkz2017,"(72,147,97)",4,,hero,True,93,98,107,199.613936782837,3958,98.5831212375263,1,98.5831212375263,,route_timeout
268,RouteScenario_268,Failed - Agent timed out,Town01,data,90,0,0,0,0,50,15,0,0,0.349999994039536,0,0,0,0,0,0,1,0,0,230.050003428012,803.845771551132,vehicle.bmw.isetta,"(218,251,199)",4,,hero,True,173,75,100,231.035249317076,4598,96.251639247842,1,96.251639247842,,route_timeout
269,RouteScenario_269,Completed,Town01,data,15,0,0,0,0,0,-80,0,0,0.349999994039536,0,0,0,0,0,0,0,0,0,232.100003458559,969.814932107925,vehicle.nissan.micra,"(119,152,44)",4,,hero,True,170,145,93,224.450809374766,4639,100,1,100,,False
270,RouteScenario_270,Failed - Agent timed out,Town01,data,90,0,0,0,60,100,75,90,0,1,0,0,0,0,0,0,1,0,0,145.050002161413,453.624404430389,vehicle.toyota.prius,"(22,97,188)",4,,hero,True,90,73,51,175.090005990727,2898,82.0270771492142,1,82.0270771492142,,route_timeout
271,RouteScenario_271,Failed - Agent timed out,Town01,data,80,0,0,0,0,0,-80,45,0,0.349999994039536,0,0,0,0,0,0,1,0,0,90.0500013418496,336.069737672806,vehicle.toyota.prius,"(177,96,103)",4,,hero,True,112,126,105,105.725927879123,1798,96.2583193949329,1,96.2583193949329,,route_timeout
272,RouteScenario_272,Completed,Town01,data,90,0,0,0,60,100,75,90,0,1,0,0,0,0,0,0,0,0,0,180.150002684444,640.164294958115,vehicle.mustang.mustang,"(224,24,211)",4,,hero,True,142,103,81,242.250000006001,3600,100,1,100,,False
273,RouteScenario_273,Failed - Agent timed out,Town01,data,80,0,0,0,0,0,75,45,0,0.349999994039536,0,0,0,0,0,0,1,0,0,67.0500009991229,225.398168087006,vehicle.yamaha.yzf,"(43,41,123)",2,,hero,True,92,138,78,60.4171575517384,1338,93.6108906621359,1,93.6108906621359,0,route_timeout
274,RouteScenario_274,Failed - Agent timed out,Town01,data,20,0,0,0,0,50,15,270,0,0.349999994039536,0,0,0,0,0,0,1,0,0,103.050001535565,325.473684072494,vehicle.gazelle.omafiets,"(180,163,222)",2,,hero,True,93,110,105,124.267165644625,2058,42.3382386191596,1,42.3382386191596,0,route_timeout
275,RouteScenario_275,Failed - Agent timed out,Town01,data,80,0,0,0,30,50,75,0,0,0.400000005960465,0,0,0,0,0,0,1,0,0,220.050003279,715.602755069733,vehicle.chevrolet.impala,"(50,88,212)",4,,hero,True,111,73,89,246.33762466759,4398,98.5126483618759,1,98.5126483618759,,route_timeout
276,RouteScenario_276,Failed - Agent timed out,Town01,data,90,0,0,0,0,50,15,0,0,0.349999994039536,0,0,0,0,0,0,1,0,0,206.050003070384,661.400774240494,vehicle.audi.etron,"(7,167,187)",4,,hero,True,153,119,60,181.734017212836,4118,98.8066789498384,1,98.8066789498384,,route_timeout
277,RouteScenario_277,Failed - Agent timed out,Town01,data,80,0,0,0,0,0,-80,45,0,0.349999994039536,0,0,0,0,0,0,1,0,0,178.050002653152,665.139763116837,vehicle.audi.etron,"(119,196,180)",4,,hero,True,156,112,96,61.7544581174403,3558,98.9725375696415,1,98.9725375696415,,route_timeout
278,RouteScenario_278,Failed - Agent timed out,Town01,data,80,0,0,0,30,50,-80,225,0,0.400000005960465,0,0,0,0,0,0,1,0,0,115.050001714379,447.409130573273,vehicle.audi.tt,"(106,19,161)",4,,hero,True,172,132,110,139.146889123051,2298,82.4133578014359,1,82.4133578014359,,route_timeout
279,RouteScenario_279,Failed - Agent timed out,Town01,data,80,0,0,0,30,50,75,0,0,0.400000005960465,0,0,0,0,0,0,1,0,0,78.0500011630356,280.141711235046,vehicle.mini.cooperst,"(77,180,11)",4,,hero,True,142,121,96,92.6246589070026,1558,96.7190790564941,1,96.7190790564941,,route_timeout
280,RouteScenario_280,Failed,Town01,data,80,0,0,0,0,0,-80,45,0,0.349999994039536,0,0,1,0,0,0,0,0,0,93.5000013932586,265.051697015762,vehicle.nissan.micra,"(168,209,195)",4,,hero,True,81,99,69,183.970323914515,1867,32.939971440927,0.6,54.899952401545,,collisions_vehicle
281,RouteScenario_281,Failed,Town01,data,90,0,0,0,0,50,15,0,0,0.349999994039536,0,0,1,0,0,0,0,0,0,84.5000012591481,270.535980939865,vehicle.audi.etron,"(75,40,168)",4,,hero,True,110,138,82,202.183084241185,1687,42.1943832636316,0.6,70.3239721060527,,collisions_vehicle
282,RouteScenario_282,Failed,Town01,data,20,0,0,0,0,50,-80,225,0,0.349999994039536,0,0,1,0,0,0,0,0,0,13.750000204891,47.6625199317932,vehicle.tesla.cybertruck,,4,,hero,True,144,87,72,152.86000559795,272,23.4238263056664,0.6,39.039710509444,,collisions_vehicle
283,RouteScenario_283,Failed - Agent timed out,Town01,data,90,0,0,0,0,50,-80,225,0,0.349999994039536,0,0,0,0,0,0,1,0,0,59.0500008799136,216.82478427887,vehicle.volkswagen.t2,"(148,106,174)",4,,hero,True,129,139,94,69.9640960845576,1178,1.29784941726319,1,1.29784941726319,,route_timeout
284,RouteScenario_284,Completed,Town01,data,90,0,0,0,0,50,75,180,0,0.349999994039536,0,0,0,0,0,0,0,0,0,172.800002574921,607.321558713913,vehicle.mustang.mustang,"(4,26,79)",4,,hero,True,124,85,71,160.564964787865,3453,100,1,100,,False
285,RouteScenario_285,Failed,Town01,data,80,0,0,0,60,100,15,0,0,1,0,0,0,0,1,0,0,0,0,0.050000000745058,0.106472969055176,vehicle.mercedes-benz.coupe,"(80,56,196)",4,,hero,True,176,0,54,144.414208655793,0,0,0.7,0,,red_light
286,RouteScenario_286,Completed,Town01,data,80,0,0,0,30,50,75,0,0,0.400000005960465,0,0,0,0,0,0,0,0,0,40.0500005967915,138.77952003479,vehicle.citroen.c3,"(72,3,79)",4,,hero,True,180,119,100,141.259686307632,798,100,1,100,,False
287,RouteScenario_287,Completed,Town01,data,90,0,0,0,0,50,15,0,0,0.349999994039536,0,0,0,0,0,0,0,0,0,200.500002987683,632.845406293869,vehicle.chevrolet.impala,"(196,184,237)",4,,hero,True,84,109,94,250.703348969534,4007,100,1,100,,False
288,RouteScenario_288,Failed - Agent timed out,Town01,data,90,0,0,0,15,50,-80,270,0,0.349999994039536,0,0,0,0,0,0,1,0,0,78.0500011630356,242.877026081085,vehicle.chevrolet.impala,"(51,96,84)",4,,hero,True,136,148,107,94.0007193802161,1558,96.7429235626224,1,96.7429235626224,,route_timeout
289,RouteScenario_289,Failed - Agent timed out,Town01,data,90,0,0,0,0,50,-80,225,0,0.349999994039536,0,0,0,0,0,0,1,0,0,66.0500009842217,197.690630197525,vehicle.citroen.c3,"(202,139,129)",4,,hero,True,135,150,54,78.5238491600036,1318,93.4806898042852,1,93.4806898042852,,route_timeout
290,RouteScenario_290,Failed - Agent timed out,Town01,data,20,0,0,0,0,50,15,270,0,0.349999994039536,0,0,0,0,0,0,1,0,0,47.0500007010996,147.581568002701,vehicle.volkswagen.t2,"(182,167,46)",4,,hero,True,119,57,98,59.412759855584,938,1.69123409424079,1,1.69123409424079,,route_timeout
291,RouteScenario_291,Failed,Town01,data,90,0,0,0,15,50,15,270,0,0.349999994039536,0,0,1,0,0,0,0,0,0,37.6500005610287,130.13873052597,vehicle.jeep.wrangler_rubicon,"(142,167,12)",4,,hero,True,130,97,86,220.346054563856,750,37.6530885556236,0.6,62.7551475927059,,collisions_vehicle
292,RouteScenario_292,Failed - Agent timed out,Town01,data,20,0,0,0,0,50,15,270,0,0.349999994039536,0,0,0,0,0,0,1,0,0,212.050003159791,786.4677734375,vehicle.audi.a2,"(161,201,64)",4,,hero,True,177,120,103,91.1636744338956,4238,93.2275945651577,1,93.2275945651577,,route_timeout
293,RouteScenario_293,Failed - Agent timed out,Town01,data,80,0,0,0,60,100,15,0,0,1,0,0,0,0,0,0,1,0,0,105.050001565367,373.118519306183,vehicle.toyota.prius,"(22,198,92)",4,,hero,True,124,137,102,126.580024915554,2098,88.101496072028,1,88.101496072028,,route_timeout
294,RouteScenario_294,Failed,Town01,data,80,0,0,0,60,100,15,0,0,1,0,0,0,0,1,0,0,0,0,16.0500002391636,50.7109518051148,vehicle.carlamotors.carlacola,"(42,41,89)",4,,hero,True,184,78,87,115.7899800804,318,39.6357465097117,0.7,56.6224950138739,,red_light
295,RouteScenario_295,Completed,Town01,data,80,0,0,0,0,0,75,45,0,0.349999994039536,0,0,0,0,0,0,0,0,0,81.3000012114644,281.672184228897,vehicle.mini.cooperst,"(90,17,161)",4,,hero,True,184,65,52,199.061184542531,1623,100,1,100,,False
296,RouteScenario_296,Failed,Town01,data,20,0,0,0,0,50,15,270,0,0.349999994039536,0,0,1,0,0,0,0,0,0,9.95000014826655,36.1474416255951,vehicle.carlamotors.carlacola,"(40,53,218)",4,,hero,True,157,86,50,39.5129832784647,196,8.8864343052352,0.6,14.8107238420587,,collisions_vehicle
297,RouteScenario_297,Failed - Agent timed out,Town01,data,80,0,0,0,0,0,75,45,0,0.349999994039536,0,0,0,0,0,0,1,0,0,135.050002012402,469.170169115067,vehicle.audi.tt,"(225,181,130)",4,,hero,True,166,81,76,134.825166459177,2698,97.54286655901,1,97.54286655901,,route_timeout
298,RouteScenario_298,Failed - Agent timed out,Town01,data,15,0,0,0,0,0,15,45,0,0.349999994039536,0,0,0,0,0,0,1,0,0,166.050002474338,555.185860157013,vehicle.gazelle.omafiets,"(14,49,41)",2,,hero,True,122,87,104,176.044735646727,3318,1.5483257309497,1,1.5483257309497,0,route_timeout
299,RouteScenario_299,Failed - Agent timed out,Town01,data,90,0,0,0,0,50,75,180,0,0.349999994039536,0,0,0,0,0,0,1,0,0,130.050001937896,481.832636356354,vehicle.nissan.micra,"(89,81,124)",4,,hero,True,199,149,59,97.4614643017662,2598,81.3677072340979,1,81.3677072340979,,route_timeout
