,level_0,index,route_id,status,timestamp,collisions_layout,collisions_pedestrian,collisions_vehicle,outside_route_lanes,red_light,route_dev,route_timeout,stop_infraction,vehicle_blocked,scenario,route_length,ego_vehicle,carla_version,completion_score,driving_score,infraction_penalty,npc_vehicles,pedestrians,simulation_time,system_time,infraction_name
66,81,26,RouteScenario_7_26,Completed,route_26_route0_02_09_01_22_34,0,0,0,0,0,0,0,0,0,7,83.11998033178662,vehicle.bmw.isetta,10,100.0,100.0,1.0,120,0,37.00000055134296,246.780118227005,none
67,61,27,RouteScenario_7_27,Completed,route_27_route0_02_09_01_30_07,0,0,0,0,0,0,0,0,0,7,83.11998033178662,vehicle.bmw.isetta,10,100.0,100.0,1.0,120,0,25.55000038072467,183.82021474838257,none
68,79,32,RouteScenario_7_32,Completed,route_32_route0_02_09_01_36_03,0,0,0,0,0,0,0,0,0,7,81.98086781925831,vehicle.bmw.isetta,10,100.0,100.0,1.0,120,0,22.000000327825543,157.28810787200928,none
69,67,33,RouteScenario_7_33,Completed,route_33_route0_02_09_01_40_16,0,0,0,0,0,0,0,0,0,7,81.97915120561767,vehicle.bmw.isetta,10,100.0,100.0,1.0,120,0,25.50000037997961,203.0431981086731,none
70,60,40,RouteScenario_7_40,Completed,route_40_route0_02_09_01_46_52,0,0,0,0,0,0,0,0,0,7,82.60001775936934,vehicle.bmw.isetta,10,100.0,100.0,1.0,120,0,22.350000333040956,173.32387566566467,none
71,78,41,RouteScenario_7_41,Completed,route_41_route0_02_09_01_52_24,0,0,0,0,0,0,0,0,0,7,82.6000177588627,vehicle.bmw.isetta,10,100.0,100.0,1.0,120,0,23.550000350922343,149.29971551895142,none
72,75,42,RouteScenario_7_42,Completed,route_42_route0_02_09_01_59_43,0,0,0,0,0,0,0,0,0,7,83.51000974305987,vehicle.bmw.isetta,10,100.0,100.0,1.0,120,0,20.40000030398369,160.92419838905334,none
73,62,43,RouteScenario_7_43,Completed,route_43_route0_02_09_02_04_50,0,0,0,0,0,0,0,0,0,7,83.51000974305987,vehicle.bmw.isetta,10,100.0,100.0,1.0,120,0,28.550000425428152,223.3520474433899,none
74,80,52,RouteScenario_7_52,Completed,route_52_route0_02_09_02_11_29,0,0,0,0,0,0,0,0,0,7,82.00997924804688,vehicle.bmw.isetta,10,100.0,100.0,1.0,120,0,25.450000379234552,142.07242035865784,none
75,77,53,RouteScenario_7_53,Failed,route_53_route0_02_09_02_18_20,0,0,1,0,0,0,0,0,0,7,82.00997924804688,vehicle.bmw.isetta,10,44.75813280268401,26.85487968161041,0.6,120,0,28.300000421702865,212.8457305431366,collisions_vehicle
76,69,56,RouteScenario_7_56,Completed,route_56_route0_02_09_02_24_19,0,0,0,0,0,0,0,0,0,7,83.31085709977604,vehicle.bmw.isetta,10,100.0,100.0,1.0,120,0,22.100000329315662,143.67589616775513,none
77,72,57,RouteScenario_7_57,Completed,route_57_route0_02_09_02_30_37,0,0,0,0,0,0,0,0,0,7,83.30912522726364,vehicle.bmw.isetta,10,100.0,100.0,1.0,120,0,21.250000316649675,208.908052444458,none
78,71,6,RouteScenario_7_6,Completed,route_6_route0_02_09_03_07_18,0,0,0,0,0,0,0,0,0,7,81.99999331823905,vehicle.bmw.isetta,10,100.0,100.0,1.0,120,0,23.650000352412462,161.91109228134155,none
79,66,64,RouteScenario_7_64,Completed,route_64_route0_02_09_02_37_56,0,0,0,0,0,0,0,0,0,7,82.61000234595448,vehicle.bmw.isetta,10,100.0,100.0,1.0,120,0,26.3500003926456,236.70509934425357,none
80,65,65,RouteScenario_7_65,Completed,route_65_route0_02_09_02_44_25,0,0,0,0,0,0,0,0,0,7,82.60999853125792,vehicle.bmw.isetta,10,100.0,100.0,1.0,120,0,20.950000312179327,132.85599160194397,none
81,82,68,RouteScenario_7_68,Failed,route_68_route0_02_09_02_48_54,0,0,1,0,0,0,0,0,0,7,82.0000009476335,vehicle.bmw.isetta,10,44.3124741497019,26.58748448982114,0.6,120,0,27.85000041499734,162.5600564479828,collisions_vehicle
82,76,69,RouteScenario_7_69,Completed,route_69_route0_02_09_02_56_52,0,0,0,0,0,0,0,0,0,7,82.00000476233072,vehicle.bmw.isetta,10,100.0,100.0,1.0,120,0,34.35000051185489,347.8843674659729,none
83,68,7,RouteScenario_7_7,Completed,route_7_route0_02_09_03_13_12,0,0,0,0,0,0,0,0,0,7,81.99999331823905,vehicle.bmw.isetta,10,100.0,100.0,1.0,120,0,50.30000074952841,430.3998899459839,none
84,102,10,RouteScenario_8_10,Completed,route_10_route0_02_09_03_23_39,0,0,0,0,0,0,0,0,0,8,61.25325971366519,vehicle.bmw.isetta,10,100.0,100.0,1.0,120,0,21.800000324845318,193.9642527103424,none
85,96,11,RouteScenario_8_11,Completed,route_11_route0_02_09_03_31_41,0,0,0,0,0,0,0,0,0,8,60.41447692826555,vehicle.bmw.isetta,10,100.0,100.0,1.0,120,0,33.20000049471855,243.5040214061737,none
86,89,12,RouteScenario_8_12,Completed,route_12_route0_02_09_03_38_50,0,0,0,0,0,0,0,0,0,8,61.75131111908178,vehicle.bmw.isetta,10,100.0,100.0,1.0,120,0,20.500000305473804,214.50426650047305,none
87,85,15,RouteScenario_8_15,Completed,route_15_route0_02_09_03_46_35,0,0,0,0,0,0,0,0,0,8,60.901017691577785,vehicle.bmw.isetta,10,100.0,100.0,1.0,120,0,25.150000374764204,171.6760356426239,none
88,94,18,RouteScenario_8_18,Completed,route_18_route0_02_09_03_54_58,0,0,0,0,0,0,0,0,0,8,60.69758307301105,vehicle.bmw.isetta,10,100.0,100.0,1.0,120,0,31.15000046417117,202.4811263084412,none
89,90,2,RouteScenario_8_2,Completed,route_2_route0_02_09_04_19_43,0,0,0,0,0,0,0,0,0,8,61.06920292504007,vehicle.bmw.isetta,10,100.0,100.0,1.0,120,0,21.15000031515956,233.95194792747495,none
90,101,20,RouteScenario_8_20,Completed,route_20_route0_02_09_04_01_35,0,0,0,0,0,0,0,0,0,8,60.95337258060778,vehicle.bmw.isetta,10,100.0,100.0,1.0,120,0,27.85000041499734,167.2760775089264,none
91,87,24,RouteScenario_8_24,Completed,route_24_route0_02_09_04_07_01,0,0,0,0,0,0,0,0,0,8,60.91089740578979,vehicle.bmw.isetta,10,100.0,100.0,1.0,120,0,34.00000050663948,271.76009225845337,none
92,92,28,RouteScenario_8_28,Completed,route_28_route0_02_09_04_14_28,0,0,0,0,0,0,0,0,0,8,61.59830038671384,vehicle.bmw.isetta,10,100.0,100.0,1.0,120,0,21.35000031813979,138.9842460155487,none
93,93,30,RouteScenario_8_30,Completed,route_30_route0_02_09_04_26_48,0,0,0,0,0,0,0,0,0,8,61.16392023319401,vehicle.bmw.isetta,10,100.0,100.0,1.0,120,0,27.450000409036875,157.65623474121094,none
94,95,34,RouteScenario_8_34,Completed,route_34_route0_02_09_04_35_43,0,0,0,0,0,0,0,0,0,8,60.83781726315381,vehicle.bmw.isetta,10,100.0,100.0,1.0,120,0,25.80000038444996,201.3281421661377,none
95,105,37,RouteScenario_8_37,Completed,route_37_route0_02_09_04_46_19,0,0,0,0,0,0,0,0,0,8,60.90306747539447,vehicle.bmw.isetta,10,100.0,100.0,1.0,120,0,48.50000072270632,495.2013397216797,none
96,99,39,RouteScenario_8_39,Completed,route_39_route0_02_09_04_58_51,0,0,0,0,0,0,0,0,0,8,60.85623744415566,vehicle.bmw.isetta,10,100.0,100.0,1.0,120,0,25.100000374019142,198.72418904304504,none
97,97,4,RouteScenario_8_4,Completed,route_4_route0_02_09_05_29_47,0,0,0,0,0,0,0,0,0,8,61.09374739316211,vehicle.bmw.isetta,10,100.0,100.0,1.0,120,0,24.75000036880374,202.78003811836243,none
98,84,44,RouteScenario_8_44,Completed,route_44_route0_02_09_05_05_44,0,0,0,0,0,0,0,0,0,8,61.26539929186665,vehicle.bmw.isetta,10,100.0,100.0,1.0,120,0,28.200000420212746,313.26833486557007,none
99,91,45,RouteScenario_8_45,Completed,route_45_route0_02_09_05_15_09,0,0,0,0,0,0,0,0,0,8,61.58523811688995,vehicle.bmw.isetta,10,100.0,100.0,1.0,120,0,21.65000032261014,175.0680513381958,none
100,88,49,RouteScenario_8_49,Completed,route_49_route0_02_09_05_21_27,0,0,0,0,0,0,0,0,0,8,60.92802203945554,vehicle.bmw.isetta,10,100.0,100.0,1.0,120,0,30.15000044927001,255.6162075996399,none
101,106,51,RouteScenario_8_51,Completed,route_51_route0_02_09_05_36_19,0,0,0,0,0,0,0,0,0,8,60.92792055053716,vehicle.bmw.isetta,10,100.0,100.0,1.0,120,0,27.950000416487452,164.48420238494873,none
102,107,54,RouteScenario_8_54,Completed,route_54_route0_02_09_05_42_26,0,0,0,0,0,0,0,0,0,8,61.00178018503786,vehicle.bmw.isetta,10,100.0,100.0,1.0,120,0,24.8000003695488,125.8124647140503,none
103,86,58,RouteScenario_8_58,Completed,route_58_route0_02_09_05_49_08,0,0,0,0,0,0,0,0,0,8,61.94757622419835,vehicle.bmw.isetta,10,100.0,100.0,1.0,120,0,38.800000578165054,358.243310213089,none
104,103,61,RouteScenario_8_61,Completed,route_61_route0_02_09_05_58_49,0,0,0,0,0,0,0,0,0,8,61.367142631099526,vehicle.bmw.isetta,10,100.0,100.0,1.0,120,0,28.000000417232517,265.6121003627777,none
105,104,63,RouteScenario_8_63,Completed,route_63_route0_02_09_06_37_05,0,0,0,0,0,0,0,0,0,8,61.68555879782448,vehicle.bmw.isetta,10,100.0,100.0,1.0,120,0,21.35000031813979,168.58779764175415,none
106,98,67,RouteScenario_8_67,Completed,route_67_route0_02_09_06_50_51,0,0,0,0,0,0,0,0,0,8,61.067938290835365,vehicle.bmw.isetta,10,100.0,100.0,1.0,120,0,37.90000056475401,300.84821343421936,none
107,100,71,RouteScenario_8_71,Completed,route_71_route0_02_09_06_59_10,0,0,0,0,0,0,0,0,0,8,60.57136272504224,vehicle.bmw.isetta,10,100.0,100.0,1.0,120,0,27.05000040307641,179.94816184043884,none
108,122,13,RouteScenario_9_13,Completed,route_13_route0_02_09_07_04_42,0,0,0,0,0,0,0,0,0,9,56.094386897300026,vehicle.bmw.isetta,10,100.0,100.0,1.0,120,0,18.900000281631947,123.98454189300536,none
109,126,14,RouteScenario_9_14,Completed,route_14_route0_02_09_07_10_17,0,0,0,0,0,0,0,0,0,9,55.2446401601069,vehicle.bmw.isetta,10,100.0,100.0,1.0,120,0,19.95000029727817,167.4600145816803,none
110,119,19,RouteScenario_9_19,Completed,route_19_route0_02_09_07_16_17,0,0,0,0,0,0,0,0,0,9,55.04141645760018,vehicle.bmw.isetta,10,100.0,100.0,1.0,120,0,51.1500007621944,421.3724007606506,none
111,128,21,RouteScenario_9_21,Completed,route_21_route0_02_09_07_26_54,0,0,0,0,0,0,0,0,0,9,55.295861513545525,vehicle.bmw.isetta,10,100.0,100.0,1.0,120,0,20.500000305473804,188.5801856517792,none
112,118,25,RouteScenario_9_25,Completed,route_25_route0_02_09_07_33_25,0,0,0,0,0,0,0,0,0,9,55.25090884695793,vehicle.bmw.isetta,10,100.0,100.0,1.0,120,0,20.10000029951334,144.54430079460144,none
113,110,29,RouteScenario_9_29,Completed,route_29_route0_02_09_07_37_57,0,0,0,0,0,0,0,0,0,9,55.94493792555948,vehicle.bmw.isetta,10,100.0,100.0,1.0,120,0,19.85000029578805,118.68399691581726,none
114,127,3,RouteScenario_9_3,Completed,route_3_route0_02_09_08_08_11,0,0,0,0,0,0,0,0,0,9,55.41616043336074,vehicle.bmw.isetta,10,100.0,100.0,1.0,120,0,22.350000333040956,192.61223149299624,none
115,125,31,RouteScenario_9_31,Completed,route_31_route0_02_09_07_42_57,0,0,0,0,0,0,0,0,0,9,55.507802941520346,vehicle.bmw.isetta,10,100.0,100.0,1.0,120,0,21.450000319629908,139.12257361412048,none
116,115,35,RouteScenario_9_35,Completed,route_35_route0_02_09_07_49_32,0,0,0,0,0,0,0,0,0,9,55.1791221263788,vehicle.bmw.isetta,10,100.0,100.0,1.0,120,0,26.50000039488077,138.32819199562073,none
117,114,36,RouteScenario_9_36,Completed,route_36_route0_02_09_07_54_05,0,0,0,0,0,0,0,0,0,9,55.24653262480497,vehicle.bmw.isetta,10,100.0,100.0,1.0,120,0,19.5500002913177,125.41444659233092,none
118,108,38,RouteScenario_9_38,Completed,route_38_route0_02_09_08_02_37,0,0,0,0,0,0,0,0,0,9,55.19927747263407,vehicle.bmw.isetta,10,100.0,100.0,1.0,120,0,21.800000324845318,149.69966983795166,none
119,121,46,RouteScenario_9_46,Completed,route_46_route0_02_09_08_14_00,0,0,0,0,0,0,0,0,0,9,55.9272196240984,vehicle.bmw.isetta,10,100.0,100.0,1.0,120,0,24.00000035762787,167.97554683685303,none
120,112,47,RouteScenario_9_47,Completed,route_47_route0_02_09_08_19_31,0,0,0,0,0,0,0,0,0,9,55.61009969298386,vehicle.bmw.isetta,10,100.0,100.0,1.0,120,0,22.100000329315662,154.13111448287964,none
121,109,48,RouteScenario_9_48,Completed,route_48_route0_02_09_08_24_59,0,0,0,0,0,0,0,0,0,9,55.27290728705631,vehicle.bmw.isetta,10,100.0,100.0,1.0,120,0,20.000000298023224,130.78818249702454,none
122,117,5,RouteScenario_9_5,Completed,route_5_route0_02_09_08_55_57,0,0,0,0,0,0,0,0,0,9,55.43311785764707,vehicle.bmw.isetta,10,100.0,100.0,1.0,120,0,23.95000035688281,165.0001757144928,none
123,111,50,RouteScenario_9_50,Completed,route_50_route0_02_09_08_31_49,0,0,0,0,0,0,0,0,0,9,55.2693469423156,vehicle.bmw.isetta,10,100.0,100.0,1.0,120,0,20.550000306218863,157.97206807136536,none
124,120,55,RouteScenario_9_55,Completed,route_55_route0_02_09_08_41_34,0,0,0,0,0,0,0,0,0,9,55.34447144880457,vehicle.bmw.isetta,10,100.0,100.0,1.0,120,0,33.650000501424074,359.28431367874146,none
125,131,59,RouteScenario_9_59,Completed,route_59_route0_02_09_08_49_52,0,0,0,0,0,0,0,0,0,9,56.290417613840575,vehicle.bmw.isetta,10,100.0,100.0,1.0,120,0,20.60000030696392,135.32016968727112,none
126,124,60,RouteScenario_9_60,Completed,route_60_route0_02_09_09_01_41,0,0,0,0,0,0,0,0,0,9,55.71251834771494,vehicle.bmw.isetta,10,100.0,100.0,1.0,120,0,22.45000033453107,274.4387140274048,none
127,113,62,RouteScenario_9_62,Completed,route_62_route0_02_09_09_09_28,0,0,0,0,0,0,0,0,0,9,56.02666298657788,vehicle.bmw.isetta,10,100.0,100.0,1.0,120,0,24.75000036880374,178.92814326286316,none
128,129,66,RouteScenario_9_66,Completed,route_66_route0_02_09_09_15_43,0,0,0,0,0,0,0,0,0,9,55.41121556217197,vehicle.bmw.isetta,10,100.0,100.0,1.0,120,0,19.500000290572643,113.49198007583618,none
129,116,70,RouteScenario_9_70,Completed,route_70_route0_02_09_09_23_13,0,0,0,0,0,0,0,0,0,9,54.91447760482357,vehicle.bmw.isetta,10,100.0,100.0,1.0,120,0,37.40000055730343,339.8840398788452,none
130,123,8,RouteScenario_9_8,Completed,route_8_route0_02_09_09_32_06,0,0,0,0,0,0,0,0,0,9,54.75607184336737,vehicle.bmw.isetta,10,100.0,100.0,1.0,120,0,20.000000298023224,141.77606558799744,none
131,130,9,RouteScenario_9_9,Completed,route_9_route0_02_09_09_40_58,0,0,0,0,0,0,0,0,0,9,55.59823106089415,vehicle.bmw.isetta,10,100.0,100.0,1.0,120,0,28.150000419467688,176.24020862579346,none
132,137,0,RouteScenario_1_0,Completed,route_0_route0_02_08_13_41_51,0,0,0,0,0,0,0,0,0,1,316.4820829944565,vehicle.lincoln.mkz2017,10,100.0,100.0,1.0,120,0,76.25000113621354,474.3881514072418,none
133,132,1,RouteScenario_1_1,Completed,route_1_route0_02_08_13_59_02,0,0,0,0,0,0,0,0,0,1,83.59873826094632,vehicle.lincoln.mkz2017,10,100.0,100.0,1.0,120,0,33.20000049471855,329.3322069644928,none
134,134,2,RouteScenario_1_2,Completed,route_2_route0_02_08_14_10_54,0,0,0,0,0,0,0,0,0,1,310.51499937633105,vehicle.lincoln.mkz2017,10,100.0,100.0,1.0,120,0,119.700001783669,771.7362117767334,none
135,136,3,RouteScenario_1_3,Completed,route_3_route0_02_08_14_33_32,0,0,0,0,0,0,0,0,0,1,78.99352533935645,vehicle.lincoln.mkz2017,10,100.0,100.0,1.0,120,0,13.65000020340085,91.23629522323608,none
136,135,4,RouteScenario_1_4,Completed,route_4_route0_02_08_14_43_49,0,0,0,0,0,0,0,0,0,1,334.39002329383925,vehicle.lincoln.mkz2017,10,100.0,100.0,1.0,120,0,68.5500010214746,476.0757896900177,none
137,133,5,RouteScenario_1_5,Completed,route_5_route0_02_08_15_16_01,0,0,0,0,0,0,0,0,0,1,326.46289454712144,vehicle.lincoln.mkz2017,10,100.0,100.0,1.0,120,0,148.5500022135675,960.7724034786224,none
138,143,0,RouteScenario_3_0,Completed,route_0_route0_02_08_15_49_27,0,0,0,0,0,0,0,0,0,3,316.4820829944565,vehicle.lincoln.mkz2017,10,100.0,100.0,1.0,120,0,70.4500010497868,532.7882599830627,none
139,138,1,RouteScenario_3_1,Completed,route_1_route0_02_08_16_06_46,0,0,0,0,0,0,0,0,0,3,83.59873826094632,vehicle.lincoln.mkz2017,10,100.0,100.0,1.0,120,0,41.05000061169267,485.5242428779602,none
140,140,2,RouteScenario_3_2,Completed,route_2_route0_02_08_16_25_03,0,0,0,0,0,0,0,0,0,3,310.51499937633105,vehicle.lincoln.mkz2017,10,100.0,100.0,1.0,120,0,71.20000106096268,468.2839334011078,none
141,142,3,RouteScenario_3_3,Completed,route_3_route0_02_08_16_42_36,0,0,0,0,0,0,0,0,0,3,78.99352533935645,vehicle.lincoln.mkz2017,10,100.0,100.0,1.0,120,0,47.75000071153045,512.8642649650574,none
142,141,4,RouteScenario_3_4,Completed,route_4_route0_02_08_16_57_17,0,0,0,0,0,0,0,0,0,3,334.39002329383925,vehicle.lincoln.mkz2017,10,100.0,100.0,1.0,120,0,81.20000120997429,635.5879678726196,none
143,139,5,RouteScenario_3_5,Completed,route_5_route0_02_08_17_16_18,0,0,0,0,0,0,0,0,0,3,326.46289454712144,vehicle.lincoln.mkz2017,10,100.0,100.0,1.0,120,0,138.70000206679106,1359.92427611351,none
144,191,0,RouteScenario_4_0,Completed,route_0_route0_02_08_17_48_08,0,0,0,0,0,0,0,0,0,4,61.06920292504007,vehicle.lincoln.mkz2017,10,100.0,100.0,1.0,120,0,61.60000091791153,614.0561544895172,none
145,151,1,RouteScenario_4_1,Completed,route_1_route0_02_08_19_40_16,0,0,0,0,0,0,0,0,0,4,55.41616043336074,vehicle.lincoln.mkz2017,10,100.0,100.0,1.0,120,0,28.200000420212746,247.5283789634705,none
146,184,10,RouteScenario_4_10,Completed,route_10_route0_02_08_18_04_04,0,0,0,0,0,0,0,0,0,4,55.2446401601069,vehicle.lincoln.mkz2017,10,100.0,100.0,1.0,120,0,13.40000019967556,98.39631152153017,none
147,171,11,RouteScenario_4_11,Completed,route_11_route0_02_08_18_08_54,0,0,0,0,0,0,0,0,0,4,60.901017691577785,vehicle.lincoln.mkz2017,10,100.0,100.0,1.0,120,0,42.50000063329935,284.3680946826935,none
148,159,12,RouteScenario_4_12,Completed,route_12_route0_02_08_18_18_05,0,0,0,0,0,0,0,0,0,4,60.69758307301105,vehicle.lincoln.mkz2017,10,100.0,100.0,1.0,120,0,43.05000064149499,311.544349193573,none
149,172,13,RouteScenario_4_13,Completed,route_13_route0_02_08_18_28_09,0,0,0,0,0,0,0,0,0,4,55.04141645760018,vehicle.lincoln.mkz2017,10,100.0,100.0,1.0,120,0,49.75000074133277,520.5814137458801,none
150,181,14,RouteScenario_4_14,Completed,route_14_route0_02_08_18_41_06,0,0,0,0,0,0,0,0,0,4,60.95337258060778,vehicle.lincoln.mkz2017,10,100.0,100.0,1.0,120,0,25.200000375509266,148.1679048538208,none
151,152,15,RouteScenario_4_15,Completed,route_15_route0_02_08_18_49_48,0,0,0,0,0,0,0,0,0,4,55.295861513545525,vehicle.lincoln.mkz2017,10,100.0,100.0,1.0,120,0,15.800000235438349,127.64024186134338,none
152,175,16,RouteScenario_4_16,Completed,route_16_route0_02_08_18_55_22,0,0,0,0,0,0,0,0,0,4,60.91089740578979,vehicle.lincoln.mkz2017,10,100.0,100.0,1.0,120,0,37.500000558793545,293.1910593509674,none
153,168,17,RouteScenario_4_17,Completed,route_17_route0_02_08_19_03_55,0,0,0,0,0,0,0,0,0,4,55.25090884695793,vehicle.lincoln.mkz2017,10,100.0,100.0,1.0,120,0,23.100000344216824,204.56421327590945,none
154,169,18,RouteScenario_4_18,Completed,route_18_route0_02_08_19_17_39,0,0,0,0,0,0,0,0,0,4,61.59830038671384,vehicle.lincoln.mkz2017,10,100.0,100.0,1.0,120,0,62.20000092685223,593.3043432235718,none
155,160,19,RouteScenario_4_19,Completed,route_19_route0_02_08_19_32_35,0,0,0,0,0,0,0,0,0,4,55.94493792555948,vehicle.lincoln.mkz2017,10,100.0,100.0,1.0,120,0,27.60000041127205,218.7844479084015,none
156,161,2,RouteScenario_4_2,Completed,route_2_route0_02_08_21_13_23,0,0,0,0,0,0,0,0,0,4,61.09374739316211,vehicle.lincoln.mkz2017,10,100.0,100.0,1.0,120,0,28.200000420212746,325.66009640693665,none
157,182,20,RouteScenario_4_20,Completed,route_20_route0_02_08_19_49_07,0,0,0,0,0,0,0,0,0,4,61.16392023319401,vehicle.lincoln.mkz2017,10,100.0,100.0,1.0,120,0,28.10000041872263,194.1283779144287,none
158,185,21,RouteScenario_4_21,Completed,route_21_route0_02_08_19_55_22,0,0,0,0,0,0,0,0,0,4,55.507802941520346,vehicle.lincoln.mkz2017,10,100.0,100.0,1.0,120,0,13.500000201165676,89.72396397590637,none
159,154,22,RouteScenario_4_22,Completed,route_22_route0_02_08_19_58_58,0,0,0,0,0,0,0,0,0,4,60.83781726315381,vehicle.lincoln.mkz2017,10,100.0,100.0,1.0,120,0,43.30000064522028,314.5316994190216,none
160,176,23,RouteScenario_4_23,Completed,route_23_route0_02_08_20_09_34,0,0,0,0,0,0,0,0,0,4,55.1791221263788,vehicle.lincoln.mkz2017,10,100.0,100.0,1.0,120,0,27.450000409036875,151.44805431365967,none
161,156,24,RouteScenario_4_24,Completed,route_24_route0_02_08_20_15_23,0,0,0,0,0,0,0,0,0,4,55.24653262480497,vehicle.lincoln.mkz2017,10,100.0,100.0,1.0,120,0,24.300000362098217,138.89401745796204,none
162,158,25,RouteScenario_4_25,Completed,route_25_route0_02_08_20_20_29,0,0,0,0,0,0,0,0,0,4,60.90306747539447,vehicle.lincoln.mkz2017,10,100.0,100.0,1.0,120,0,42.30000063031912,366.1764860153198,none
163,189,26,RouteScenario_4_26,Completed,route_26_route0_02_08_20_33_14,0,0,0,0,0,0,0,0,0,4,55.19927747263407,vehicle.lincoln.mkz2017,10,100.0,100.0,1.0,120,0,46.8500006981194,474.0926492214203,none
164,148,27,RouteScenario_4_27,Completed,route_27_route0_02_08_20_43_52,0,0,0,0,0,0,0,0,0,4,60.85623744415566,vehicle.lincoln.mkz2017,10,100.0,100.0,1.0,120,0,27.650000412017107,163.92006540298462,none
165,165,28,RouteScenario_4_28,Completed,route_28_route0_02_08_20_50_06,0,0,0,0,0,0,0,0,0,4,61.26539929186665,vehicle.lincoln.mkz2017,10,100.0,100.0,1.0,120,0,70.80000105500221,457.4841728210449,none
166,147,29,RouteScenario_4_29,Completed,route_29_route0_02_08_21_01_26,0,0,0,0,0,0,0,0,0,4,61.58523811688995,vehicle.lincoln.mkz2017,10,100.0,100.0,1.0,120,0,39.40000058710575,322.2682592868805,none
167,183,3,RouteScenario_4_3,Completed,route_3_route0_02_08_22_39_35,0,0,0,0,0,0,0,0,0,4,55.43311785764707,vehicle.lincoln.mkz2017,10,100.0,100.0,1.0,120,0,18.200000271201134,121.34423518180849,none
168,167,30,RouteScenario_4_30,Completed,route_30_route0_02_08_21_22_43,0,0,0,0,0,0,0,0,0,4,55.9272196240984,vehicle.lincoln.mkz2017,10,100.0,100.0,1.0,120,0,24.25000036135316,245.28401708602905,none
169,179,31,RouteScenario_4_31,Completed,route_31_route0_02_08_21_30_13,0,0,0,0,0,0,0,0,0,4,55.61009969298386,vehicle.lincoln.mkz2017,10,100.0,100.0,1.0,120,0,13.700000204145908,92.3084201812744,none
170,188,32,RouteScenario_4_32,Completed,route_32_route0_02_08_21_33_43,0,0,0,0,0,0,0,0,0,4,55.27290728705631,vehicle.lincoln.mkz2017,10,100.0,100.0,1.0,120,0,24.600000366568565,146.0483477115631,none
171,162,33,RouteScenario_4_33,Completed,route_33_route0_02_08_21_39_20,0,0,0,0,0,0,0,0,0,4,60.92802203945554,vehicle.lincoln.mkz2017,10,100.0,100.0,1.0,120,0,42.40000063180924,354.9199090003968,none
172,170,34,RouteScenario_4_34,Completed,route_34_route0_02_08_21_50_51,0,0,0,0,0,0,0,0,0,4,55.2693469423156,vehicle.lincoln.mkz2017,10,100.0,100.0,1.0,120,0,16.350000243633986,202.88355946540835,none
173,155,35,RouteScenario_4_35,Completed,route_35_route0_02_08_21_57_32,0,0,0,0,0,0,0,0,0,4,60.92792055053716,vehicle.lincoln.mkz2017,10,100.0,100.0,1.0,120,0,28.45000042393804,230.21615314483645,none
174,153,36,RouteScenario_4_36,Completed,route_36_route0_02_08_22_05_41,0,0,0,0,0,0,0,0,0,4,61.00178018503786,vehicle.lincoln.mkz2017,10,100.0,100.0,1.0,120,0,26.200000390410423,159.63624572753906,none
175,187,37,RouteScenario_4_37,Completed,route_37_route0_02_08_22_14_02,0,0,0,0,0,0,0,0,0,4,55.34447144880457,vehicle.lincoln.mkz2017,10,100.0,100.0,1.0,120,0,31.600000470876694,238.95608639717105,none
176,144,38,RouteScenario_4_38,Completed,route_38_route0_02_08_22_24_07,0,0,0,0,0,0,0,0,0,4,61.94757622419835,vehicle.lincoln.mkz2017,10,100.0,100.0,1.0,120,0,42.85000063851476,326.7962281703949,none
177,180,39,RouteScenario_4_39,Completed,route_39_route0_02_08_22_34_16,0,0,0,0,0,0,0,0,0,4,56.290417613840575,vehicle.lincoln.mkz2017,10,100.0,100.0,1.0,120,0,24.150000359863043,139.18040204048157,none
178,173,4,RouteScenario_4_4,Completed,route_4_route0_02_08_23_51_33,0,0,0,0,0,0,0,0,0,4,54.75607184336737,vehicle.lincoln.mkz2017,10,100.0,100.0,1.0,120,0,13.450000200420618,102.4042489528656,none
179,145,40,RouteScenario_4_40,Completed,route_40_route0_02_08_22_44_08,0,0,0,0,0,0,0,0,0,4,55.71251834771494,vehicle.lincoln.mkz2017,10,100.0,100.0,1.0,120,0,15.900000236928465,136.74394369125366,none
180,186,41,RouteScenario_4_41,Completed,route_41_route0_02_08_22_50_02,0,0,0,0,0,0,0,0,0,4,61.367142631099526,vehicle.lincoln.mkz2017,10,100.0,100.0,1.0,120,0,25.200000375509266,222.020206451416,none
181,177,42,RouteScenario_4_42,Completed,route_42_route0_02_08_22_57_22,0,0,0,0,0,0,0,0,0,4,56.02666298657788,vehicle.lincoln.mkz2017,10,100.0,100.0,1.0,120,0,24.400000363588333,185.95750856399536,none
182,150,43,RouteScenario_4_43,Completed,route_43_route0_02_08_23_03_51,0,0,0,0,0,0,0,0,0,4,61.68555879782448,vehicle.lincoln.mkz2017,10,100.0,100.0,1.0,120,0,42.60000063478947,358.97989654541016,none
183,146,44,RouteScenario_4_44,Completed,route_44_route0_02_08_23_15_23,0,0,0,0,0,0,0,0,0,4,55.41121556217197,vehicle.lincoln.mkz2017,10,100.0,100.0,1.0,120,0,25.900000385940075,253.476220369339,none
184,164,45,RouteScenario_4_45,Completed,route_45_route0_02_08_23_24_31,0,0,0,0,0,0,0,0,0,4,61.067938290835365,vehicle.lincoln.mkz2017,10,100.0,100.0,1.0,120,0,43.05000064149499,324.2221505641937,none
185,166,46,RouteScenario_4_46,Completed,route_46_route0_02_08_23_36_29,0,0,0,0,0,0,0,0,0,4,54.91447760482357,vehicle.lincoln.mkz2017,10,100.0,100.0,1.0,120,0,13.800000205636024,129.36433839797974,none
186,149,47,RouteScenario_4_47,Completed,route_47_route0_02_08_23_43_57,0,0,0,0,0,0,0,0,0,4,60.57136272504224,vehicle.lincoln.mkz2017,10,100.0,100.0,1.0,120,0,27.60000041127205,175.26830005645752,none
187,157,5,RouteScenario_4_5,Completed,route_5_route0_02_08_23_56_01,0,0,0,0,0,0,0,0,0,4,55.59823106089415,vehicle.lincoln.mkz2017,10,100.0,100.0,1.0,120,0,28.400000423192974,196.70416378974917,none
188,174,6,RouteScenario_4_6,Completed,route_6_route0_02_09_00_03_09,0,0,0,0,0,0,0,0,0,4,61.25325971366519,vehicle.lincoln.mkz2017,10,100.0,100.0,1.0,120,0,44.50000066310167,324.0121943950653,none
189,163,7,RouteScenario_4_7,Completed,route_7_route0_02_09_00_13_54,0,0,0,0,0,0,0,0,0,4,60.41447692826555,vehicle.lincoln.mkz2017,10,100.0,100.0,1.0,120,0,30.45000045374036,273.47331261634827,none
190,178,8,RouteScenario_4_8,Completed,route_8_route0_02_09_00_23_08,0,0,0,0,0,0,0,0,0,4,61.75131111908178,vehicle.lincoln.mkz2017,10,100.0,100.0,1.0,120,0,39.30000058561564,264.2283749580384,none
191,190,9,RouteScenario_4_9,Completed,route_9_route0_02_09_00_32_16,0,0,0,0,0,0,0,0,0,4,56.094386897300026,vehicle.lincoln.mkz2017,10,100.0,100.0,1.0,120,0,24.45000036433339,186.30859994888303,none
192,215,0,RouteScenario_7_0,Completed,route_0_route0_02_09_00_39_26,0,0,0,0,0,0,0,0,0,7,82.18000091524995,vehicle.lincoln.mkz2017,10,100.0,100.0,1.0,120,0,20.250000301748518,165.04804301261902,none
193,195,1,RouteScenario_7_1,Completed,route_1_route0_02_09_01_01_56,0,0,0,0,0,0,0,0,0,7,82.18000091524995,vehicle.lincoln.mkz2017,10,100.0,100.0,1.0,120,0,20.30000030249357,145.61318254470825,none
194,205,16,RouteScenario_7_16,Completed,route_16_route0_02_09_00_45_30,0,0,0,0,0,0,0,0,0,7,83.089996226047,vehicle.lincoln.mkz2017,10,100.0,100.0,1.0,120,0,21.85000032559037,139.4561505317688,none
195,202,17,RouteScenario_7_17,Failed,route_17_route0_02_09_00_50_46,0,0,1,0,0,0,0,0,0,7,83.089996226047,vehicle.lincoln.mkz2017,10,42.40321651391992,25.441929908351952,0.6,120,0,29.50000043958425,267.21267676353455,collisions_vehicle
196,196,22,RouteScenario_7_22,Completed,route_22_route0_02_09_01_07_15,0,0,0,0,0,0,0,0,0,7,82.0000009476335,vehicle.lincoln.mkz2017,10,100.0,100.0,1.0,120,0,21.1000003144145,126.02784538269044,none
197,206,23,RouteScenario_7_23,Completed,route_23_route0_02_09_01_13_52,0,0,0,0,0,0,0,0,0,7,82.0000009476335,vehicle.lincoln.mkz2017,10,100.0,100.0,1.0,120,0,21.7000003233552,169.93215656280518,none
66,345,26,RouteScenario_7_26,Completed,route_26_route0_02_13_03_41_29,0,0,0,0,0,0,0,0,0,7,83.11998033178662,vehicle.bmw.isetta,11,100.0,100.0,1.0,120,0,20.10000029951334,149.0721514225006,none
67,325,27,RouteScenario_7_27,Completed,route_27_route0_02_13_03_47_28,0,0,0,0,0,0,0,0,0,7,83.11998033178662,vehicle.bmw.isetta,11,100.0,100.0,1.0,120,0,26.30000039190054,219.7642798423767,none
68,343,32,RouteScenario_7_32,Completed,route_32_route0_02_13_03_55_29,0,0,0,0,0,0,0,0,0,7,81.98086781925831,vehicle.bmw.isetta,11,100.0,100.0,1.0,120,0,23.40000034868717,210.4445402622223,none
69,331,33,RouteScenario_7_33,Failed - Agent got blocked,route_33_route0_02_13_04_02_05,0,0,0,0,0,0,0,0,1,7,81.97915120561767,vehicle.bmw.isetta,11,45.83555836021964,45.83555836021964,1.0,120,0,197.200002938509,1301.996442079544,none
70,324,40,RouteScenario_7_40,Completed,route_40_route0_02_13_04_27_29,0,0,0,0,0,0,0,0,0,7,82.60001775936934,vehicle.bmw.isetta,11,100.0,100.0,1.0,120,0,21.300000317394733,218.65602135658264,none
71,342,41,RouteScenario_7_41,Completed,route_41_route0_02_13_04_33_45,0,0,0,0,0,0,0,0,0,7,82.6000177588627,vehicle.bmw.isetta,11,100.0,100.0,1.0,120,0,21.000000312924385,164.80428743362427,none
72,339,42,RouteScenario_7_42,Completed,route_42_route0_02_13_04_41_38,0,0,0,0,0,0,0,0,0,7,83.51000974305987,vehicle.bmw.isetta,11,100.0,100.0,1.0,120,0,20.40000030398369,190.33626890182492,none
73,326,43,RouteScenario_7_43,Completed,route_43_route0_02_13_04_47_45,0,0,0,0,0,0,0,0,0,7,83.51000974305987,vehicle.bmw.isetta,11,100.0,100.0,1.0,120,0,20.950000312179327,140.7598512172699,none
74,344,52,RouteScenario_7_52,Completed,route_52_route0_02_13_04_52_31,0,0,0,0,0,0,0,0,0,7,82.00997924804688,vehicle.bmw.isetta,11,100.0,100.0,1.0,120,0,22.25000033155084,138.2721242904663,none
75,341,53,RouteScenario_7_53,Completed,route_53_route0_02_13_04_59_30,0,0,0,0,0,0,0,0,0,7,82.00997924804688,vehicle.bmw.isetta,11,100.0,100.0,1.0,120,0,34.1000005081296,310.3921296596527,none
76,333,56,RouteScenario_7_56,Completed,route_56_route0_02_13_05_07_41,0,0,0,0,0,0,0,0,0,7,83.31085709977604,vehicle.bmw.isetta,11,100.0,100.0,1.0,120,0,21.300000317394733,164.64838814735413,none
77,336,57,RouteScenario_7_57,Completed,route_57_route0_02_13_05_14_14,0,0,0,0,0,0,0,0,0,7,83.30912522726364,vehicle.bmw.isetta,11,100.0,100.0,1.0,120,0,25.600000381469727,318.80048966407776,none
78,335,6,RouteScenario_7_6,Completed,route_6_route0_02_13_05_47_04,0,0,0,0,0,0,0,0,0,7,81.99999331823905,vehicle.bmw.isetta,11,100.0,100.0,1.0,120,0,20.35000030323863,157.54422616958618,none
79,330,64,RouteScenario_7_64,Completed,route_64_route0_02_13_05_23_37,0,0,0,0,0,0,0,0,0,7,82.61000234595448,vehicle.bmw.isetta,11,100.0,100.0,1.0,120,0,21.300000317394733,180.03985786437988,none
80,329,65,RouteScenario_7_65,Completed,route_65_route0_02_13_05_29_21,0,0,0,0,0,0,0,0,0,7,82.60999853125792,vehicle.bmw.isetta,11,100.0,100.0,1.0,120,0,20.250000301748518,136.55221581459045,none
81,346,68,RouteScenario_7_68,Completed,route_68_route0_02_13_05_34_38,0,0,0,0,0,0,0,0,0,7,82.0000009476335,vehicle.bmw.isetta,11,100.0,100.0,1.0,120,0,23.20000034570694,166.93241572380066,none
82,340,69,RouteScenario_7_69,Completed,route_69_route0_02_13_05_40_59,0,0,0,0,0,0,0,0,0,7,82.00000476233072,vehicle.bmw.isetta,11,100.0,100.0,1.0,120,0,20.250000301748518,189.66825699806213,none
83,332,7,RouteScenario_7_7,Completed,route_7_route0_02_13_06_03_36,0,0,0,0,0,0,0,0,0,7,81.99999331823905,vehicle.bmw.isetta,11,100.0,100.0,1.0,120,0,48.600000724196434,388.32407808303833,none
84,366,10,RouteScenario_8_10,Completed,route_10_route0_02_13_06_13_50,0,0,0,0,0,0,0,0,0,8,61.25325971366519,vehicle.bmw.isetta,11,100.0,100.0,1.0,120,0,20.60000030696392,179.04399299621582,none
85,360,11,RouteScenario_8_11,Completed,route_11_route0_02_13_06_20_26,0,0,0,0,0,0,0,0,0,8,60.41447692826555,vehicle.bmw.isetta,11,100.0,100.0,1.0,120,0,28.200000420212746,209.65614342689517,none
86,353,12,RouteScenario_8_12,Completed,route_12_route0_02_13_06_27_31,0,0,0,0,0,0,0,0,0,8,61.75131111908178,vehicle.bmw.isetta,11,100.0,100.0,1.0,120,0,20.40000030398369,164.5761275291443,none
87,349,15,RouteScenario_8_15,Completed,route_15_route0_02_13_06_34_30,0,0,0,0,0,0,0,0,0,8,60.901017691577785,vehicle.bmw.isetta,11,100.0,100.0,1.0,120,0,24.75000036880374,183.06390237808228,none
88,358,18,RouteScenario_8_18,Completed,route_18_route0_02_13_06_42_26,0,0,0,0,0,0,0,0,0,8,60.69758307301105,vehicle.bmw.isetta,11,100.0,100.0,1.0,120,0,29.750000443309546,287.2000963687897,none
89,354,2,RouteScenario_8_2,Completed,route_2_route0_02_13_07_12_01,0,0,0,0,0,0,0,0,0,8,61.06920292504007,vehicle.bmw.isetta,11,100.0,100.0,1.0,120,0,27.650000412017107,324.4723324775696,none
90,365,20,RouteScenario_8_20,Completed,route_20_route0_02_13_06_50_45,0,0,0,0,0,0,0,0,0,8,60.95337258060778,vehicle.bmw.isetta,11,100.0,100.0,1.0,120,0,28.250000420957804,198.8761150836945,none
91,351,24,RouteScenario_8_24,Completed,route_24_route0_02_13_06_57_59,0,0,0,0,0,0,0,0,0,8,60.91089740578979,vehicle.bmw.isetta,11,100.0,100.0,1.0,120,0,36.85000054910779,226.10002541542053,none
92,356,28,RouteScenario_8_28,Completed,route_28_route0_02_13_07_05_35,0,0,0,0,0,0,0,0,0,8,61.59830038671384,vehicle.bmw.isetta,11,100.0,100.0,1.0,120,0,23.100000344216824,181.88037729263303,none
93,357,30,RouteScenario_8_30,Completed,route_30_route0_02_13_07_20_40,0,0,0,0,0,0,0,0,0,8,61.16392023319401,vehicle.bmw.isetta,11,100.0,100.0,1.0,120,0,26.150000389665365,169.06442308425903,none
94,359,34,RouteScenario_8_34,Completed,route_34_route0_02_13_07_33_59,0,0,0,0,0,0,0,0,0,8,60.83781726315381,vehicle.bmw.isetta,11,100.0,100.0,1.0,120,0,35.00000052154064,462.9079463481903,none
95,369,37,RouteScenario_8_37,Completed,route_37_route0_02_13_07_42_09,0,0,0,0,0,0,0,0,0,8,60.90306747539447,vehicle.bmw.isetta,11,100.0,100.0,1.0,120,0,20.950000312179327,202.01224303245544,none
96,363,39,RouteScenario_8_39,Completed,route_39_route0_02_13_07_48_43,0,0,0,0,0,0,0,0,0,8,60.85623744415566,vehicle.bmw.isetta,11,100.0,100.0,1.0,120,0,24.70000036805868,150.38825297355652,none
97,361,4,RouteScenario_8_4,Completed,route_4_route0_02_13_08_16_49,0,0,0,0,0,0,0,0,0,8,61.09374739316211,vehicle.bmw.isetta,11,100.0,100.0,1.0,120,0,24.050000358372927,342.3558945655823,none
98,348,44,RouteScenario_8_44,Completed,route_44_route0_02_13_07_54_53,0,0,0,0,0,0,0,0,0,8,61.26539929186665,vehicle.bmw.isetta,11,100.0,100.0,1.0,120,0,26.55000039562583,233.5363941192627,none
99,355,45,RouteScenario_8_45,Completed,route_45_route0_02_13_08_04_29,0,0,0,0,0,0,0,0,0,8,61.58523811688995,vehicle.bmw.isetta,11,100.0,100.0,1.0,120,0,20.500000305473804,203.12453532218933,none
100,352,49,RouteScenario_8_49,Completed,route_49_route0_02_13_08_11_18,0,0,0,0,0,0,0,0,0,8,60.92802203945554,vehicle.bmw.isetta,11,100.0,100.0,1.0,120,0,24.050000358372927,258.788938999176,none
101,370,51,RouteScenario_8_51,Completed,route_51_route0_02_13_08_25_40,0,0,0,0,0,0,0,0,0,8,60.92792055053716,vehicle.bmw.isetta,11,100.0,100.0,1.0,120,0,24.050000358372927,203.17228627204892,none
102,371,54,RouteScenario_8_54,Completed,route_54_route0_02_13_08_34_02,0,0,0,0,0,0,0,0,0,8,61.00178018503786,vehicle.bmw.isetta,11,100.0,100.0,1.0,120,0,28.000000417232517,204.22021174430847,none
103,350,58,RouteScenario_8_58,Completed,route_58_route0_02_13_08_46_16,0,0,0,0,0,0,0,0,0,8,61.94757622419835,vehicle.bmw.isetta,11,100.0,100.0,1.0,120,0,32.50000048428774,401.5161018371582,none
104,367,61,RouteScenario_8_61,Completed,route_61_route0_02_13_08_59_38,0,0,0,0,0,0,0,0,0,8,61.367142631099526,vehicle.bmw.isetta,11,100.0,100.0,1.0,120,0,26.80000039935112,258.5442123413086,none
105,368,63,RouteScenario_8_63,Completed,route_63_route0_02_13_09_24_08,0,0,0,0,0,0,0,0,0,8,61.68555879782448,vehicle.bmw.isetta,11,100.0,100.0,1.0,120,0,20.60000030696392,215.7434153556824,none
106,362,67,RouteScenario_8_67,Completed,route_67_route0_02_13_09_34_21,0,0,0,0,0,0,0,0,0,8,61.067938290835365,vehicle.bmw.isetta,11,100.0,100.0,1.0,120,0,33.80000050365925,352.9999461174011,none
107,364,71,RouteScenario_8_71,Completed,route_71_route0_02_13_09_44_46,0,0,0,0,0,0,0,0,0,8,60.57136272504224,vehicle.bmw.isetta,11,100.0,100.0,1.0,120,0,26.450000394135717,223.8082091808319,none
108,386,13,RouteScenario_9_13,Completed,route_13_route0_02_13_09_52_09,0,0,0,0,0,0,0,0,0,9,56.094386897300026,vehicle.bmw.isetta,11,100.0,100.0,1.0,120,0,23.500000350177288,247.4442069530487,none
109,390,14,RouteScenario_9_14,Completed,route_14_route0_02_13_10_00_22,0,0,0,0,0,0,0,0,0,9,55.2446401601069,vehicle.bmw.isetta,11,100.0,100.0,1.0,120,0,19.30000028759241,198.3086528778076,none
110,383,19,RouteScenario_9_19,Completed,route_19_route0_02_13_10_25_36,0,0,0,0,0,0,0,0,0,9,55.04141645760018,vehicle.bmw.isetta,11,100.0,100.0,1.0,120,0,50.05000074580312,660.7988946437836,none
111,392,21,RouteScenario_9_21,Completed,route_21_route0_02_13_11_33_16,0,0,0,0,0,0,0,0,0,9,55.295861513545525,vehicle.bmw.isetta,11,100.0,100.0,1.0,120,0,21.50000032037497,258.9003381729126,none
112,382,25,RouteScenario_9_25,Completed,route_25_route0_02_13_11_42_18,0,0,0,0,0,0,0,0,0,9,55.25090884695793,vehicle.bmw.isetta,11,100.0,100.0,1.0,120,0,19.450000289827585,185.65232706069943,none
113,374,29,RouteScenario_9_29,Completed,route_29_route0_02_13_11_47_51,0,0,0,0,0,0,0,0,0,9,55.94493792555948,vehicle.bmw.isetta,11,100.0,100.0,1.0,120,0,19.20000028610229,136.3881552219391,none
114,391,3,RouteScenario_9_3,Completed,route_3_route0_02_13_12_17_39,0,0,0,0,0,0,0,0,0,9,55.41616043336074,vehicle.bmw.isetta,11,100.0,100.0,1.0,120,0,20.70000030845404,175.57215905189514,none
115,389,31,RouteScenario_9_31,Completed,route_31_route0_02_13_11_53_43,0,0,0,0,0,0,0,0,0,9,55.507802941520346,vehicle.bmw.isetta,11,100.0,100.0,1.0,120,0,19.30000028759241,156.2401478290558,none
116,379,35,RouteScenario_9_35,Completed,route_35_route0_02_13_11_58_51,0,0,0,0,0,0,0,0,0,9,55.1791221263788,vehicle.bmw.isetta,11,100.0,100.0,1.0,120,0,24.45000036433339,161.69643259048462,none
117,378,36,RouteScenario_9_36,Completed,route_36_route0_02_13_12_04_26,0,0,0,0,0,0,0,0,0,9,55.24653262480497,vehicle.bmw.isetta,11,100.0,100.0,1.0,120,0,18.950000282377005,130.37216067314148,none
118,372,38,RouteScenario_9_38,Completed,route_38_route0_02_13_12_09_49,0,0,0,0,0,0,0,0,0,9,55.19927747263407,vehicle.bmw.isetta,11,100.0,100.0,1.0,120,0,19.35000028833747,203.8044631481171,none
119,385,46,RouteScenario_9_46,Completed,route_46_route0_02_13_12_23_39,0,0,0,0,0,0,0,0,0,9,55.9272196240984,vehicle.bmw.isetta,11,100.0,100.0,1.0,120,0,19.15000028535724,140.35197281837463,none
120,376,47,RouteScenario_9_47,Completed,route_47_route0_02_13_12_30_50,0,0,0,0,0,0,0,0,0,9,55.61009969298386,vehicle.bmw.isetta,11,100.0,100.0,1.0,120,0,21.800000324845318,175.8681879043579,none
121,373,48,RouteScenario_9_48,Completed,route_48_route0_02_13_12_36_32,0,0,0,0,0,0,0,0,0,9,55.27290728705631,vehicle.bmw.isetta,11,100.0,100.0,1.0,120,0,19.10000028461218,129.80402660369873,none
122,381,5,RouteScenario_9_5,Completed,route_5_route0_02_13_13_13_56,0,0,0,0,0,0,0,0,0,9,55.43311785764707,vehicle.bmw.isetta,11,100.0,100.0,1.0,120,0,22.6500003375113,214.25635409355164,none
123,375,50,RouteScenario_9_50,Completed,route_50_route0_02_13_12_42_32,0,0,0,0,0,0,0,0,0,9,55.2693469423156,vehicle.bmw.isetta,11,100.0,100.0,1.0,120,0,19.60000029206276,280.1466574668884,none
124,384,55,RouteScenario_9_55,Completed,route_55_route0_02_13_12_54_14,0,0,0,0,0,0,0,0,0,9,55.34447144880457,vehicle.bmw.isetta,11,100.0,100.0,1.0,120,0,33.00000049173832,343.71219396591187,none
125,395,59,RouteScenario_9_59,Completed,route_59_route0_02_13_13_02_38,0,0,0,0,0,0,0,0,0,9,56.290417613840575,vehicle.bmw.isetta,11,100.0,100.0,1.0,120,0,19.60000029206276,149.16444325447085,none
126,388,60,RouteScenario_9_60,Completed,route_60_route0_02_13_13_22_43,0,0,0,0,0,0,0,0,0,9,55.71251834771494,vehicle.bmw.isetta,11,100.0,100.0,1.0,120,0,19.35000028833747,272.7001476287842,none
127,377,62,RouteScenario_9_62,Completed,route_62_route0_02_13_13_30_26,0,0,0,0,0,0,0,0,0,9,56.02666298657788,vehicle.bmw.isetta,11,100.0,100.0,1.0,120,0,21.60000032186508,196.10802388191223,none
128,393,66,RouteScenario_9_66,Completed,route_66_route0_02_13_13_36_47,0,0,0,0,0,0,0,0,0,9,55.41121556217197,vehicle.bmw.isetta,11,100.0,100.0,1.0,120,0,18.950000282377005,176.36827969551086,none
129,380,70,RouteScenario_9_70,Completed,route_70_route0_02_13_13_48_44,0,0,0,0,0,0,0,0,0,9,54.91447760482357,vehicle.bmw.isetta,11,100.0,100.0,1.0,120,0,34.70000051707029,311.1562976837158,none
130,387,8,RouteScenario_9_8,Completed,route_8_route0_02_13_13_57_54,0,0,0,0,0,0,0,0,0,9,54.75607184336737,vehicle.bmw.isetta,11,100.0,100.0,1.0,120,0,21.60000032186508,188.99632453918457,none
131,394,9,RouteScenario_9_9,Completed,route_9_route0_02_13_14_08_30,0,0,0,0,0,0,0,0,0,9,55.59823106089415,vehicle.bmw.isetta,11,100.0,100.0,1.0,120,0,48.65000072494149,423.4005270004273,none
132,401,0,RouteScenario_1_0,Completed,route_0_route0_02_12_15_46_20,0,0,0,0,0,0,0,0,0,1,316.4820829944565,vehicle.lincoln.mkz2017,11,100.0,100.0,1.0,120,0,77.10000114887953,596.4718823432922,none
133,396,1,RouteScenario_1_1,Completed,route_1_route0_02_12_16_05_29,0,0,0,0,0,0,0,0,0,1,83.59873826094632,vehicle.lincoln.mkz2017,11,100.0,100.0,1.0,120,0,40.6500006057322,456.2040312290192,none
134,398,2,RouteScenario_1_2,Completed,route_2_route0_02_12_16_25_42,0,0,0,0,0,0,0,0,0,1,310.51499937633105,vehicle.lincoln.mkz2017,11,100.0,100.0,1.0,120,0,60.90000090748072,536.7319293022156,none
135,400,3,RouteScenario_1_3,Completed,route_3_route0_02_12_16_44_26,0,0,0,0,0,0,0,0,0,1,78.99352533935645,vehicle.lincoln.mkz2017,11,100.0,100.0,1.0,120,0,13.500000201165676,126.0760624408722,none
136,399,4,RouteScenario_1_4,Completed,route_4_route0_02_12_16_54_09,0,0,0,0,0,0,0,0,0,1,334.39002329383925,vehicle.lincoln.mkz2017,11,100.0,100.0,1.0,120,0,82.00000122189522,611.3838520050049,none
137,397,5,RouteScenario_1_5,Completed,route_5_route0_02_12_17_14_47,0,0,0,0,0,0,0,0,0,1,326.46289454712144,vehicle.lincoln.mkz2017,11,100.0,100.0,1.0,120,0,100.00000149011612,675.5998406410217,none
138,407,0,RouteScenario_3_0,Completed,route_0_route0_02_12_17_34_25,0,0,0,0,0,0,0,0,0,3,316.4820829944565,vehicle.lincoln.mkz2017,11,100.0,100.0,1.0,120,0,70.50000105053186,478.47589325904846,none
139,402,1,RouteScenario_3_1,Completed,route_1_route0_02_12_17_51_46,0,0,0,0,0,0,0,0,0,3,83.59873826094632,vehicle.lincoln.mkz2017,11,100.0,100.0,1.0,120,0,35.6500005312264,328.47629737854004,none
140,404,2,RouteScenario_3_2,Completed,route_2_route0_02_12_18_03_46,0,0,0,0,0,0,0,0,0,3,310.51499937633105,vehicle.lincoln.mkz2017,11,100.0,100.0,1.0,120,0,96.8000014424324,769.7880249023438,none
141,406,3,RouteScenario_3_3,Completed,route_3_route0_02_12_18_24_08,0,0,0,0,0,0,0,0,0,3,78.99352533935645,vehicle.lincoln.mkz2017,11,100.0,100.0,1.0,120,0,48.0500007160008,452.1082503795624,none
142,405,4,RouteScenario_3_4,Completed,route_4_route0_02_12_18_35_08,0,0,0,0,0,0,0,0,0,3,334.39002329383925,vehicle.lincoln.mkz2017,11,100.0,100.0,1.0,120,0,139.2500020749867,1163.6239428520205,none
143,403,5,RouteScenario_3_5,Completed,route_5_route0_02_12_19_04_53,0,0,0,0,0,0,0,0,0,3,326.46289454712144,vehicle.lincoln.mkz2017,11,100.0,100.0,1.0,120,0,101.90000151842833,803.2041065692902,none
144,455,0,RouteScenario_4_0,Completed,route_0_route0_02_12_19_33_39,0,0,0,0,0,0,0,0,0,4,61.06920292504007,vehicle.lincoln.mkz2017,11,100.0,100.0,1.0,120,0,43.10000064224005,524.7204627990723,none
145,415,1,RouteScenario_4_1,Completed,route_1_route0_02_12_21_11_34,0,0,0,0,0,0,0,0,0,4,55.41616043336074,vehicle.lincoln.mkz2017,11,100.0,100.0,1.0,120,0,22.90000034123659,204.78800892829892,none
146,448,10,RouteScenario_4_10,Completed,route_10_route0_02_12_19_50_46,0,0,0,0,0,0,0,0,0,4,55.2446401601069,vehicle.lincoln.mkz2017,11,100.0,100.0,1.0,120,0,12.4000001847744,106.0125286579132,none
147,435,11,RouteScenario_4_11,Completed,route_11_route0_02_12_19_54_45,0,0,0,0,0,0,0,0,0,4,60.901017691577785,vehicle.lincoln.mkz2017,11,100.0,100.0,1.0,120,0,33.10000049322844,283.3400704860687,none
148,423,12,RouteScenario_4_12,Completed,route_12_route0_02_12_20_03_41,0,0,0,0,0,0,0,0,0,4,60.69758307301105,vehicle.lincoln.mkz2017,11,100.0,100.0,1.0,120,0,39.85000059381128,397.9285068511963,none
149,436,13,RouteScenario_4_13,Completed,route_13_route0_02_12_20_17_58,0,0,0,0,0,0,0,0,0,4,55.04141645760018,vehicle.lincoln.mkz2017,11,100.0,100.0,1.0,120,0,26.05000038817525,247.32438778877255,none
150,445,14,RouteScenario_4_14,Completed,route_14_route0_02_12_20_25_12,0,0,0,0,0,0,0,0,0,4,60.95337258060778,vehicle.lincoln.mkz2017,11,100.0,100.0,1.0,120,0,24.050000358372927,168.6079671382904,none
151,416,15,RouteScenario_4_15,Completed,route_15_route0_02_12_20_31_09,0,0,0,0,0,0,0,0,0,4,55.295861513545525,vehicle.lincoln.mkz2017,11,100.0,100.0,1.0,120,0,13.750000204890966,184.53634452819824,none
152,439,16,RouteScenario_4_16,Completed,route_16_route0_02_12_20_36_57,0,0,0,0,0,0,0,0,0,4,60.91089740578979,vehicle.lincoln.mkz2017,11,100.0,100.0,1.0,120,0,33.80000050365925,220.3721513748169,none
153,432,17,RouteScenario_4_17,Completed,route_17_route0_02_12_20_46_04,0,0,0,0,0,0,0,0,0,4,55.25090884695793,vehicle.lincoln.mkz2017,11,100.0,100.0,1.0,120,0,21.950000327080488,224.88417315483093,none
154,433,18,RouteScenario_4_18,Completed,route_18_route0_02_12_20_52_29,0,0,0,0,0,0,0,0,0,4,61.59830038671384,vehicle.lincoln.mkz2017,11,100.0,100.0,1.0,120,0,46.500000692904,372.3284947872162,none
155,424,19,RouteScenario_4_19,Completed,route_19_route0_02_12_21_05_46,0,0,0,0,0,0,0,0,0,4,55.94493792555948,vehicle.lincoln.mkz2017,11,100.0,100.0,1.0,120,0,27.400000408291817,172.42840814590454,none
156,425,2,RouteScenario_4_2,Completed,route_2_route0_02_12_22_54_19,0,0,0,0,0,0,0,0,0,4,61.09374739316211,vehicle.lincoln.mkz2017,11,100.0,100.0,1.0,120,0,27.750000413507223,424.064227104187,none
157,446,20,RouteScenario_4_20,Completed,route_20_route0_02_12_21_18_54,0,0,0,0,0,0,0,0,0,4,61.16392023319401,vehicle.lincoln.mkz2017,11,100.0,100.0,1.0,120,0,26.90000040084124,169.31642508506775,none
158,449,21,RouteScenario_4_21,Completed,route_21_route0_02_12_21_24_55,0,0,0,0,0,0,0,0,0,4,55.507802941520346,vehicle.lincoln.mkz2017,11,100.0,100.0,1.0,120,0,15.150000225752592,158.95211148262024,none
159,418,22,RouteScenario_4_22,Completed,route_22_route0_02_12_21_29_47,0,0,0,0,0,0,0,0,0,4,60.83781726315381,vehicle.lincoln.mkz2017,11,100.0,100.0,1.0,120,0,39.65000059083104,338.1881096363068,none
160,440,23,RouteScenario_4_23,Completed,route_23_route0_02_12_21_44_32,0,0,0,0,0,0,0,0,0,4,55.1791221263788,vehicle.lincoln.mkz2017,11,100.0,100.0,1.0,120,0,26.850000400096175,155.99603462219238,none
161,420,24,RouteScenario_4_24,Completed,route_24_route0_02_12_21_50_11,0,0,0,0,0,0,0,0,0,4,55.24653262480497,vehicle.lincoln.mkz2017,11,100.0,100.0,1.0,120,0,24.25000036135316,155.17615485191345,none
162,422,25,RouteScenario_4_25,Completed,route_25_route0_02_12_21_56_16,0,0,0,0,0,0,0,0,0,4,60.90306747539447,vehicle.lincoln.mkz2017,11,100.0,100.0,1.0,120,0,47.35000070556998,462.2519578933716,none
163,453,26,RouteScenario_4_26,Completed,route_26_route0_02_12_22_12_07,0,0,0,0,0,0,0,0,0,4,55.19927747263407,vehicle.lincoln.mkz2017,11,100.0,100.0,1.0,120,0,46.60000069439411,425.9243166446686,none
164,412,27,RouteScenario_4_27,Completed,route_27_route0_02_12_22_22_34,0,0,0,0,0,0,0,0,0,4,60.85623744415566,vehicle.lincoln.mkz2017,11,100.0,100.0,1.0,120,0,24.400000363588333,163.99631023406982,none
165,429,28,RouteScenario_4_28,Completed,route_28_route0_02_12_22_28_46,0,0,0,0,0,0,0,0,0,4,61.26539929186665,vehicle.lincoln.mkz2017,11,100.0,100.0,1.0,120,0,27.750000413507223,201.98023319244385,none
166,411,29,RouteScenario_4_29,Completed,route_29_route0_02_12_22_36_23,0,0,0,0,0,0,0,0,0,4,61.58523811688995,vehicle.lincoln.mkz2017,11,100.0,100.0,1.0,120,0,39.00000058114529,458.3643929958344,none
167,447,3,RouteScenario_4_3,Completed,route_3_route0_02_13_00_20_51,0,0,0,0,0,0,0,0,0,4,55.43311785764707,vehicle.lincoln.mkz2017,11,100.0,100.0,1.0,120,0,16.100000239908695,154.14453101158142,none
168,431,30,RouteScenario_4_30,Completed,route_30_route0_02_12_23_07_54,0,0,0,0,0,0,0,0,0,4,55.9272196240984,vehicle.lincoln.mkz2017,11,100.0,100.0,1.0,120,0,29.000000432133675,193.3081097602844,none
169,443,31,RouteScenario_4_31,Completed,route_31_route0_02_12_23_14_37,0,0,0,0,0,0,0,0,0,4,55.61009969298386,vehicle.lincoln.mkz2017,11,100.0,100.0,1.0,120,0,13.050000194460154,151.8483452796936,none
170,452,32,RouteScenario_4_32,Completed,route_32_route0_02_12_23_19_45,0,0,0,0,0,0,0,0,0,4,55.27290728705631,vehicle.lincoln.mkz2017,11,100.0,100.0,1.0,120,0,25.650000382214785,162.14825248718262,none
171,426,33,RouteScenario_4_33,Completed,route_33_route0_02_12_23_26_23,0,0,0,0,0,0,0,0,0,4,60.92802203945554,vehicle.lincoln.mkz2017,11,100.0,100.0,1.0,120,0,42.25000062957406,284.9119324684143,none
172,434,34,RouteScenario_4_34,Completed,route_34_route0_02_12_23_37_26,0,0,0,0,0,0,0,0,0,4,55.2693469423156,vehicle.lincoln.mkz2017,11,100.0,100.0,1.0,120,0,15.70000023394823,212.49595761299133,none
173,419,35,RouteScenario_4_35,Completed,route_35_route0_02_12_23_43_41,0,0,0,0,0,0,0,0,0,4,60.92792055053716,vehicle.lincoln.mkz2017,11,100.0,100.0,1.0,120,0,24.050000358372927,181.69642162323,none
174,417,36,RouteScenario_4_36,Completed,route_36_route0_02_12_23_49_46,0,0,0,0,0,0,0,0,0,4,61.00178018503786,vehicle.lincoln.mkz2017,11,100.0,100.0,1.0,120,0,28.35000042244792,190.02803874015808,none
175,451,37,RouteScenario_4_37,Completed,route_37_route0_02_12_23_56_13,0,0,0,0,0,0,0,0,0,4,55.34447144880457,vehicle.lincoln.mkz2017,11,100.0,100.0,1.0,120,0,33.650000501424074,311.12021946907043,none
176,408,38,RouteScenario_4_38,Completed,route_38_route0_02_13_00_04_25,0,0,0,0,0,0,0,0,0,4,61.94757622419835,vehicle.lincoln.mkz2017,11,100.0,100.0,1.0,120,0,39.75000059232116,261.48042035102844,none
177,444,39,RouteScenario_4_39,Completed,route_39_route0_02_13_00_14_19,0,0,0,0,0,0,0,0,0,4,56.290417613840575,vehicle.lincoln.mkz2017,11,100.0,100.0,1.0,120,0,27.05000040307641,175.5921106338501,none
178,437,4,RouteScenario_4_4,Completed,route_4_route0_02_13_01_46_30,0,0,0,0,0,0,0,0,0,4,54.75607184336737,vehicle.lincoln.mkz2017,11,100.0,100.0,1.0,120,0,52.60000078380108,417.4120354652405,none
179,409,40,RouteScenario_4_40,Completed,route_40_route0_02_13_00_25_54,0,0,0,0,0,0,0,0,0,4,55.71251834771494,vehicle.lincoln.mkz2017,11,100.0,100.0,1.0,120,0,12.600000187754633,127.6192433834076,none
180,450,41,RouteScenario_4_41,Completed,route_41_route0_02_13_00_30_44,0,0,0,0,0,0,0,0,0,4,61.367142631099526,vehicle.lincoln.mkz2017,11,100.0,100.0,1.0,120,0,24.50000036507845,204.49596977233887,none
181,441,42,RouteScenario_4_42,Completed,route_42_route0_02_13_00_38_38,0,0,0,0,0,0,0,0,0,4,56.02666298657788,vehicle.lincoln.mkz2017,11,100.0,100.0,1.0,120,0,28.90000043064356,306.8281345367432,none
182,414,43,RouteScenario_4_43,Completed,route_43_route0_02_13_00_47_58,0,0,0,0,0,0,0,0,0,4,61.68555879782448,vehicle.lincoln.mkz2017,11,100.0,100.0,1.0,120,0,39.35000058636069,376.5199828147888,none
183,410,44,RouteScenario_4_44,Completed,route_44_route0_02_13_01_00_15,0,0,0,0,0,0,0,0,0,4,55.41121556217197,vehicle.lincoln.mkz2017,11,100.0,100.0,1.0,120,0,61.30000091344118,391.6603467464447,none
184,428,45,RouteScenario_4_45,Completed,route_45_route0_02_13_01_10_13,0,0,0,0,0,0,0,0,0,4,61.067938290835365,vehicle.lincoln.mkz2017,11,100.0,100.0,1.0,120,0,42.35000063106418,446.4200789928436,none
185,430,46,RouteScenario_4_46,Completed,route_46_route0_02_13_01_26_45,0,0,0,0,0,0,0,0,0,4,54.91447760482357,vehicle.lincoln.mkz2017,11,100.0,100.0,1.0,120,0,53.00000078976154,371.2445468902588,none
186,413,47,RouteScenario_4_47,Completed,route_47_route0_02_13_01_39_42,0,0,0,0,0,0,0,0,0,4,60.57136272504224,vehicle.lincoln.mkz2017,11,100.0,100.0,1.0,120,0,25.300000376999375,190.6882722377777,none
187,421,5,RouteScenario_4_5,Completed,route_5_route0_02_13_01_56_24,0,0,0,0,0,0,0,0,0,4,55.59823106089415,vehicle.lincoln.mkz2017,11,100.0,100.0,1.0,120,0,28.35000042244792,286.06445384025574,none
188,438,6,RouteScenario_4_6,Completed,route_6_route0_02_13_02_07_44,0,0,0,0,0,0,0,0,0,4,61.25325971366519,vehicle.lincoln.mkz2017,11,100.0,100.0,1.0,120,0,40.20000059902668,344.44409465789795,none
189,427,7,RouteScenario_4_7,Completed,route_7_route0_02_13_02_20_19,0,0,0,0,0,0,0,0,0,4,60.41447692826555,vehicle.lincoln.mkz2017,11,100.0,100.0,1.0,120,0,25.300000376999375,173.7162036895752,none
190,442,8,RouteScenario_4_8,Completed,route_8_route0_02_13_02_27_11,0,0,0,0,0,0,0,0,0,4,61.75131111908178,vehicle.lincoln.mkz2017,11,100.0,100.0,1.0,120,0,39.00000058114529,346.6918933391571,none
191,454,9,RouteScenario_4_9,Completed,route_9_route0_02_13_02_38_27,0,0,0,0,0,0,0,0,0,4,56.094386897300026,vehicle.lincoln.mkz2017,11,100.0,100.0,1.0,120,0,24.350000362843275,173.72025632858276,none
192,479,0,RouteScenario_7_0,Completed,route_0_route0_02_13_02_45_25,0,0,0,0,0,0,0,0,0,7,82.18000091524995,vehicle.lincoln.mkz2017,11,100.0,100.0,1.0,120,0,19.70000029355288,173.32400822639465,none
193,459,1,RouteScenario_7_1,Completed,route_1_route0_02_13_03_05_53,0,0,0,0,0,0,0,0,0,7,82.18000091524995,vehicle.lincoln.mkz2017,11,100.0,100.0,1.0,120,0,19.85000029578805,166.410906791687,none
194,469,16,RouteScenario_7_16,Completed,route_16_route0_02_13_02_52_07,0,0,0,0,0,0,0,0,0,7,83.089996226047,vehicle.lincoln.mkz2017,11,100.0,100.0,1.0,120,0,19.95000029727817,187.4919366836548,none
195,466,17,RouteScenario_7_17,Failed,route_17_route0_02_13_02_58_46,0,0,1,0,0,0,0,0,0,7,83.089996226047,vehicle.lincoln.mkz2017,11,41.18009489380158,24.708056936280947,0.6,120,0,24.850000370293856,178.1804220676422,collisions_vehicle
196,460,22,RouteScenario_7_22,Completed,route_22_route0_02_13_03_13_22,0,0,0,0,0,0,0,0,0,7,82.0000009476335,vehicle.lincoln.mkz2017,11,100.0,100.0,1.0,120,0,21.7000003233552,135.70791459083557,none
197,470,23,RouteScenario_7_23,Failed,route_23_route0_02_13_03_18_22,0,0,1,0,0,0,0,0,0,7,82.0000009476335,vehicle.lincoln.mkz2017,11,42.03830457960543,25.222982747763258,0.6,120,0,28.250000420957804,284.8230392932892,collisions_vehicle
